parameter,value
CostTransformer_inv2,8.175333281359629
CostTransformer_inv1,13717.950417088949
GWP_Transformer2,399.7139843041117
GWP_Transformer1,259737.48895811898
CostLine_inv2,0.014002009746814276
CostLine_inv1,-0.2032603005379519
GWP_Line2,0.2646092278252942
GWP_Line1,23.048564666818592
