time(UTC),Text,Irr,Weekday
1990-01-01 00:00:00+00:00,-7.75,0.0,1
1990-01-01 01:00:00+00:00,-7.23,0.0,1
1990-01-01 02:00:00+00:00,-6.7,0.0,1
1990-01-01 03:00:00+00:00,-6.18,0.0,1
1990-01-01 04:00:00+00:00,-5.66,0.0,1
1990-01-01 05:00:00+00:00,-5.13,0.0,1
1990-01-01 06:00:00+00:00,-4.61,0.0,1
1990-01-01 07:00:00+00:00,-4.08,0.0,1
1990-01-01 08:00:00+00:00,-6.09,21.0,1
1990-01-01 09:00:00+00:00,-6.15,188.0,1
1990-01-01 10:00:00+00:00,-4.82,294.0,1
1990-01-01 11:00:00+00:00,-4.65,307.0,1
1990-01-01 12:00:00+00:00,-4.87,302.0,1
1990-01-01 13:00:00+00:00,-5.07,208.0,1
1990-01-01 14:00:00+00:00,-6.7,74.0,1
1990-01-01 15:00:00+00:00,-7.46,7.0,1
1990-01-01 16:00:00+00:00,-7.32,0.0,1
1990-01-01 17:00:00+00:00,-7.08,0.0,1
1990-01-01 18:00:00+00:00,-6.59,0.0,1
1990-01-01 19:00:00+00:00,-6.23,0.0,1
1990-01-01 20:00:00+00:00,-5.45,0.0,1
1990-01-01 21:00:00+00:00,-5.19,0.0,1
1990-01-01 22:00:00+00:00,-5.76,0.0,1
1990-01-01 23:00:00+00:00,-6.13,0.0,1
1990-01-02 00:00:00+00:00,-5.96,0.0,1
1990-01-02 01:00:00+00:00,-5.93,0.0,1
1990-01-02 02:00:00+00:00,-6.18,0.0,1
1990-01-02 03:00:00+00:00,-6.75,0.0,1
1990-01-02 04:00:00+00:00,-7.16,0.0,1
1990-01-02 05:00:00+00:00,-7.18,0.0,1
1990-01-02 06:00:00+00:00,-6.94,0.0,1
1990-01-02 07:00:00+00:00,-7.18,0.0,1
1990-01-02 08:00:00+00:00,-6.83,21.0,1
1990-01-02 09:00:00+00:00,-6.52,143.0,1
1990-01-02 10:00:00+00:00,-6.13,324.0,1
1990-01-02 11:00:00+00:00,-5.76,382.0,1
1990-01-02 12:00:00+00:00,-5.22,43.0,1
1990-01-02 13:00:00+00:00,-4.98,71.0,1
1990-01-02 14:00:00+00:00,-4.71,95.0,1
1990-01-02 15:00:00+00:00,-4.73,20.0,1
1990-01-02 16:00:00+00:00,-4.87,0.0,1
1990-01-02 17:00:00+00:00,-5.05,0.0,1
1990-01-02 18:00:00+00:00,-5.34,0.0,1
1990-01-02 19:00:00+00:00,-6.05,0.0,1
1990-01-02 20:00:00+00:00,-6.07,0.0,1
1990-01-02 21:00:00+00:00,-5.77,0.0,1
1990-01-02 22:00:00+00:00,-5.44,0.0,1
1990-01-02 23:00:00+00:00,-5.15,0.0,1
1990-01-03 00:00:00+00:00,-4.79,0.0,1
1990-01-03 01:00:00+00:00,-4.06,0.0,1
1990-01-03 02:00:00+00:00,-3.41,0.0,1
1990-01-03 03:00:00+00:00,-3.19,0.0,1
1990-01-03 04:00:00+00:00,-4.24,0.0,1
1990-01-03 05:00:00+00:00,-4.75,0.0,1
1990-01-03 06:00:00+00:00,-3.82,0.0,1
1990-01-03 07:00:00+00:00,-1.18,0.0,1
1990-01-03 08:00:00+00:00,-1.23,41.0,1
1990-01-03 09:00:00+00:00,-0.73,68.0,1
1990-01-03 10:00:00+00:00,-0.89,111.0,1
1990-01-03 11:00:00+00:00,-1.36,51.0,1
1990-01-03 12:00:00+00:00,-2.11,47.0,1
1990-01-03 13:00:00+00:00,-2.54,78.0,1
1990-01-03 14:00:00+00:00,-2.46,83.0,1
1990-01-03 15:00:00+00:00,-2.71,30.0,1
1990-01-03 16:00:00+00:00,-3.11,0.0,1
1990-01-03 17:00:00+00:00,-3.37,0.0,1
1990-01-03 18:00:00+00:00,-3.81,0.0,1
1990-01-03 19:00:00+00:00,-4.21,0.0,1
1990-01-03 20:00:00+00:00,-4.2,0.0,1
1990-01-03 21:00:00+00:00,-4.26,0.0,1
1990-01-03 22:00:00+00:00,-4.12,0.0,1
1990-01-03 23:00:00+00:00,-3.95,0.0,1
1990-01-04 00:00:00+00:00,-3.42,0.0,1
1990-01-04 01:00:00+00:00,-3.18,0.0,1
1990-01-04 02:00:00+00:00,-2.81,0.0,1
1990-01-04 03:00:00+00:00,-2.52,0.0,1
1990-01-04 04:00:00+00:00,-2.29,0.0,1
1990-01-04 05:00:00+00:00,-2.07,0.0,1
1990-01-04 06:00:00+00:00,-1.8,0.0,1
1990-01-04 07:00:00+00:00,-2.24,0.0,1
1990-01-04 08:00:00+00:00,-1.9,21.0,1
1990-01-04 09:00:00+00:00,-1.6,106.0,1
1990-01-04 10:00:00+00:00,-1.2,57.0,1
1990-01-04 11:00:00+00:00,-0.69,56.0,1
1990-01-04 12:00:00+00:00,-0.78,66.0,1
1990-01-04 13:00:00+00:00,-0.42,37.0,1
1990-01-04 14:00:00+00:00,-0.26,23.0,1
1990-01-04 15:00:00+00:00,0.0,14.0,1
1990-01-04 16:00:00+00:00,0.32,0.0,1
1990-01-04 17:00:00+00:00,0.7,0.0,1
1990-01-04 18:00:00+00:00,0.47,0.0,1
1990-01-04 19:00:00+00:00,1.85,0.0,1
1990-01-04 20:00:00+00:00,1.71,0.0,1
1990-01-04 21:00:00+00:00,1.19,0.0,1
1990-01-04 22:00:00+00:00,1.08,0.0,1
1990-01-04 23:00:00+00:00,0.62,0.0,1
1990-01-05 00:00:00+00:00,0.79,0.0,1
1990-01-05 01:00:00+00:00,0.78,0.0,1
1990-01-05 02:00:00+00:00,0.21,0.0,1
1990-01-05 03:00:00+00:00,0.14,0.0,1
1990-01-05 04:00:00+00:00,-0.09,0.0,1
1990-01-05 05:00:00+00:00,-0.57,0.0,1
1990-01-05 06:00:00+00:00,-2.63,0.0,1
1990-01-05 07:00:00+00:00,-3.49,0.0,1
1990-01-05 08:00:00+00:00,-4.5,11.0,1
1990-01-05 09:00:00+00:00,-3.3,90.0,1
1990-01-05 10:00:00+00:00,-1.65,150.0,1
1990-01-05 11:00:00+00:00,-0.05,61.0,1
1990-01-05 12:00:00+00:00,1.12,49.0,1
1990-01-05 13:00:00+00:00,2.04,238.0,1
1990-01-05 14:00:00+00:00,2.79,143.0,1
1990-01-05 15:00:00+00:00,3.03,33.0,1
1990-01-05 16:00:00+00:00,2.71,0.0,1
1990-01-05 17:00:00+00:00,2.04,0.0,1
1990-01-05 18:00:00+00:00,1.56,0.0,1
1990-01-05 19:00:00+00:00,1.09,0.0,1
1990-01-05 20:00:00+00:00,0.95,0.0,1
1990-01-05 21:00:00+00:00,0.85,0.0,1
1990-01-05 22:00:00+00:00,0.86,0.0,1
1990-01-05 23:00:00+00:00,0.8,0.0,1
1990-01-06 00:00:00+00:00,0.64,0.0,0
1990-01-06 01:00:00+00:00,0.2,0.0,0
1990-01-06 02:00:00+00:00,-0.11,0.0,0
1990-01-06 03:00:00+00:00,-0.65,0.0,0
1990-01-06 04:00:00+00:00,-1.02,0.0,0
1990-01-06 05:00:00+00:00,-1.5,0.0,0
1990-01-06 06:00:00+00:00,-1.63,0.0,0
1990-01-06 07:00:00+00:00,-1.47,0.0,0
1990-01-06 08:00:00+00:00,-1.65,45.0,0
1990-01-06 09:00:00+00:00,-1.93,228.0,0
1990-01-06 10:00:00+00:00,-1.33,310.0,0
1990-01-06 11:00:00+00:00,-1.23,379.0,0
1990-01-06 12:00:00+00:00,-0.82,296.0,0
1990-01-06 13:00:00+00:00,-0.41,323.0,0
1990-01-06 14:00:00+00:00,-0.79,185.0,0
1990-01-06 15:00:00+00:00,-1.19,18.0,0
1990-01-06 16:00:00+00:00,-0.55,0.0,0
1990-01-06 17:00:00+00:00,-0.93,0.0,0
1990-01-06 18:00:00+00:00,-0.93,0.0,0
1990-01-06 19:00:00+00:00,-0.79,0.0,0
1990-01-06 20:00:00+00:00,-0.94,0.0,0
1990-01-06 21:00:00+00:00,-1.23,0.0,0
1990-01-06 22:00:00+00:00,-1.22,0.0,0
1990-01-06 23:00:00+00:00,-1.14,0.0,0
1990-01-07 00:00:00+00:00,-1.05,0.0,0
1990-01-07 01:00:00+00:00,-0.62,0.0,0
1990-01-07 02:00:00+00:00,-0.21,0.0,0
1990-01-07 03:00:00+00:00,-0.14,0.0,0
1990-01-07 04:00:00+00:00,-0.13,0.0,0
1990-01-07 05:00:00+00:00,-0.12,0.0,0
1990-01-07 06:00:00+00:00,-0.03,0.0,0
1990-01-07 07:00:00+00:00,-0.43,0.0,0
1990-01-07 08:00:00+00:00,-0.43,46.0,0
1990-01-07 09:00:00+00:00,-0.27,102.0,0
1990-01-07 10:00:00+00:00,0.4,211.0,0
1990-01-07 11:00:00+00:00,0.6,256.0,0
1990-01-07 12:00:00+00:00,0.39,48.0,0
1990-01-07 13:00:00+00:00,0.34,217.0,0
1990-01-07 14:00:00+00:00,0.02,220.0,0
1990-01-07 15:00:00+00:00,0.17,19.0,0
1990-01-07 16:00:00+00:00,-0.08,0.0,0
1990-01-07 17:00:00+00:00,0.11,0.0,0
1990-01-07 18:00:00+00:00,-0.05,0.0,0
1990-01-07 19:00:00+00:00,0.23,0.0,0
1990-01-07 20:00:00+00:00,0.05,0.0,0
1990-01-07 21:00:00+00:00,-0.02,0.0,0
1990-01-07 22:00:00+00:00,-0.12,0.0,0
1990-01-07 23:00:00+00:00,-0.26,0.0,0
1990-01-08 00:00:00+00:00,-0.25,0.0,1
1990-01-08 01:00:00+00:00,-0.64,0.0,1
1990-01-08 02:00:00+00:00,-0.7,0.0,1
1990-01-08 03:00:00+00:00,-0.55,0.0,1
1990-01-08 04:00:00+00:00,-0.54,0.0,1
1990-01-08 05:00:00+00:00,-0.25,0.0,1
1990-01-08 06:00:00+00:00,-0.13,0.0,1
1990-01-08 07:00:00+00:00,-0.65,0.0,1
1990-01-08 08:00:00+00:00,-0.81,23.0,1
1990-01-08 09:00:00+00:00,-0.77,117.0,1
1990-01-08 10:00:00+00:00,-0.31,314.0,1
1990-01-08 11:00:00+00:00,-0.43,230.0,1
1990-01-08 12:00:00+00:00,-0.63,224.0,1
1990-01-08 13:00:00+00:00,-0.64,137.0,1
1990-01-08 14:00:00+00:00,-0.75,48.0,1
1990-01-08 15:00:00+00:00,-0.65,23.0,1
1990-01-08 16:00:00+00:00,-0.62,0.0,1
1990-01-08 17:00:00+00:00,-0.98,0.0,1
1990-01-08 18:00:00+00:00,-0.96,0.0,1
1990-01-08 19:00:00+00:00,-0.48,0.0,1
1990-01-08 20:00:00+00:00,-0.67,0.0,1
1990-01-08 21:00:00+00:00,-1.16,0.0,1
1990-01-08 22:00:00+00:00,-1.37,0.0,1
1990-01-08 23:00:00+00:00,-0.16,0.0,1
1990-01-09 00:00:00+00:00,0.41,0.0,1
1990-01-09 01:00:00+00:00,0.79,0.0,1
1990-01-09 02:00:00+00:00,0.68,0.0,1
1990-01-09 03:00:00+00:00,0.31,0.0,1
1990-01-09 04:00:00+00:00,-0.17,0.0,1
1990-01-09 05:00:00+00:00,-0.59,0.0,1
1990-01-09 06:00:00+00:00,-1.04,0.0,1
1990-01-09 07:00:00+00:00,-0.64,0.0,1
1990-01-09 08:00:00+00:00,-0.74,51.0,1
1990-01-09 09:00:00+00:00,-0.88,148.0,1
1990-01-09 10:00:00+00:00,-0.49,98.0,1
1990-01-09 11:00:00+00:00,-0.41,194.0,1
1990-01-09 12:00:00+00:00,-0.16,278.0,1
1990-01-09 13:00:00+00:00,0.04,228.0,1
1990-01-09 14:00:00+00:00,-0.12,183.0,1
1990-01-09 15:00:00+00:00,-0.5,44.0,1
1990-01-09 16:00:00+00:00,-0.71,0.0,1
1990-01-09 17:00:00+00:00,-1.07,0.0,1
1990-01-09 18:00:00+00:00,-1.59,0.0,1
1990-01-09 19:00:00+00:00,-1.74,0.0,1
1990-01-09 20:00:00+00:00,-1.81,0.0,1
1990-01-09 21:00:00+00:00,-2.24,0.0,1
1990-01-09 22:00:00+00:00,-2.41,0.0,1
1990-01-09 23:00:00+00:00,-2.62,0.0,1
1990-01-10 00:00:00+00:00,-2.59,0.0,1
1990-01-10 01:00:00+00:00,-2.94,0.0,1
1990-01-10 02:00:00+00:00,-3.7,0.0,1
1990-01-10 03:00:00+00:00,-4.95,0.0,1
1990-01-10 04:00:00+00:00,-5.95,0.0,1
1990-01-10 05:00:00+00:00,-7.05,0.0,1
1990-01-10 06:00:00+00:00,-8.91,0.0,1
1990-01-10 07:00:00+00:00,-6.93,0.0,1
1990-01-10 08:00:00+00:00,-6.89,44.0,1
1990-01-10 09:00:00+00:00,-6.16,155.0,1
1990-01-10 10:00:00+00:00,-4.29,212.0,1
1990-01-10 11:00:00+00:00,-2.73,79.0,1
1990-01-10 12:00:00+00:00,-1.62,222.0,1
1990-01-10 13:00:00+00:00,-1.02,196.0,1
1990-01-10 14:00:00+00:00,-0.66,86.0,1
1990-01-10 15:00:00+00:00,-1.2,21.0,1
1990-01-10 16:00:00+00:00,-2.22,0.0,1
1990-01-10 17:00:00+00:00,-3.22,0.0,1
1990-01-10 18:00:00+00:00,-5.28,0.0,1
1990-01-10 19:00:00+00:00,-3.74,0.0,1
1990-01-10 20:00:00+00:00,-4.19,0.0,1
1990-01-10 21:00:00+00:00,-4.59,0.0,1
1990-01-10 22:00:00+00:00,-5.11,0.0,1
1990-01-10 23:00:00+00:00,-5.99,0.0,1
1990-01-11 00:00:00+00:00,-7.56,0.0,1
1990-01-11 01:00:00+00:00,-9.7,0.0,1
1990-01-11 02:00:00+00:00,-10.06,0.0,1
1990-01-11 03:00:00+00:00,-10.44,0.0,1
1990-01-11 04:00:00+00:00,-10.12,0.0,1
1990-01-11 05:00:00+00:00,-10.62,0.0,1
1990-01-11 06:00:00+00:00,-10.86,0.0,1
1990-01-11 07:00:00+00:00,-11.32,0.0,1
1990-01-11 08:00:00+00:00,-10.59,32.0,1
1990-01-11 09:00:00+00:00,-9.58,247.0,1
1990-01-11 10:00:00+00:00,-8.04,298.0,1
1990-01-11 11:00:00+00:00,-6.0,347.0,1
1990-01-11 12:00:00+00:00,-4.36,292.0,1
1990-01-11 13:00:00+00:00,-3.52,316.0,1
1990-01-11 14:00:00+00:00,-3.49,176.0,1
1990-01-11 15:00:00+00:00,-3.8,46.0,1
1990-01-11 16:00:00+00:00,-4.12,0.0,1
1990-01-11 17:00:00+00:00,-4.38,0.0,1
1990-01-11 18:00:00+00:00,-4.48,0.0,1
1990-01-11 19:00:00+00:00,-4.2,0.0,1
1990-01-11 20:00:00+00:00,-4.59,0.0,1
1990-01-11 21:00:00+00:00,-4.85,0.0,1
1990-01-11 22:00:00+00:00,-5.19,0.0,1
1990-01-11 23:00:00+00:00,-6.48,0.0,1
1990-01-12 00:00:00+00:00,-7.64,0.0,1
1990-01-12 01:00:00+00:00,-8.19,0.0,1
1990-01-12 02:00:00+00:00,-9.32,0.0,1
1990-01-12 03:00:00+00:00,-10.75,0.0,1
1990-01-12 04:00:00+00:00,-11.72,0.0,1
1990-01-12 05:00:00+00:00,-12.11,0.0,1
1990-01-12 06:00:00+00:00,-12.27,0.0,1
1990-01-12 07:00:00+00:00,-11.5,0.0,1
1990-01-12 08:00:00+00:00,-11.18,35.0,1
1990-01-12 09:00:00+00:00,-10.4,233.0,1
1990-01-12 10:00:00+00:00,-9.56,303.0,1
1990-01-12 11:00:00+00:00,-8.14,340.0,1
1990-01-12 12:00:00+00:00,-6.4,371.0,1
1990-01-12 13:00:00+00:00,-4.65,331.0,1
1990-01-12 14:00:00+00:00,-4.2,225.0,1
1990-01-12 15:00:00+00:00,-4.5,24.0,1
1990-01-12 16:00:00+00:00,-5.14,0.0,1
1990-01-12 17:00:00+00:00,-5.86,0.0,1
1990-01-12 18:00:00+00:00,-6.49,0.0,1
1990-01-12 19:00:00+00:00,-6.61,0.0,1
1990-01-12 20:00:00+00:00,-7.21,0.0,1
1990-01-12 21:00:00+00:00,-8.1,0.0,1
1990-01-12 22:00:00+00:00,-8.8,0.0,1
1990-01-12 23:00:00+00:00,-9.13,0.0,1
1990-01-13 00:00:00+00:00,-9.56,0.0,0
1990-01-13 01:00:00+00:00,-11.08,0.0,0
1990-01-13 02:00:00+00:00,-12.49,0.0,0
1990-01-13 03:00:00+00:00,-14.71,0.0,0
1990-01-13 04:00:00+00:00,-15.66,0.0,0
1990-01-13 05:00:00+00:00,-15.45,0.0,0
1990-01-13 06:00:00+00:00,-15.24,0.0,0
1990-01-13 07:00:00+00:00,-15.54,0.0,0
1990-01-13 08:00:00+00:00,-15.15,52.0,0
1990-01-13 09:00:00+00:00,-14.25,210.0,0
1990-01-13 10:00:00+00:00,-12.32,282.0,0
1990-01-13 11:00:00+00:00,-10.14,367.0,0
1990-01-13 12:00:00+00:00,-8.23,372.0,0
1990-01-13 13:00:00+00:00,-6.24,331.0,0
1990-01-13 14:00:00+00:00,-6.83,240.0,0
1990-01-13 15:00:00+00:00,-9.23,39.0,0
1990-01-13 16:00:00+00:00,-11.07,0.0,0
1990-01-13 17:00:00+00:00,-13.03,0.0,0
1990-01-13 18:00:00+00:00,-15.72,0.0,0
1990-01-13 19:00:00+00:00,-17.1,0.0,0
1990-01-13 20:00:00+00:00,-17.18,0.0,0
1990-01-13 21:00:00+00:00,-17.17,0.0,0
1990-01-13 22:00:00+00:00,-17.35,0.0,0
1990-01-13 23:00:00+00:00,-17.66,0.0,0
1990-01-14 00:00:00+00:00,-17.43,0.0,0
1990-01-14 01:00:00+00:00,-17.91,0.0,0
1990-01-14 02:00:00+00:00,-17.89,0.0,0
1990-01-14 03:00:00+00:00,-18.27,0.0,0
1990-01-14 04:00:00+00:00,-18.69,0.0,0
1990-01-14 05:00:00+00:00,-18.65,0.0,0
1990-01-14 06:00:00+00:00,-18.95,0.0,0
1990-01-14 07:00:00+00:00,-18.82,0.0,0
1990-01-14 08:00:00+00:00,-18.01,28.0,0
1990-01-14 09:00:00+00:00,-16.83,258.0,0
1990-01-14 10:00:00+00:00,-14.77,281.0,0
1990-01-14 11:00:00+00:00,-12.52,372.0,0
1990-01-14 12:00:00+00:00,-10.42,343.0,0
1990-01-14 13:00:00+00:00,-8.96,358.0,0
1990-01-14 14:00:00+00:00,-9.76,251.0,0
1990-01-14 15:00:00+00:00,-11.4,20.0,0
1990-01-14 16:00:00+00:00,-13.74,0.0,0
1990-01-14 17:00:00+00:00,-16.57,0.0,0
1990-01-14 18:00:00+00:00,-18.4,0.0,0
1990-01-14 19:00:00+00:00,-18.13,0.0,0
1990-01-14 20:00:00+00:00,-19.48,0.0,0
1990-01-14 21:00:00+00:00,-20.11,0.0,0
1990-01-14 22:00:00+00:00,-20.25,0.0,0
1990-01-14 23:00:00+00:00,-20.61,0.0,0
1990-01-15 00:00:00+00:00,-20.54,0.0,1
1990-01-15 01:00:00+00:00,-20.69,0.0,1
1990-01-15 02:00:00+00:00,-21.14,0.0,1
1990-01-15 03:00:00+00:00,-21.03,0.0,1
1990-01-15 04:00:00+00:00,-21.06,0.0,1
1990-01-15 05:00:00+00:00,-21.06,0.0,1
1990-01-15 06:00:00+00:00,-20.38,0.0,1
1990-01-15 07:00:00+00:00,-19.99,0.0,1
1990-01-15 08:00:00+00:00,-19.75,42.0,1
1990-01-15 09:00:00+00:00,-17.59,239.0,1
1990-01-15 10:00:00+00:00,-13.57,332.0,1
1990-01-15 11:00:00+00:00,-9.98,325.0,1
1990-01-15 12:00:00+00:00,-7.47,243.0,1
1990-01-15 13:00:00+00:00,-7.77,203.0,1
1990-01-15 14:00:00+00:00,-8.42,93.0,1
1990-01-15 15:00:00+00:00,-8.87,52.0,1
1990-01-15 16:00:00+00:00,-8.68,0.0,1
1990-01-15 17:00:00+00:00,-9.06,0.0,1
1990-01-15 18:00:00+00:00,-9.78,0.0,1
1990-01-15 19:00:00+00:00,-9.63,0.0,1
1990-01-15 20:00:00+00:00,-10.57,0.0,1
1990-01-15 21:00:00+00:00,-10.5,0.0,1
1990-01-15 22:00:00+00:00,-9.84,0.0,1
1990-01-15 23:00:00+00:00,-9.58,0.0,1
1990-01-16 00:00:00+00:00,-8.9,0.0,1
1990-01-16 01:00:00+00:00,-8.18,0.0,1
1990-01-16 02:00:00+00:00,-7.88,0.0,1
1990-01-16 03:00:00+00:00,-7.79,0.0,1
1990-01-16 04:00:00+00:00,-7.79,0.0,1
1990-01-16 05:00:00+00:00,-7.36,0.0,1
1990-01-16 06:00:00+00:00,-6.76,0.0,1
1990-01-16 07:00:00+00:00,-7.36,0.0,1
1990-01-16 08:00:00+00:00,-7.03,40.0,1
1990-01-16 09:00:00+00:00,-6.4,38.0,1
1990-01-16 10:00:00+00:00,-5.4,44.0,1
1990-01-16 11:00:00+00:00,-4.54,104.0,1
1990-01-16 12:00:00+00:00,-4.46,289.0,1
1990-01-16 13:00:00+00:00,-4.21,219.0,1
1990-01-16 14:00:00+00:00,-3.79,38.0,1
1990-01-16 15:00:00+00:00,-3.43,20.0,1
1990-01-16 16:00:00+00:00,-3.7,0.0,1
1990-01-16 17:00:00+00:00,-4.22,0.0,1
1990-01-16 18:00:00+00:00,-4.16,0.0,1
1990-01-16 19:00:00+00:00,-4.24,0.0,1
1990-01-16 20:00:00+00:00,-4.93,0.0,1
1990-01-16 21:00:00+00:00,-5.96,0.0,1
1990-01-16 22:00:00+00:00,-6.39,0.0,1
1990-01-16 23:00:00+00:00,-6.58,0.0,1
1990-01-17 00:00:00+00:00,-6.99,0.0,1
1990-01-17 01:00:00+00:00,-7.06,0.0,1
1990-01-17 02:00:00+00:00,-7.41,0.0,1
1990-01-17 03:00:00+00:00,-7.3,0.0,1
1990-01-17 04:00:00+00:00,-7.67,0.0,1
1990-01-17 05:00:00+00:00,-8.2,0.0,1
1990-01-17 06:00:00+00:00,-8.53,0.0,1
1990-01-17 07:00:00+00:00,-8.38,0.0,1
1990-01-17 08:00:00+00:00,-8.78,51.0,1
1990-01-17 09:00:00+00:00,-8.59,47.0,1
1990-01-17 10:00:00+00:00,-8.91,105.0,1
1990-01-17 11:00:00+00:00,-8.73,143.0,1
1990-01-17 12:00:00+00:00,-8.17,65.0,1
1990-01-17 13:00:00+00:00,-8.16,46.0,1
1990-01-17 14:00:00+00:00,-8.34,22.0,1
1990-01-17 15:00:00+00:00,-8.64,46.0,1
1990-01-17 16:00:00+00:00,-9.19,0.0,1
1990-01-17 17:00:00+00:00,-9.25,0.0,1
1990-01-17 18:00:00+00:00,-9.39,0.0,1
1990-01-17 19:00:00+00:00,-8.66,0.0,1
1990-01-17 20:00:00+00:00,-8.76,0.0,1
1990-01-17 21:00:00+00:00,-8.17,0.0,1
1990-01-17 22:00:00+00:00,-8.07,0.0,1
1990-01-17 23:00:00+00:00,-7.71,0.0,1
1990-01-18 00:00:00+00:00,-7.43,0.0,1
1990-01-18 01:00:00+00:00,-7.4,0.0,1
1990-01-18 02:00:00+00:00,-7.23,0.0,1
1990-01-18 03:00:00+00:00,-7.1,0.0,1
1990-01-18 04:00:00+00:00,-7.54,0.0,1
1990-01-18 05:00:00+00:00,-7.81,0.0,1
1990-01-18 06:00:00+00:00,-7.13,0.0,1
1990-01-18 07:00:00+00:00,-9.14,0.0,1
1990-01-18 08:00:00+00:00,-8.0,37.0,1
1990-01-18 09:00:00+00:00,-7.11,50.0,1
1990-01-18 10:00:00+00:00,-6.62,46.0,1
1990-01-18 11:00:00+00:00,-5.84,66.0,1
1990-01-18 12:00:00+00:00,-4.84,42.0,1
1990-01-18 13:00:00+00:00,-4.74,103.0,1
1990-01-18 14:00:00+00:00,-4.27,75.0,1
1990-01-18 15:00:00+00:00,-3.67,35.0,1
1990-01-18 16:00:00+00:00,-3.54,0.0,1
1990-01-18 17:00:00+00:00,-3.35,0.0,1
1990-01-18 18:00:00+00:00,-3.27,0.0,1
1990-01-18 19:00:00+00:00,-2.45,0.0,1
1990-01-18 20:00:00+00:00,-2.22,0.0,1
1990-01-18 21:00:00+00:00,-2.19,0.0,1
1990-01-18 22:00:00+00:00,-2.12,0.0,1
1990-01-18 23:00:00+00:00,-2.21,0.0,1
1990-01-19 00:00:00+00:00,-2.72,0.0,1
1990-01-19 01:00:00+00:00,-2.68,0.0,1
1990-01-19 02:00:00+00:00,-3.3,0.0,1
1990-01-19 03:00:00+00:00,-3.85,0.0,1
1990-01-19 04:00:00+00:00,-4.59,0.0,1
1990-01-19 05:00:00+00:00,-4.8,0.0,1
1990-01-19 06:00:00+00:00,-4.75,0.0,1
1990-01-19 07:00:00+00:00,-4.0,0.0,1
1990-01-19 08:00:00+00:00,-4.38,54.0,1
1990-01-19 09:00:00+00:00,-4.99,74.0,1
1990-01-19 10:00:00+00:00,-4.41,205.0,1
1990-01-19 11:00:00+00:00,-4.22,275.0,1
1990-01-19 12:00:00+00:00,-3.86,429.0,1
1990-01-19 13:00:00+00:00,-4.45,253.0,1
1990-01-19 14:00:00+00:00,-4.28,213.0,1
1990-01-19 15:00:00+00:00,-4.33,51.0,1
1990-01-19 16:00:00+00:00,-4.79,0.0,1
1990-01-19 17:00:00+00:00,-5.38,0.0,1
1990-01-19 18:00:00+00:00,-5.71,0.0,1
1990-01-19 19:00:00+00:00,-6.09,0.0,1
1990-01-19 20:00:00+00:00,-5.79,0.0,1
1990-01-19 21:00:00+00:00,-5.8,0.0,1
1990-01-19 22:00:00+00:00,-6.02,0.0,1
1990-01-19 23:00:00+00:00,-6.58,0.0,1
1990-01-20 00:00:00+00:00,-6.74,0.0,0
1990-01-20 01:00:00+00:00,-7.46,0.0,0
1990-01-20 02:00:00+00:00,-7.87,0.0,0
1990-01-20 03:00:00+00:00,-8.77,0.0,0
1990-01-20 04:00:00+00:00,-10.23,0.0,0
1990-01-20 05:00:00+00:00,-11.11,0.0,0
1990-01-20 06:00:00+00:00,-11.58,0.0,0
1990-01-20 07:00:00+00:00,-11.4,0.0,0
1990-01-20 08:00:00+00:00,-10.69,42.0,0
1990-01-20 09:00:00+00:00,-9.68,77.0,0
1990-01-20 10:00:00+00:00,-8.07,177.0,0
1990-01-20 11:00:00+00:00,-7.6,188.0,0
1990-01-20 12:00:00+00:00,-6.71,190.0,0
1990-01-20 13:00:00+00:00,-6.33,192.0,0
1990-01-20 14:00:00+00:00,-6.31,23.0,0
1990-01-20 15:00:00+00:00,-6.61,81.0,0
1990-01-20 16:00:00+00:00,-6.62,0.0,0
1990-01-20 17:00:00+00:00,-6.31,0.0,0
1990-01-20 18:00:00+00:00,-6.04,0.0,0
1990-01-20 19:00:00+00:00,-5.91,0.0,0
1990-01-20 20:00:00+00:00,-5.18,0.0,0
1990-01-20 21:00:00+00:00,-4.2,0.0,0
1990-01-20 22:00:00+00:00,-4.54,0.0,0
1990-01-20 23:00:00+00:00,-5.51,0.0,0
1990-01-21 00:00:00+00:00,-6.03,0.0,0
1990-01-21 01:00:00+00:00,-5.9,0.0,0
1990-01-21 02:00:00+00:00,-5.55,0.0,0
1990-01-21 03:00:00+00:00,-5.19,0.0,0
1990-01-21 04:00:00+00:00,-5.26,0.0,0
1990-01-21 05:00:00+00:00,-5.8,0.0,0
1990-01-21 06:00:00+00:00,-6.18,0.0,0
1990-01-21 07:00:00+00:00,-5.12,0.0,0
1990-01-21 08:00:00+00:00,-4.94,61.0,0
1990-01-21 09:00:00+00:00,-4.84,65.0,0
1990-01-21 10:00:00+00:00,-4.92,146.0,0
1990-01-21 11:00:00+00:00,-4.62,97.0,0
1990-01-21 12:00:00+00:00,-4.25,115.0,0
1990-01-21 13:00:00+00:00,-3.99,61.0,0
1990-01-21 14:00:00+00:00,-3.53,77.0,0
1990-01-21 15:00:00+00:00,-3.33,36.0,0
1990-01-21 16:00:00+00:00,-3.12,0.0,0
1990-01-21 17:00:00+00:00,-2.79,0.0,0
1990-01-21 18:00:00+00:00,-2.55,0.0,0
1990-01-21 19:00:00+00:00,-2.05,0.0,0
1990-01-21 20:00:00+00:00,-1.93,0.0,0
1990-01-21 21:00:00+00:00,-1.87,0.0,0
1990-01-21 22:00:00+00:00,-1.8,0.0,0
1990-01-21 23:00:00+00:00,-1.66,0.0,0
1990-01-22 00:00:00+00:00,-1.5,0.0,1
1990-01-22 01:00:00+00:00,-1.4,0.0,1
1990-01-22 02:00:00+00:00,-1.15,0.0,1
1990-01-22 03:00:00+00:00,-1.05,0.0,1
1990-01-22 04:00:00+00:00,-1.13,0.0,1
1990-01-22 05:00:00+00:00,-1.01,0.0,1
1990-01-22 06:00:00+00:00,-0.86,0.0,1
1990-01-22 07:00:00+00:00,-0.82,0.0,1
1990-01-22 08:00:00+00:00,-0.57,27.0,1
1990-01-22 09:00:00+00:00,-0.43,65.0,1
1990-01-22 10:00:00+00:00,-0.27,73.0,1
1990-01-22 11:00:00+00:00,-0.31,144.0,1
1990-01-22 12:00:00+00:00,-0.15,117.0,1
1990-01-22 13:00:00+00:00,0.14,191.0,1
1990-01-22 14:00:00+00:00,0.23,25.0,1
1990-01-22 15:00:00+00:00,-0.69,51.0,1
1990-01-22 16:00:00+00:00,-0.81,0.0,1
1990-01-22 17:00:00+00:00,-0.41,0.0,1
1990-01-22 18:00:00+00:00,-0.93,0.0,1
1990-01-22 19:00:00+00:00,-0.99,0.0,1
1990-01-22 20:00:00+00:00,-1.17,0.0,1
1990-01-22 21:00:00+00:00,-1.15,0.0,1
1990-01-22 22:00:00+00:00,-0.99,0.0,1
1990-01-22 23:00:00+00:00,-0.98,0.0,1
1990-01-23 00:00:00+00:00,-0.92,0.0,1
1990-01-23 01:00:00+00:00,-0.88,0.0,1
1990-01-23 02:00:00+00:00,-0.71,0.0,1
1990-01-23 03:00:00+00:00,-0.58,0.0,1
1990-01-23 04:00:00+00:00,-0.48,0.0,1
1990-01-23 05:00:00+00:00,-0.54,0.0,1
1990-01-23 06:00:00+00:00,-0.76,0.0,1
1990-01-23 07:00:00+00:00,-0.99,0.0,1
1990-01-23 08:00:00+00:00,-1.03,56.0,1
1990-01-23 09:00:00+00:00,-0.88,260.0,1
1990-01-23 10:00:00+00:00,-0.7,387.0,1
1990-01-23 11:00:00+00:00,0.13,433.0,1
1990-01-23 12:00:00+00:00,1.11,400.0,1
1990-01-23 13:00:00+00:00,1.91,300.0,1
1990-01-23 14:00:00+00:00,2.17,255.0,1
1990-01-23 15:00:00+00:00,1.52,136.0,1
1990-01-23 16:00:00+00:00,0.68,0.0,1
1990-01-23 17:00:00+00:00,-0.24,0.0,1
1990-01-23 18:00:00+00:00,-1.08,0.0,1
1990-01-23 19:00:00+00:00,-1.34,0.0,1
1990-01-23 20:00:00+00:00,-1.81,0.0,1
1990-01-23 21:00:00+00:00,-2.23,0.0,1
1990-01-23 22:00:00+00:00,-2.63,0.0,1
1990-01-23 23:00:00+00:00,-2.97,0.0,1
1990-01-24 00:00:00+00:00,-3.16,0.0,1
1990-01-24 01:00:00+00:00,-3.19,0.0,1
1990-01-24 02:00:00+00:00,-3.28,0.0,1
1990-01-24 03:00:00+00:00,-3.34,0.0,1
1990-01-24 04:00:00+00:00,-3.3,0.0,1
1990-01-24 05:00:00+00:00,-3.1,0.0,1
1990-01-24 06:00:00+00:00,-3.12,0.0,1
1990-01-24 07:00:00+00:00,-3.7,0.0,1
1990-01-24 08:00:00+00:00,-3.56,49.0,1
1990-01-24 09:00:00+00:00,-2.87,284.0,1
1990-01-24 10:00:00+00:00,-0.63,359.0,1
1990-01-24 11:00:00+00:00,1.16,424.0,1
1990-01-24 12:00:00+00:00,2.66,402.0,1
1990-01-24 13:00:00+00:00,3.15,311.0,1
1990-01-24 14:00:00+00:00,2.82,252.0,1
1990-01-24 15:00:00+00:00,2.17,148.0,1
1990-01-24 16:00:00+00:00,1.17,0.0,1
1990-01-24 17:00:00+00:00,-0.06,0.0,1
1990-01-24 18:00:00+00:00,-1.37,0.0,1
1990-01-24 19:00:00+00:00,-1.46,0.0,1
1990-01-24 20:00:00+00:00,-1.94,0.0,1
1990-01-24 21:00:00+00:00,-2.31,0.0,1
1990-01-24 22:00:00+00:00,-2.69,0.0,1
1990-01-24 23:00:00+00:00,-3.12,0.0,1
1990-01-25 00:00:00+00:00,-3.43,0.0,1
1990-01-25 01:00:00+00:00,-3.96,0.0,1
1990-01-25 02:00:00+00:00,-4.42,0.0,1
1990-01-25 03:00:00+00:00,-4.86,0.0,1
1990-01-25 04:00:00+00:00,-5.32,0.0,1
1990-01-25 05:00:00+00:00,-5.67,0.0,1
1990-01-25 06:00:00+00:00,-6.02,0.0,1
1990-01-25 07:00:00+00:00,-6.81,0.0,1
1990-01-25 08:00:00+00:00,-6.76,65.0,1
1990-01-25 09:00:00+00:00,-6.02,269.0,1
1990-01-25 10:00:00+00:00,-3.49,304.0,1
1990-01-25 11:00:00+00:00,-1.98,218.0,1
1990-01-25 12:00:00+00:00,-1.73,394.0,1
1990-01-25 13:00:00+00:00,-1.51,330.0,1
1990-01-25 14:00:00+00:00,-2.04,193.0,1
1990-01-25 15:00:00+00:00,-2.43,53.0,1
1990-01-25 16:00:00+00:00,-2.44,0.0,1
1990-01-25 17:00:00+00:00,-2.6,0.0,1
1990-01-25 18:00:00+00:00,-2.53,0.0,1
1990-01-25 19:00:00+00:00,-3.24,0.0,1
1990-01-25 20:00:00+00:00,-3.14,0.0,1
1990-01-25 21:00:00+00:00,-3.46,0.0,1
1990-01-25 22:00:00+00:00,-3.54,0.0,1
1990-01-25 23:00:00+00:00,-3.44,0.0,1
1990-01-26 00:00:00+00:00,-3.38,0.0,1
1990-01-26 01:00:00+00:00,-3.35,0.0,1
1990-01-26 02:00:00+00:00,-3.63,0.0,1
1990-01-26 03:00:00+00:00,-3.71,0.0,1
1990-01-26 04:00:00+00:00,-3.76,0.0,1
1990-01-26 05:00:00+00:00,-3.63,0.0,1
1990-01-26 06:00:00+00:00,-3.52,0.0,1
1990-01-26 07:00:00+00:00,-3.86,0.0,1
1990-01-26 08:00:00+00:00,-3.7,118.0,1
1990-01-26 09:00:00+00:00,-3.27,98.0,1
1990-01-26 10:00:00+00:00,-2.4,290.0,1
1990-01-26 11:00:00+00:00,-1.65,325.0,1
1990-01-26 12:00:00+00:00,-1.17,315.0,1
1990-01-26 13:00:00+00:00,-0.57,267.0,1
1990-01-26 14:00:00+00:00,-0.21,245.0,1
1990-01-26 15:00:00+00:00,-0.45,126.0,1
1990-01-26 16:00:00+00:00,-0.71,0.0,1
1990-01-26 17:00:00+00:00,-0.99,0.0,1
1990-01-26 18:00:00+00:00,-1.31,0.0,1
1990-01-26 19:00:00+00:00,-1.58,0.0,1
1990-01-26 20:00:00+00:00,-1.59,0.0,1
1990-01-26 21:00:00+00:00,-1.57,0.0,1
1990-01-26 22:00:00+00:00,-1.55,0.0,1
1990-01-26 23:00:00+00:00,-1.51,0.0,1
1990-01-27 00:00:00+00:00,-1.57,0.0,0
1990-01-27 01:00:00+00:00,-1.77,0.0,0
1990-01-27 02:00:00+00:00,-1.82,0.0,0
1990-01-27 03:00:00+00:00,-1.86,0.0,0
1990-01-27 04:00:00+00:00,-2.1,0.0,0
1990-01-27 05:00:00+00:00,-3.13,0.0,0
1990-01-27 06:00:00+00:00,-3.51,0.0,0
1990-01-27 07:00:00+00:00,-4.16,0.0,0
1990-01-27 08:00:00+00:00,-3.7,127.0,0
1990-01-27 09:00:00+00:00,-2.79,267.0,0
1990-01-27 10:00:00+00:00,-0.62,361.0,0
1990-01-27 11:00:00+00:00,0.95,396.0,0
1990-01-27 12:00:00+00:00,1.93,458.0,0
1990-01-27 13:00:00+00:00,2.42,356.0,0
1990-01-27 14:00:00+00:00,2.42,303.0,0
1990-01-27 15:00:00+00:00,1.65,160.0,0
1990-01-27 16:00:00+00:00,0.81,1.0,0
1990-01-27 17:00:00+00:00,-0.2,0.0,0
1990-01-27 18:00:00+00:00,-1.16,0.0,0
1990-01-27 19:00:00+00:00,-2.83,0.0,0
1990-01-27 20:00:00+00:00,-3.43,0.0,0
1990-01-27 21:00:00+00:00,-4.35,0.0,0
1990-01-27 22:00:00+00:00,-5.42,0.0,0
1990-01-27 23:00:00+00:00,-7.19,0.0,0
1990-01-28 00:00:00+00:00,-9.12,0.0,0
1990-01-28 01:00:00+00:00,-11.52,0.0,0
1990-01-28 02:00:00+00:00,-12.26,0.0,0
1990-01-28 03:00:00+00:00,-12.58,0.0,0
1990-01-28 04:00:00+00:00,-12.81,0.0,0
1990-01-28 05:00:00+00:00,-12.8,0.0,0
1990-01-28 06:00:00+00:00,-13.24,0.0,0
1990-01-28 07:00:00+00:00,-12.82,0.0,0
1990-01-28 08:00:00+00:00,-10.92,123.0,0
1990-01-28 09:00:00+00:00,-7.19,278.0,0
1990-01-28 10:00:00+00:00,-5.03,331.0,0
1990-01-28 11:00:00+00:00,-1.93,424.0,0
1990-01-28 12:00:00+00:00,0.45,446.0,0
1990-01-28 13:00:00+00:00,1.19,351.0,0
1990-01-28 14:00:00+00:00,0.66,309.0,0
1990-01-28 15:00:00+00:00,0.05,166.0,0
1990-01-28 16:00:00+00:00,-0.77,3.0,0
1990-01-28 17:00:00+00:00,-1.77,0.0,0
1990-01-28 18:00:00+00:00,-2.65,0.0,0
1990-01-28 19:00:00+00:00,-3.52,0.0,0
1990-01-28 20:00:00+00:00,-3.71,0.0,0
1990-01-28 21:00:00+00:00,-3.88,0.0,0
1990-01-28 22:00:00+00:00,-4.24,0.0,0
1990-01-28 23:00:00+00:00,-4.59,0.0,0
1990-01-29 00:00:00+00:00,-4.87,0.0,1
1990-01-29 01:00:00+00:00,-5.18,0.0,1
1990-01-29 02:00:00+00:00,-5.45,0.0,1
1990-01-29 03:00:00+00:00,-5.71,0.0,1
1990-01-29 04:00:00+00:00,-5.95,0.0,1
1990-01-29 05:00:00+00:00,-6.12,0.0,1
1990-01-29 06:00:00+00:00,-6.33,0.0,1
1990-01-29 07:00:00+00:00,-6.36,0.0,1
1990-01-29 08:00:00+00:00,-6.8,117.0,1
1990-01-29 09:00:00+00:00,-5.85,255.0,1
1990-01-29 10:00:00+00:00,-2.52,383.0,1
1990-01-29 11:00:00+00:00,-0.11,465.0,1
1990-01-29 12:00:00+00:00,1.68,429.0,1
1990-01-29 13:00:00+00:00,2.04,347.0,1
1990-01-29 14:00:00+00:00,1.47,314.0,1
1990-01-29 15:00:00+00:00,0.77,172.0,1
1990-01-29 16:00:00+00:00,-0.19,2.0,1
1990-01-29 17:00:00+00:00,-1.53,0.0,1
1990-01-29 18:00:00+00:00,-2.55,0.0,1
1990-01-29 19:00:00+00:00,-3.27,0.0,1
1990-01-29 20:00:00+00:00,-3.82,0.0,1
1990-01-29 21:00:00+00:00,-4.38,0.0,1
1990-01-29 22:00:00+00:00,-4.94,0.0,1
1990-01-29 23:00:00+00:00,-5.37,0.0,1
1990-01-30 00:00:00+00:00,-5.97,0.0,1
1990-01-30 01:00:00+00:00,-6.6,0.0,1
1990-01-30 02:00:00+00:00,-6.99,0.0,1
1990-01-30 03:00:00+00:00,-7.56,0.0,1
1990-01-30 04:00:00+00:00,-8.12,0.0,1
1990-01-30 05:00:00+00:00,-8.42,0.0,1
1990-01-30 06:00:00+00:00,-8.46,0.0,1
1990-01-30 07:00:00+00:00,-7.83,0.0,1
1990-01-30 08:00:00+00:00,-7.6,116.0,1
1990-01-30 09:00:00+00:00,-6.77,314.0,1
1990-01-30 10:00:00+00:00,-4.54,397.0,1
1990-01-30 11:00:00+00:00,-2.04,471.0,1
1990-01-30 12:00:00+00:00,-0.6,439.0,1
1990-01-30 13:00:00+00:00,-0.02,356.0,1
1990-01-30 14:00:00+00:00,-0.58,285.0,1
1990-01-30 15:00:00+00:00,-1.27,160.0,1
1990-01-30 16:00:00+00:00,-2.31,4.0,1
1990-01-30 17:00:00+00:00,-3.6,0.0,1
1990-01-30 18:00:00+00:00,-4.7,0.0,1
1990-01-30 19:00:00+00:00,-5.0,0.0,1
1990-01-30 20:00:00+00:00,-5.66,0.0,1
1990-01-30 21:00:00+00:00,-6.37,0.0,1
1990-01-30 22:00:00+00:00,-6.94,0.0,1
1990-01-30 23:00:00+00:00,-7.48,0.0,1
1990-01-31 00:00:00+00:00,-7.86,0.0,1
1990-01-31 01:00:00+00:00,-7.89,0.0,1
1990-01-31 02:00:00+00:00,-8.16,0.0,1
1990-01-31 03:00:00+00:00,-8.4,0.0,1
1990-01-31 04:00:00+00:00,-8.72,0.0,1
1990-01-31 05:00:00+00:00,-8.96,0.0,1
1990-01-31 06:00:00+00:00,-9.31,0.0,1
1990-01-31 07:00:00+00:00,-9.3,4.0,1
1990-01-31 08:00:00+00:00,-9.52,113.0,1
1990-01-31 09:00:00+00:00,-7.66,309.0,1
1990-01-31 10:00:00+00:00,-4.17,409.0,1
1990-01-31 11:00:00+00:00,-1.91,464.0,1
1990-01-31 12:00:00+00:00,0.03,424.0,1
1990-01-31 13:00:00+00:00,0.74,122.0,1
1990-01-31 14:00:00+00:00,0.31,220.0,1
1990-01-31 15:00:00+00:00,-0.41,150.0,1
1990-01-31 16:00:00+00:00,-4.49,2.0,1
1990-01-31 17:00:00+00:00,-4.85,0.0,1
1990-01-31 18:00:00+00:00,-5.21,0.0,1
1990-01-31 19:00:00+00:00,-5.57,0.0,1
1990-01-31 20:00:00+00:00,-5.94,0.0,1
1990-01-31 21:00:00+00:00,-6.3,0.0,1
1990-01-31 22:00:00+00:00,-6.66,0.0,1
1990-01-31 23:00:00+00:00,-7.03,0.0,1
1990-02-01 00:00:00+00:00,-7.39,0.0,1
1990-02-01 01:00:00+00:00,-7.75,0.0,1
1990-02-01 02:00:00+00:00,-8.12,0.0,1
1990-02-01 03:00:00+00:00,-8.48,0.0,1
1990-02-01 04:00:00+00:00,-8.84,0.0,1
1990-02-01 05:00:00+00:00,-9.2,0.0,1
1990-02-01 06:00:00+00:00,-9.57,0.0,1
1990-02-01 07:00:00+00:00,-9.93,5.0,1
1990-02-01 08:00:00+00:00,-7.55,119.0,1
1990-02-01 09:00:00+00:00,-6.92,217.0,1
1990-02-01 10:00:00+00:00,-5.97,243.0,1
1990-02-01 11:00:00+00:00,-4.17,336.0,1
1990-02-01 12:00:00+00:00,-3.29,413.0,1
1990-02-01 13:00:00+00:00,-2.29,401.0,1
1990-02-01 14:00:00+00:00,-1.08,270.0,1
1990-02-01 15:00:00+00:00,-0.99,166.0,1
1990-02-01 16:00:00+00:00,-1.29,15.0,1
1990-02-01 17:00:00+00:00,-2.39,0.0,1
1990-02-01 18:00:00+00:00,-3.42,0.0,1
1990-02-01 19:00:00+00:00,-3.82,0.0,1
1990-02-01 20:00:00+00:00,-4.46,0.0,1
1990-02-01 21:00:00+00:00,-4.61,0.0,1
1990-02-01 22:00:00+00:00,-4.58,0.0,1
1990-02-01 23:00:00+00:00,-4.54,0.0,1
1990-02-02 00:00:00+00:00,-4.51,0.0,1
1990-02-02 01:00:00+00:00,-4.54,0.0,1
1990-02-02 02:00:00+00:00,-4.34,0.0,1
1990-02-02 03:00:00+00:00,-4.36,0.0,1
1990-02-02 04:00:00+00:00,-4.56,0.0,1
1990-02-02 05:00:00+00:00,-4.82,0.0,1
1990-02-02 06:00:00+00:00,-4.87,0.0,1
1990-02-02 07:00:00+00:00,-5.13,5.0,1
1990-02-02 08:00:00+00:00,-5.45,172.0,1
1990-02-02 09:00:00+00:00,-5.66,204.0,1
1990-02-02 10:00:00+00:00,-5.64,204.0,1
1990-02-02 11:00:00+00:00,-5.86,253.0,1
1990-02-02 12:00:00+00:00,-6.19,247.0,1
1990-02-02 13:00:00+00:00,-6.23,404.0,1
1990-02-02 14:00:00+00:00,-6.35,336.0,1
1990-02-02 15:00:00+00:00,-5.84,190.0,1
1990-02-02 16:00:00+00:00,-6.01,10.0,1
1990-02-02 17:00:00+00:00,-6.6,0.0,1
1990-02-02 18:00:00+00:00,-7.34,0.0,1
1990-02-02 19:00:00+00:00,-8.51,0.0,1
1990-02-02 20:00:00+00:00,-9.56,0.0,1
1990-02-02 21:00:00+00:00,-11.96,0.0,1
1990-02-02 22:00:00+00:00,-14.24,0.0,1
1990-02-02 23:00:00+00:00,-15.31,0.0,1
1990-02-03 00:00:00+00:00,-15.73,0.0,0
1990-02-03 01:00:00+00:00,-14.92,0.0,0
1990-02-03 02:00:00+00:00,-14.25,0.0,0
1990-02-03 03:00:00+00:00,-13.53,0.0,0
1990-02-03 04:00:00+00:00,-13.11,0.0,0
1990-02-03 05:00:00+00:00,-12.52,0.0,0
1990-02-03 06:00:00+00:00,-11.87,0.0,0
1990-02-03 07:00:00+00:00,-12.67,5.0,0
1990-02-03 08:00:00+00:00,-11.41,149.0,0
1990-02-03 09:00:00+00:00,-9.83,269.0,0
1990-02-03 10:00:00+00:00,-7.62,363.0,0
1990-02-03 11:00:00+00:00,-6.84,383.0,0
1990-02-03 12:00:00+00:00,-6.01,386.0,0
1990-02-03 13:00:00+00:00,-5.54,427.0,0
1990-02-03 14:00:00+00:00,-5.18,355.0,0
1990-02-03 15:00:00+00:00,-5.85,205.0,0
1990-02-03 16:00:00+00:00,-5.9,9.0,0
1990-02-03 17:00:00+00:00,-5.89,0.0,0
1990-02-03 18:00:00+00:00,-5.86,0.0,0
1990-02-03 19:00:00+00:00,-7.09,0.0,0
1990-02-03 20:00:00+00:00,-7.42,0.0,0
1990-02-03 21:00:00+00:00,-7.71,0.0,0
1990-02-03 22:00:00+00:00,-7.85,0.0,0
1990-02-03 23:00:00+00:00,-7.82,0.0,0
1990-02-04 00:00:00+00:00,-7.3,0.0,0
1990-02-04 01:00:00+00:00,-6.94,0.0,0
1990-02-04 02:00:00+00:00,-7.07,0.0,0
1990-02-04 03:00:00+00:00,-7.04,0.0,0
1990-02-04 04:00:00+00:00,-7.62,0.0,0
1990-02-04 05:00:00+00:00,-8.08,0.0,0
1990-02-04 06:00:00+00:00,-8.16,0.0,0
1990-02-04 07:00:00+00:00,-7.83,10.0,0
1990-02-04 08:00:00+00:00,-6.73,122.0,0
1990-02-04 09:00:00+00:00,-6.16,160.0,0
1990-02-04 10:00:00+00:00,-5.82,198.0,0
1990-02-04 11:00:00+00:00,-5.25,165.0,0
1990-02-04 12:00:00+00:00,-4.97,238.0,0
1990-02-04 13:00:00+00:00,-4.79,228.0,0
1990-02-04 14:00:00+00:00,-4.42,133.0,0
1990-02-04 15:00:00+00:00,-4.72,48.0,0
1990-02-04 16:00:00+00:00,-5.32,20.0,0
1990-02-04 17:00:00+00:00,-5.57,0.0,0
1990-02-04 18:00:00+00:00,-5.68,0.0,0
1990-02-04 19:00:00+00:00,-5.72,0.0,0
1990-02-04 20:00:00+00:00,-5.86,0.0,0
1990-02-04 21:00:00+00:00,-5.89,0.0,0
1990-02-04 22:00:00+00:00,-5.98,0.0,0
1990-02-04 23:00:00+00:00,-6.32,0.0,0
1990-02-05 00:00:00+00:00,-6.5,0.0,1
1990-02-05 01:00:00+00:00,-6.82,0.0,1
1990-02-05 02:00:00+00:00,-7.5,0.0,1
1990-02-05 03:00:00+00:00,-8.06,0.0,1
1990-02-05 04:00:00+00:00,-8.5,0.0,1
1990-02-05 05:00:00+00:00,-9.88,0.0,1
1990-02-05 06:00:00+00:00,-11.01,0.0,1
1990-02-05 07:00:00+00:00,-14.18,7.0,1
1990-02-05 08:00:00+00:00,-13.76,154.0,1
1990-02-05 09:00:00+00:00,-11.4,308.0,1
1990-02-05 10:00:00+00:00,-6.24,396.0,1
1990-02-05 11:00:00+00:00,-3.05,314.0,1
1990-02-05 12:00:00+00:00,-1.44,385.0,1
1990-02-05 13:00:00+00:00,-0.93,437.0,1
1990-02-05 14:00:00+00:00,-0.81,353.0,1
1990-02-05 15:00:00+00:00,-1.01,179.0,1
1990-02-05 16:00:00+00:00,-1.37,19.0,1
1990-02-05 17:00:00+00:00,-2.03,0.0,1
1990-02-05 18:00:00+00:00,-2.68,0.0,1
1990-02-05 19:00:00+00:00,-2.49,0.0,1
1990-02-05 20:00:00+00:00,-3.1,0.0,1
1990-02-05 21:00:00+00:00,-3.61,0.0,1
1990-02-05 22:00:00+00:00,-4.11,0.0,1
1990-02-05 23:00:00+00:00,-4.43,0.0,1
1990-02-06 00:00:00+00:00,-4.63,0.0,1
1990-02-06 01:00:00+00:00,-4.45,0.0,1
1990-02-06 02:00:00+00:00,-4.06,0.0,1
1990-02-06 03:00:00+00:00,-3.66,0.0,1
1990-02-06 04:00:00+00:00,-3.25,0.0,1
1990-02-06 05:00:00+00:00,-3.2,0.0,1
1990-02-06 06:00:00+00:00,-3.52,0.0,1
1990-02-06 07:00:00+00:00,-5.92,9.0,1
1990-02-06 08:00:00+00:00,-5.74,87.0,1
1990-02-06 09:00:00+00:00,-3.58,196.0,1
1990-02-06 10:00:00+00:00,-1.7,446.0,1
1990-02-06 11:00:00+00:00,-0.76,382.0,1
1990-02-06 12:00:00+00:00,0.08,510.0,1
1990-02-06 13:00:00+00:00,-0.44,352.0,1
1990-02-06 14:00:00+00:00,-0.32,84.0,1
1990-02-06 15:00:00+00:00,-0.7,34.0,1
1990-02-06 16:00:00+00:00,-1.24,15.0,1
1990-02-06 17:00:00+00:00,-1.52,0.0,1
1990-02-06 18:00:00+00:00,-1.93,0.0,1
1990-02-06 19:00:00+00:00,-2.54,0.0,1
1990-02-06 20:00:00+00:00,-2.57,0.0,1
1990-02-06 21:00:00+00:00,-2.69,0.0,1
1990-02-06 22:00:00+00:00,-2.97,0.0,1
1990-02-06 23:00:00+00:00,-3.48,0.0,1
1990-02-07 00:00:00+00:00,-3.58,0.0,1
1990-02-07 01:00:00+00:00,-4.04,0.0,1
1990-02-07 02:00:00+00:00,-4.06,0.0,1
1990-02-07 03:00:00+00:00,-4.22,0.0,1
1990-02-07 04:00:00+00:00,-4.75,0.0,1
1990-02-07 05:00:00+00:00,-5.34,0.0,1
1990-02-07 06:00:00+00:00,-6.39,0.0,1
1990-02-07 07:00:00+00:00,-8.81,9.0,1
1990-02-07 08:00:00+00:00,-7.68,170.0,1
1990-02-07 09:00:00+00:00,-7.19,241.0,1
1990-02-07 10:00:00+00:00,-4.45,341.0,1
1990-02-07 11:00:00+00:00,-1.42,406.0,1
1990-02-07 12:00:00+00:00,0.07,428.0,1
1990-02-07 13:00:00+00:00,0.79,435.0,1
1990-02-07 14:00:00+00:00,0.85,366.0,1
1990-02-07 15:00:00+00:00,0.38,218.0,1
1990-02-07 16:00:00+00:00,-0.2,14.0,1
1990-02-07 17:00:00+00:00,-1.06,0.0,1
1990-02-07 18:00:00+00:00,-2.08,0.0,1
1990-02-07 19:00:00+00:00,-2.51,0.0,1
1990-02-07 20:00:00+00:00,-3.54,0.0,1
1990-02-07 21:00:00+00:00,-4.39,0.0,1
1990-02-07 22:00:00+00:00,-5.05,0.0,1
1990-02-07 23:00:00+00:00,-5.57,0.0,1
1990-02-08 00:00:00+00:00,-5.97,0.0,1
1990-02-08 01:00:00+00:00,-6.49,0.0,1
1990-02-08 02:00:00+00:00,-6.8,0.0,1
1990-02-08 03:00:00+00:00,-7.1,0.0,1
1990-02-08 04:00:00+00:00,-7.5,0.0,1
1990-02-08 05:00:00+00:00,-7.88,0.0,1
1990-02-08 06:00:00+00:00,-8.22,0.0,1
1990-02-08 07:00:00+00:00,-9.45,11.0,1
1990-02-08 08:00:00+00:00,-7.95,169.0,1
1990-02-08 09:00:00+00:00,-5.59,290.0,1
1990-02-08 10:00:00+00:00,-2.28,389.0,1
1990-02-08 11:00:00+00:00,0.28,402.0,1
1990-02-08 12:00:00+00:00,1.95,463.0,1
1990-02-08 13:00:00+00:00,2.64,446.0,1
1990-02-08 14:00:00+00:00,2.21,372.0,1
1990-02-08 15:00:00+00:00,1.38,224.0,1
1990-02-08 16:00:00+00:00,0.3,16.0,1
1990-02-08 17:00:00+00:00,-1.01,0.0,1
1990-02-08 18:00:00+00:00,-2.34,0.0,1
1990-02-08 19:00:00+00:00,-3.92,0.0,1
1990-02-08 20:00:00+00:00,-4.82,0.0,1
1990-02-08 21:00:00+00:00,-5.52,0.0,1
1990-02-08 22:00:00+00:00,-6.09,0.0,1
1990-02-08 23:00:00+00:00,-6.56,0.0,1
1990-02-09 00:00:00+00:00,-6.93,0.0,1
1990-02-09 01:00:00+00:00,-7.25,0.0,1
1990-02-09 02:00:00+00:00,-7.63,0.0,1
1990-02-09 03:00:00+00:00,-7.96,0.0,1
1990-02-09 04:00:00+00:00,-8.42,0.0,1
1990-02-09 05:00:00+00:00,-8.85,0.0,1
1990-02-09 06:00:00+00:00,-9.35,0.0,1
1990-02-09 07:00:00+00:00,-10.46,12.0,1
1990-02-09 08:00:00+00:00,-9.28,179.0,1
1990-02-09 09:00:00+00:00,-6.53,326.0,1
1990-02-09 10:00:00+00:00,-3.1,427.0,1
1990-02-09 11:00:00+00:00,-0.49,461.0,1
1990-02-09 12:00:00+00:00,1.24,478.0,1
1990-02-09 13:00:00+00:00,1.94,440.0,1
1990-02-09 14:00:00+00:00,1.46,379.0,1
1990-02-09 15:00:00+00:00,0.79,230.0,1
1990-02-09 16:00:00+00:00,-0.19,16.0,1
1990-02-09 17:00:00+00:00,-1.54,0.0,1
1990-02-09 18:00:00+00:00,-2.94,0.0,1
1990-02-09 19:00:00+00:00,-4.78,0.0,1
1990-02-09 20:00:00+00:00,-5.68,0.0,1
1990-02-09 21:00:00+00:00,-6.37,0.0,1
1990-02-09 22:00:00+00:00,-6.95,0.0,1
1990-02-09 23:00:00+00:00,-7.5,0.0,1
1990-02-10 00:00:00+00:00,-7.92,0.0,0
1990-02-10 01:00:00+00:00,-8.27,0.0,0
1990-02-10 02:00:00+00:00,-8.71,0.0,0
1990-02-10 03:00:00+00:00,-9.29,0.0,0
1990-02-10 04:00:00+00:00,-9.67,0.0,0
1990-02-10 05:00:00+00:00,-9.91,0.0,0
1990-02-10 06:00:00+00:00,-10.26,0.0,0
1990-02-10 07:00:00+00:00,-11.81,14.0,0
1990-02-10 08:00:00+00:00,-10.52,191.0,0
1990-02-10 09:00:00+00:00,-7.55,331.0,0
1990-02-10 10:00:00+00:00,-4.11,440.0,0
1990-02-10 11:00:00+00:00,-1.27,466.0,0
1990-02-10 12:00:00+00:00,0.42,518.0,0
1990-02-10 13:00:00+00:00,1.09,441.0,0
1990-02-10 14:00:00+00:00,0.71,378.0,0
1990-02-10 15:00:00+00:00,0.25,200.0,0
1990-02-10 16:00:00+00:00,-0.76,17.0,0
1990-02-10 17:00:00+00:00,-2.24,0.0,0
1990-02-10 18:00:00+00:00,-3.84,0.0,0
1990-02-10 19:00:00+00:00,-5.64,0.0,0
1990-02-10 20:00:00+00:00,-6.71,0.0,0
1990-02-10 21:00:00+00:00,-7.67,0.0,0
1990-02-10 22:00:00+00:00,-8.49,0.0,0
1990-02-10 23:00:00+00:00,-9.17,0.0,0
1990-02-11 00:00:00+00:00,-9.67,0.0,0
1990-02-11 01:00:00+00:00,-9.65,0.0,0
1990-02-11 02:00:00+00:00,-10.36,0.0,0
1990-02-11 03:00:00+00:00,-10.95,0.0,0
1990-02-11 04:00:00+00:00,-11.28,0.0,0
1990-02-11 05:00:00+00:00,-11.3,0.0,0
1990-02-11 06:00:00+00:00,-11.57,0.0,0
1990-02-11 07:00:00+00:00,-12.65,13.0,0
1990-02-11 08:00:00+00:00,-11.68,201.0,0
1990-02-11 09:00:00+00:00,-8.52,354.0,0
1990-02-11 10:00:00+00:00,-4.83,460.0,0
1990-02-11 11:00:00+00:00,-2.02,482.0,0
1990-02-11 12:00:00+00:00,-0.41,489.0,0
1990-02-11 13:00:00+00:00,0.18,456.0,0
1990-02-11 14:00:00+00:00,-0.01,393.0,0
1990-02-11 15:00:00+00:00,-0.72,242.0,0
1990-02-11 16:00:00+00:00,-1.87,18.0,0
1990-02-11 17:00:00+00:00,-3.62,0.0,0
1990-02-11 18:00:00+00:00,-5.48,0.0,0
1990-02-11 19:00:00+00:00,-7.17,0.0,0
1990-02-11 20:00:00+00:00,-8.43,0.0,0
1990-02-11 21:00:00+00:00,-9.4,0.0,0
1990-02-11 22:00:00+00:00,-9.98,0.0,0
1990-02-11 23:00:00+00:00,-10.42,0.0,0
1990-02-12 00:00:00+00:00,-10.78,0.0,1
1990-02-12 01:00:00+00:00,-11.29,0.0,1
1990-02-12 02:00:00+00:00,-11.97,0.0,1
1990-02-12 03:00:00+00:00,-12.52,0.0,1
1990-02-12 04:00:00+00:00,-12.47,0.0,1
1990-02-12 05:00:00+00:00,-12.36,0.0,1
1990-02-12 06:00:00+00:00,-12.28,0.0,1
1990-02-12 07:00:00+00:00,-13.37,26.0,1
1990-02-12 08:00:00+00:00,-12.18,0.0,1
1990-02-12 09:00:00+00:00,-9.05,0.0,1
1990-02-12 10:00:00+00:00,-5.22,0.0,1
1990-02-12 11:00:00+00:00,-2.41,0.0,1
1990-02-12 12:00:00+00:00,-0.54,464.0,1
1990-02-12 13:00:00+00:00,0.16,411.0,1
1990-02-12 14:00:00+00:00,-0.25,398.0,1
1990-02-12 15:00:00+00:00,-1.25,251.0,1
1990-02-12 16:00:00+00:00,-2.64,24.0,1
1990-02-12 17:00:00+00:00,-4.43,0.0,1
1990-02-12 18:00:00+00:00,-6.25,0.0,1
1990-02-12 19:00:00+00:00,-7.43,0.0,1
1990-02-12 20:00:00+00:00,-8.78,0.0,1
1990-02-12 21:00:00+00:00,-10.01,0.0,1
1990-02-12 22:00:00+00:00,-10.84,0.0,1
1990-02-12 23:00:00+00:00,-11.54,0.0,1
1990-02-13 00:00:00+00:00,-11.91,0.0,1
1990-02-13 01:00:00+00:00,-12.66,0.0,1
1990-02-13 02:00:00+00:00,-13.26,0.0,1
1990-02-13 03:00:00+00:00,-13.56,0.0,1
1990-02-13 04:00:00+00:00,-14.04,0.0,1
1990-02-13 05:00:00+00:00,-14.24,0.0,1
1990-02-13 06:00:00+00:00,-14.62,0.0,1
1990-02-13 07:00:00+00:00,-15.88,23.0,1
1990-02-13 08:00:00+00:00,-14.45,209.0,1
1990-02-13 09:00:00+00:00,-10.8,334.0,1
1990-02-13 10:00:00+00:00,-6.54,464.0,1
1990-02-13 11:00:00+00:00,-3.82,470.0,1
1990-02-13 12:00:00+00:00,-1.83,502.0,1
1990-02-13 13:00:00+00:00,-1.03,486.0,1
1990-02-13 14:00:00+00:00,-1.44,0.0,1
1990-02-13 15:00:00+00:00,-2.35,262.0,1
1990-02-13 16:00:00+00:00,-3.68,23.0,1
1990-02-13 17:00:00+00:00,-5.4,0.0,1
1990-02-13 18:00:00+00:00,-7.17,0.0,1
1990-02-13 19:00:00+00:00,-8.68,0.0,1
1990-02-13 20:00:00+00:00,-9.7,0.0,1
1990-02-13 21:00:00+00:00,-10.44,0.0,1
1990-02-13 22:00:00+00:00,-11.06,0.0,1
1990-02-13 23:00:00+00:00,-11.73,0.0,1
1990-02-14 00:00:00+00:00,-12.44,0.0,1
1990-02-14 01:00:00+00:00,-13.18,0.0,1
1990-02-14 02:00:00+00:00,-13.65,0.0,1
1990-02-14 03:00:00+00:00,-14.08,0.0,1
1990-02-14 04:00:00+00:00,-14.38,0.0,1
1990-02-14 05:00:00+00:00,-14.34,0.0,1
1990-02-14 06:00:00+00:00,-14.38,0.0,1
1990-02-14 07:00:00+00:00,-15.44,23.0,1
1990-02-14 08:00:00+00:00,-14.09,223.0,1
1990-02-14 09:00:00+00:00,-10.45,374.0,1
1990-02-14 10:00:00+00:00,-6.48,502.0,1
1990-02-14 11:00:00+00:00,-3.5,533.0,1
1990-02-14 12:00:00+00:00,-1.5,518.0,1
1990-02-14 13:00:00+00:00,-0.76,471.0,1
1990-02-14 14:00:00+00:00,-1.35,428.0,1
1990-02-14 15:00:00+00:00,-2.24,270.0,1
1990-02-14 16:00:00+00:00,-3.51,19.0,1
1990-02-14 17:00:00+00:00,-5.22,0.0,1
1990-02-14 18:00:00+00:00,-6.95,0.0,1
1990-02-14 19:00:00+00:00,-7.87,0.0,1
1990-02-14 20:00:00+00:00,-9.13,0.0,1
1990-02-14 21:00:00+00:00,-10.04,0.0,1
1990-02-14 22:00:00+00:00,-10.75,0.0,1
1990-02-14 23:00:00+00:00,-11.31,0.0,1
1990-02-15 00:00:00+00:00,-11.67,0.0,1
1990-02-15 01:00:00+00:00,-12.26,0.0,1
1990-02-15 02:00:00+00:00,-12.85,0.0,1
1990-02-15 03:00:00+00:00,-13.8,0.0,1
1990-02-15 04:00:00+00:00,-14.37,0.0,1
1990-02-15 05:00:00+00:00,-14.34,0.0,1
1990-02-15 06:00:00+00:00,-14.38,0.0,1
1990-02-15 07:00:00+00:00,-13.19,26.0,1
1990-02-15 08:00:00+00:00,-12.58,232.0,1
1990-02-15 09:00:00+00:00,-9.29,399.0,1
1990-02-15 10:00:00+00:00,-5.27,483.0,1
1990-02-15 11:00:00+00:00,-2.53,542.0,1
1990-02-15 12:00:00+00:00,-0.89,531.0,1
1990-02-15 13:00:00+00:00,-0.2,478.0,1
1990-02-15 14:00:00+00:00,-0.53,419.0,1
1990-02-15 15:00:00+00:00,-1.19,266.0,1
1990-02-15 16:00:00+00:00,-2.13,22.0,1
1990-02-15 17:00:00+00:00,-3.41,0.0,1
1990-02-15 18:00:00+00:00,-4.85,0.0,1
1990-02-15 19:00:00+00:00,-6.55,0.0,1
1990-02-15 20:00:00+00:00,-7.74,0.0,1
1990-02-15 21:00:00+00:00,-8.8,0.0,1
1990-02-15 22:00:00+00:00,-10.23,0.0,1
1990-02-15 23:00:00+00:00,-11.48,0.0,1
1990-02-16 00:00:00+00:00,-12.54,0.0,1
1990-02-16 01:00:00+00:00,-13.84,0.0,1
1990-02-16 02:00:00+00:00,-14.55,0.0,1
1990-02-16 03:00:00+00:00,-15.18,0.0,1
1990-02-16 04:00:00+00:00,-15.68,0.0,1
1990-02-16 05:00:00+00:00,-16.12,0.0,1
1990-02-16 06:00:00+00:00,-16.45,0.0,1
1990-02-16 07:00:00+00:00,-15.43,30.0,1
1990-02-16 08:00:00+00:00,-14.06,227.0,1
1990-02-16 09:00:00+00:00,-9.77,419.0,1
1990-02-16 10:00:00+00:00,-5.77,487.0,1
1990-02-16 11:00:00+00:00,-2.55,543.0,1
1990-02-16 12:00:00+00:00,-0.68,531.0,1
1990-02-16 13:00:00+00:00,-0.1,505.0,1
1990-02-16 14:00:00+00:00,-0.44,439.0,1
1990-02-16 15:00:00+00:00,-0.96,281.0,1
1990-02-16 16:00:00+00:00,-1.59,20.0,1
1990-02-16 17:00:00+00:00,-2.86,0.0,1
1990-02-16 18:00:00+00:00,-4.75,0.0,1
1990-02-16 19:00:00+00:00,-7.32,0.0,1
1990-02-16 20:00:00+00:00,-8.81,0.0,1
1990-02-16 21:00:00+00:00,-9.95,0.0,1
1990-02-16 22:00:00+00:00,-11.08,0.0,1
1990-02-16 23:00:00+00:00,-12.3,0.0,1
1990-02-17 00:00:00+00:00,-13.22,0.0,0
1990-02-17 01:00:00+00:00,-14.53,0.0,0
1990-02-17 02:00:00+00:00,-15.57,0.0,0
1990-02-17 03:00:00+00:00,-16.15,0.0,0
1990-02-17 04:00:00+00:00,-16.39,0.0,0
1990-02-17 05:00:00+00:00,-16.52,0.0,0
1990-02-17 06:00:00+00:00,-16.82,0.0,0
1990-02-17 07:00:00+00:00,-16.43,29.0,0
1990-02-17 08:00:00+00:00,-14.72,234.0,0
1990-02-17 09:00:00+00:00,-10.49,393.0,0
1990-02-17 10:00:00+00:00,-6.18,508.0,0
1990-02-17 11:00:00+00:00,-3.16,585.0,0
1990-02-17 12:00:00+00:00,-1.26,509.0,0
1990-02-17 13:00:00+00:00,-0.62,511.0,0
1990-02-17 14:00:00+00:00,-0.85,440.0,0
1990-02-17 15:00:00+00:00,-1.44,284.0,0
1990-02-17 16:00:00+00:00,-2.1,22.0,0
1990-02-17 17:00:00+00:00,-3.14,0.0,0
1990-02-17 18:00:00+00:00,-4.54,0.0,0
1990-02-17 19:00:00+00:00,-6.2,0.0,0
1990-02-17 20:00:00+00:00,-7.71,0.0,0
1990-02-17 21:00:00+00:00,-8.98,0.0,0
1990-02-17 22:00:00+00:00,-10.02,0.0,0
1990-02-17 23:00:00+00:00,-10.76,0.0,0
1990-02-18 00:00:00+00:00,-11.34,0.0,0
1990-02-18 01:00:00+00:00,-12.1,0.0,0
1990-02-18 02:00:00+00:00,-12.78,0.0,0
1990-02-18 03:00:00+00:00,-13.96,0.0,0
1990-02-18 04:00:00+00:00,-14.6,0.0,0
1990-02-18 05:00:00+00:00,-14.5,0.0,0
1990-02-18 06:00:00+00:00,-14.37,0.0,0
1990-02-18 07:00:00+00:00,-15.23,28.0,0
1990-02-18 08:00:00+00:00,-13.63,232.0,0
1990-02-18 09:00:00+00:00,-9.8,411.0,0
1990-02-18 10:00:00+00:00,-5.88,514.0,0
1990-02-18 11:00:00+00:00,-2.94,559.0,0
1990-02-18 12:00:00+00:00,-1.04,517.0,0
1990-02-18 13:00:00+00:00,-0.28,502.0,0
1990-02-18 14:00:00+00:00,-0.73,451.0,0
1990-02-18 15:00:00+00:00,-1.47,293.0,0
1990-02-18 16:00:00+00:00,-2.57,22.0,0
1990-02-18 17:00:00+00:00,-4.16,0.0,0
1990-02-18 18:00:00+00:00,-5.97,0.0,0
1990-02-18 19:00:00+00:00,-7.93,0.0,0
1990-02-18 20:00:00+00:00,-8.92,0.0,0
1990-02-18 21:00:00+00:00,-9.64,0.0,0
1990-02-18 22:00:00+00:00,-10.13,0.0,0
1990-02-18 23:00:00+00:00,-10.46,0.0,0
1990-02-19 00:00:00+00:00,-10.85,0.0,1
1990-02-19 01:00:00+00:00,-10.93,0.0,1
1990-02-19 02:00:00+00:00,-11.3,0.0,1
1990-02-19 03:00:00+00:00,-11.7,0.0,1
1990-02-19 04:00:00+00:00,-12.58,0.0,1
1990-02-19 05:00:00+00:00,-13.72,0.0,1
1990-02-19 06:00:00+00:00,-14.51,0.0,1
1990-02-19 07:00:00+00:00,-13.48,28.0,1
1990-02-19 08:00:00+00:00,-13.05,251.0,1
1990-02-19 09:00:00+00:00,-9.68,410.0,1
1990-02-19 10:00:00+00:00,-5.23,491.0,1
1990-02-19 11:00:00+00:00,-1.88,519.0,1
1990-02-19 12:00:00+00:00,0.24,485.0,1
1990-02-19 13:00:00+00:00,1.08,542.0,1
1990-02-19 14:00:00+00:00,0.71,461.0,1
1990-02-19 15:00:00+00:00,-0.02,301.0,1
1990-02-19 16:00:00+00:00,-1.46,23.0,1
1990-02-19 17:00:00+00:00,-3.5,0.0,1
1990-02-19 18:00:00+00:00,-5.5,0.0,1
1990-02-19 19:00:00+00:00,-5.72,0.0,1
1990-02-19 20:00:00+00:00,-7.17,0.0,1
1990-02-19 21:00:00+00:00,-8.28,0.0,1
1990-02-19 22:00:00+00:00,-9.26,0.0,1
1990-02-19 23:00:00+00:00,-10.01,0.0,1
1990-02-20 00:00:00+00:00,-10.55,0.0,1
1990-02-20 01:00:00+00:00,-10.84,0.0,1
1990-02-20 02:00:00+00:00,-11.13,0.0,1
1990-02-20 03:00:00+00:00,-11.37,0.0,1
1990-02-20 04:00:00+00:00,-11.68,0.0,1
1990-02-20 05:00:00+00:00,-12.07,0.0,1
1990-02-20 06:00:00+00:00,-12.2,0.0,1
1990-02-20 07:00:00+00:00,-12.18,31.0,1
1990-02-20 08:00:00+00:00,-11.67,178.0,1
1990-02-20 09:00:00+00:00,-8.81,385.0,1
1990-02-20 10:00:00+00:00,-5.13,519.0,1
1990-02-20 11:00:00+00:00,-2.28,573.0,1
1990-02-20 12:00:00+00:00,-0.13,530.0,1
1990-02-20 13:00:00+00:00,0.93,459.0,1
1990-02-20 14:00:00+00:00,0.86,433.0,1
1990-02-20 15:00:00+00:00,0.3,289.0,1
1990-02-20 16:00:00+00:00,-0.52,44.0,1
1990-02-20 17:00:00+00:00,-1.9,0.0,1
1990-02-20 18:00:00+00:00,-3.51,0.0,1
1990-02-20 19:00:00+00:00,-3.91,0.0,1
1990-02-20 20:00:00+00:00,-4.7,0.0,1
1990-02-20 21:00:00+00:00,-5.12,0.0,1
1990-02-20 22:00:00+00:00,-5.46,0.0,1
1990-02-20 23:00:00+00:00,-5.53,0.0,1
1990-02-21 00:00:00+00:00,-5.56,0.0,1
1990-02-21 01:00:00+00:00,-5.97,0.0,1
1990-02-21 02:00:00+00:00,-6.21,0.0,1
1990-02-21 03:00:00+00:00,-6.25,0.0,1
1990-02-21 04:00:00+00:00,-6.07,0.0,1
1990-02-21 05:00:00+00:00,-5.75,0.0,1
1990-02-21 06:00:00+00:00,-5.55,0.0,1
1990-02-21 07:00:00+00:00,-6.38,24.0,1
1990-02-21 08:00:00+00:00,-5.53,235.0,1
1990-02-21 09:00:00+00:00,-4.74,403.0,1
1990-02-21 10:00:00+00:00,-3.26,455.0,1
1990-02-21 11:00:00+00:00,-2.06,530.0,1
1990-02-21 12:00:00+00:00,-0.42,502.0,1
1990-02-21 13:00:00+00:00,0.55,510.0,1
1990-02-21 14:00:00+00:00,1.04,442.0,1
1990-02-21 15:00:00+00:00,1.01,291.0,1
1990-02-21 16:00:00+00:00,0.57,27.0,1
1990-02-21 17:00:00+00:00,0.02,0.0,1
1990-02-21 18:00:00+00:00,-0.6,0.0,1
1990-02-21 19:00:00+00:00,-0.36,0.0,1
1990-02-21 20:00:00+00:00,-1.03,0.0,1
1990-02-21 21:00:00+00:00,-1.81,0.0,1
1990-02-21 22:00:00+00:00,-2.52,0.0,1
1990-02-21 23:00:00+00:00,-3.33,0.0,1
1990-02-22 00:00:00+00:00,-4.17,0.0,1
1990-02-22 01:00:00+00:00,-5.57,0.0,1
1990-02-22 02:00:00+00:00,-6.87,0.0,1
1990-02-22 03:00:00+00:00,-8.66,0.0,1
1990-02-22 04:00:00+00:00,-9.97,0.0,1
1990-02-22 05:00:00+00:00,-10.15,0.0,1
1990-02-22 06:00:00+00:00,-9.85,0.0,1
1990-02-22 07:00:00+00:00,-8.51,36.0,1
1990-02-22 08:00:00+00:00,-6.76,252.0,1
1990-02-22 09:00:00+00:00,-2.96,429.0,1
1990-02-22 10:00:00+00:00,0.44,475.0,1
1990-02-22 11:00:00+00:00,2.54,546.0,1
1990-02-22 12:00:00+00:00,3.38,514.0,1
1990-02-22 13:00:00+00:00,3.8,525.0,1
1990-02-22 14:00:00+00:00,3.99,446.0,1
1990-02-22 15:00:00+00:00,3.7,295.0,1
1990-02-22 16:00:00+00:00,3.1,28.0,1
1990-02-22 17:00:00+00:00,2.13,0.0,1
1990-02-22 18:00:00+00:00,0.91,0.0,1
1990-02-22 19:00:00+00:00,0.49,0.0,1
1990-02-22 20:00:00+00:00,-0.41,0.0,1
1990-02-22 21:00:00+00:00,-1.21,0.0,1
1990-02-22 22:00:00+00:00,-1.86,0.0,1
1990-02-22 23:00:00+00:00,-2.36,0.0,1
1990-02-23 00:00:00+00:00,-2.69,0.0,1
1990-02-23 01:00:00+00:00,-2.32,0.0,1
1990-02-23 02:00:00+00:00,-2.67,0.0,1
1990-02-23 03:00:00+00:00,-3.15,0.0,1
1990-02-23 04:00:00+00:00,-3.7,0.0,1
1990-02-23 05:00:00+00:00,-4.14,0.0,1
1990-02-23 06:00:00+00:00,-4.5,0.0,1
1990-02-23 07:00:00+00:00,-3.84,28.0,1
1990-02-23 08:00:00+00:00,-2.76,279.0,1
1990-02-23 09:00:00+00:00,0.42,436.0,1
1990-02-23 10:00:00+00:00,3.64,551.0,1
1990-02-23 11:00:00+00:00,5.97,609.0,1
1990-02-23 12:00:00+00:00,7.34,485.0,1
1990-02-23 13:00:00+00:00,7.98,517.0,1
1990-02-23 14:00:00+00:00,7.98,453.0,1
1990-02-23 15:00:00+00:00,7.37,301.0,1
1990-02-23 16:00:00+00:00,6.53,29.0,1
1990-02-23 17:00:00+00:00,5.0,0.0,1
1990-02-23 18:00:00+00:00,3.22,0.0,1
1990-02-23 19:00:00+00:00,1.95,0.0,1
1990-02-23 20:00:00+00:00,1.02,0.0,1
1990-02-23 21:00:00+00:00,0.52,0.0,1
1990-02-23 22:00:00+00:00,0.13,0.0,1
1990-02-23 23:00:00+00:00,-0.11,0.0,1
1990-02-24 00:00:00+00:00,-0.27,0.0,0
1990-02-24 01:00:00+00:00,-0.16,0.0,0
1990-02-24 02:00:00+00:00,-0.25,0.0,0
1990-02-24 03:00:00+00:00,-0.38,0.0,0
1990-02-24 04:00:00+00:00,-0.49,0.0,0
1990-02-24 05:00:00+00:00,-0.61,0.0,0
1990-02-24 06:00:00+00:00,-0.77,0.0,0
1990-02-24 07:00:00+00:00,-1.72,40.0,0
1990-02-24 08:00:00+00:00,-1.2,288.0,0
1990-02-24 09:00:00+00:00,1.93,446.0,0
1990-02-24 10:00:00+00:00,4.98,560.0,0
1990-02-24 11:00:00+00:00,6.29,588.0,0
1990-02-24 12:00:00+00:00,7.97,520.0,0
1990-02-24 13:00:00+00:00,9.0,524.0,0
1990-02-24 14:00:00+00:00,9.1,463.0,0
1990-02-24 15:00:00+00:00,8.43,309.0,0
1990-02-24 16:00:00+00:00,7.54,29.0,0
1990-02-24 17:00:00+00:00,5.9,0.0,0
1990-02-24 18:00:00+00:00,4.02,0.0,0
1990-02-24 19:00:00+00:00,2.3,0.0,0
1990-02-24 20:00:00+00:00,1.13,0.0,0
1990-02-24 21:00:00+00:00,0.27,0.0,0
1990-02-24 22:00:00+00:00,-0.05,0.0,0
1990-02-24 23:00:00+00:00,-0.43,0.0,0
1990-02-25 00:00:00+00:00,-0.77,0.0,0
1990-02-25 01:00:00+00:00,-1.26,0.0,0
1990-02-25 02:00:00+00:00,-1.67,0.0,0
1990-02-25 03:00:00+00:00,-2.0,0.0,0
1990-02-25 04:00:00+00:00,-2.05,0.0,0
1990-02-25 05:00:00+00:00,-2.33,0.0,0
1990-02-25 06:00:00+00:00,-2.33,0.0,0
1990-02-25 07:00:00+00:00,-3.71,54.0,0
1990-02-25 08:00:00+00:00,-2.38,284.0,0
1990-02-25 09:00:00+00:00,0.9,389.0,0
1990-02-25 10:00:00+00:00,3.74,438.0,0
1990-02-25 11:00:00+00:00,5.18,567.0,0
1990-02-25 12:00:00+00:00,6.15,518.0,0
1990-02-25 13:00:00+00:00,6.56,517.0,0
1990-02-25 14:00:00+00:00,6.35,465.0,0
1990-02-25 15:00:00+00:00,5.85,307.0,0
1990-02-25 16:00:00+00:00,5.17,44.0,0
1990-02-25 17:00:00+00:00,4.32,0.0,0
1990-02-25 18:00:00+00:00,3.45,0.0,0
1990-02-25 19:00:00+00:00,2.34,0.0,0
1990-02-25 20:00:00+00:00,1.26,0.0,0
1990-02-25 21:00:00+00:00,0.19,0.0,0
1990-02-25 22:00:00+00:00,-0.66,0.0,0
1990-02-25 23:00:00+00:00,-1.3,0.0,0
1990-02-26 00:00:00+00:00,-1.64,0.0,1
1990-02-26 01:00:00+00:00,-1.93,0.0,1
1990-02-26 02:00:00+00:00,-2.33,0.0,1
1990-02-26 03:00:00+00:00,-2.8,0.0,1
1990-02-26 04:00:00+00:00,-3.21,0.0,1
1990-02-26 05:00:00+00:00,-3.5,0.0,1
1990-02-26 06:00:00+00:00,-3.57,0.0,1
1990-02-26 07:00:00+00:00,-3.37,42.0,1
1990-02-26 08:00:00+00:00,-2.01,297.0,1
1990-02-26 09:00:00+00:00,1.03,454.0,1
1990-02-26 10:00:00+00:00,3.31,551.0,1
1990-02-26 11:00:00+00:00,4.19,591.0,1
1990-02-26 12:00:00+00:00,5.15,493.0,1
1990-02-26 13:00:00+00:00,5.18,468.0,1
1990-02-26 14:00:00+00:00,5.15,235.0,1
1990-02-26 15:00:00+00:00,5.24,198.0,1
1990-02-26 16:00:00+00:00,4.68,60.0,1
1990-02-26 17:00:00+00:00,3.75,0.0,1
1990-02-26 18:00:00+00:00,3.06,0.0,1
1990-02-26 19:00:00+00:00,2.47,0.0,1
1990-02-26 20:00:00+00:00,2.03,0.0,1
1990-02-26 21:00:00+00:00,1.77,0.0,1
1990-02-26 22:00:00+00:00,1.47,0.0,1
1990-02-26 23:00:00+00:00,1.01,0.0,1
1990-02-27 00:00:00+00:00,0.68,0.0,1
1990-02-27 01:00:00+00:00,0.38,0.0,1
1990-02-27 02:00:00+00:00,0.2,0.0,1
1990-02-27 03:00:00+00:00,0.15,0.0,1
1990-02-27 04:00:00+00:00,-0.01,0.0,1
1990-02-27 05:00:00+00:00,-0.15,0.0,1
1990-02-27 06:00:00+00:00,-0.47,0.0,1
1990-02-27 07:00:00+00:00,-0.7,59.0,1
1990-02-27 08:00:00+00:00,-0.19,274.0,1
1990-02-27 09:00:00+00:00,1.38,421.0,1
1990-02-27 10:00:00+00:00,1.61,506.0,1
1990-02-27 11:00:00+00:00,1.62,513.0,1
1990-02-27 12:00:00+00:00,1.86,463.0,1
1990-02-27 13:00:00+00:00,2.01,512.0,1
1990-02-27 14:00:00+00:00,1.29,359.0,1
1990-02-27 15:00:00+00:00,1.68,152.0,1
1990-02-27 16:00:00+00:00,1.38,66.0,1
1990-02-27 17:00:00+00:00,0.93,0.0,1
1990-02-27 18:00:00+00:00,0.57,0.0,1
1990-02-27 19:00:00+00:00,0.54,0.0,1
1990-02-27 20:00:00+00:00,0.39,0.0,1
1990-02-27 21:00:00+00:00,0.34,0.0,1
1990-02-27 22:00:00+00:00,0.24,0.0,1
1990-02-27 23:00:00+00:00,0.01,0.0,1
1990-02-28 00:00:00+00:00,-0.42,0.0,1
1990-02-28 01:00:00+00:00,-1.42,0.0,1
1990-02-28 02:00:00+00:00,-2.6,0.0,1
1990-02-28 03:00:00+00:00,-4.32,0.0,1
1990-02-28 04:00:00+00:00,-4.91,0.0,1
1990-02-28 05:00:00+00:00,-5.13,0.0,1
1990-02-28 06:00:00+00:00,-5.47,0.0,1
1990-02-28 07:00:00+00:00,-5.34,54.0,1
1990-02-28 08:00:00+00:00,-4.09,308.0,1
1990-02-28 09:00:00+00:00,-1.11,465.0,1
1990-02-28 10:00:00+00:00,1.84,543.0,1
1990-02-28 11:00:00+00:00,4.56,588.0,1
1990-02-28 12:00:00+00:00,5.38,121.0,1
1990-02-28 13:00:00+00:00,5.18,254.0,1
1990-02-28 14:00:00+00:00,4.8,209.0,1
1990-02-28 15:00:00+00:00,4.53,125.0,1
1990-02-28 16:00:00+00:00,7.51,62.0,1
1990-02-28 17:00:00+00:00,5.59,0.0,1
1990-02-28 18:00:00+00:00,3.66,0.0,1
1990-02-28 19:00:00+00:00,1.74,0.0,1
1990-02-28 20:00:00+00:00,-0.19,0.0,1
1990-02-28 21:00:00+00:00,-2.11,0.0,1
1990-02-28 22:00:00+00:00,-4.03,0.0,1
1990-02-28 23:00:00+00:00,-5.96,0.0,1
1990-03-01 00:00:00+00:00,-7.88,0.0,1
1990-03-01 01:00:00+00:00,-9.81,0.0,1
1990-03-01 02:00:00+00:00,-11.73,0.0,1
1990-03-01 03:00:00+00:00,-13.66,0.0,1
1990-03-01 04:00:00+00:00,-15.58,0.0,1
1990-03-01 05:00:00+00:00,-17.5,0.0,1
1990-03-01 06:00:00+00:00,-19.43,0.0,1
1990-03-01 07:00:00+00:00,-21.35,38.0,1
1990-03-01 08:00:00+00:00,-15.01,270.0,1
1990-03-01 09:00:00+00:00,-12.14,436.0,1
1990-03-01 10:00:00+00:00,-10.35,275.0,1
1990-03-01 11:00:00+00:00,-9.94,348.0,1
1990-03-01 12:00:00+00:00,-9.56,229.0,1
1990-03-01 13:00:00+00:00,-9.28,348.0,1
1990-03-01 14:00:00+00:00,-8.87,290.0,1
1990-03-01 15:00:00+00:00,-8.92,310.0,1
1990-03-01 16:00:00+00:00,-9.36,63.0,1
1990-03-01 17:00:00+00:00,-9.91,0.0,1
1990-03-01 18:00:00+00:00,-10.57,0.0,1
1990-03-01 19:00:00+00:00,-11.22,0.0,1
1990-03-01 20:00:00+00:00,-12.01,0.0,1
1990-03-01 21:00:00+00:00,-12.85,0.0,1
1990-03-01 22:00:00+00:00,-13.9,0.0,1
1990-03-01 23:00:00+00:00,-15.22,0.0,1
1990-03-02 00:00:00+00:00,-17.42,0.0,1
1990-03-02 01:00:00+00:00,-20.04,0.0,1
1990-03-02 02:00:00+00:00,-22.53,0.0,1
1990-03-02 03:00:00+00:00,-22.78,0.0,1
1990-03-02 04:00:00+00:00,-23.25,0.0,1
1990-03-02 05:00:00+00:00,-23.16,0.0,1
1990-03-02 06:00:00+00:00,-22.4,0.0,1
1990-03-02 07:00:00+00:00,-22.18,43.0,1
1990-03-02 08:00:00+00:00,-20.31,330.0,1
1990-03-02 09:00:00+00:00,-16.15,309.0,1
1990-03-02 10:00:00+00:00,-11.84,359.0,1
1990-03-02 11:00:00+00:00,-10.21,271.0,1
1990-03-02 12:00:00+00:00,-10.43,262.0,1
1990-03-02 13:00:00+00:00,-10.58,345.0,1
1990-03-02 14:00:00+00:00,-9.89,189.0,1
1990-03-02 15:00:00+00:00,-9.73,173.0,1
1990-03-02 16:00:00+00:00,-9.47,44.0,1
1990-03-02 17:00:00+00:00,-9.74,0.0,1
1990-03-02 18:00:00+00:00,-10.1,0.0,1
1990-03-02 19:00:00+00:00,-11.36,0.0,1
1990-03-02 20:00:00+00:00,-11.92,0.0,1
1990-03-02 21:00:00+00:00,-12.58,0.0,1
1990-03-02 22:00:00+00:00,-12.92,0.0,1
1990-03-02 23:00:00+00:00,-13.63,0.0,1
1990-03-03 00:00:00+00:00,-13.48,0.0,0
1990-03-03 01:00:00+00:00,-13.21,0.0,0
1990-03-03 02:00:00+00:00,-12.93,0.0,0
1990-03-03 03:00:00+00:00,-12.88,0.0,0
1990-03-03 04:00:00+00:00,-12.26,0.0,0
1990-03-03 05:00:00+00:00,-11.98,0.0,0
1990-03-03 06:00:00+00:00,-11.46,0.0,0
1990-03-03 07:00:00+00:00,-11.02,58.0,0
1990-03-03 08:00:00+00:00,-10.36,183.0,0
1990-03-03 09:00:00+00:00,-8.6,207.0,0
1990-03-03 10:00:00+00:00,-6.26,153.0,0
1990-03-03 11:00:00+00:00,-5.47,182.0,0
1990-03-03 12:00:00+00:00,-4.86,123.0,0
1990-03-03 13:00:00+00:00,-4.03,92.0,0
1990-03-03 14:00:00+00:00,-2.54,84.0,0
1990-03-03 15:00:00+00:00,-3.01,125.0,0
1990-03-03 16:00:00+00:00,-3.67,77.0,0
1990-03-03 17:00:00+00:00,-3.4,0.0,0
1990-03-03 18:00:00+00:00,-3.33,0.0,0
1990-03-03 19:00:00+00:00,-3.67,0.0,0
1990-03-03 20:00:00+00:00,-3.91,0.0,0
1990-03-03 21:00:00+00:00,-3.97,0.0,0
1990-03-03 22:00:00+00:00,-4.04,0.0,0
1990-03-03 23:00:00+00:00,-3.79,0.0,0
1990-03-04 00:00:00+00:00,-3.83,0.0,0
1990-03-04 01:00:00+00:00,-3.42,0.0,0
1990-03-04 02:00:00+00:00,-3.31,0.0,0
1990-03-04 03:00:00+00:00,-3.54,0.0,0
1990-03-04 04:00:00+00:00,-3.82,0.0,0
1990-03-04 05:00:00+00:00,-3.9,0.0,0
1990-03-04 06:00:00+00:00,-3.89,0.0,0
1990-03-04 07:00:00+00:00,-3.18,28.0,0
1990-03-04 08:00:00+00:00,-3.05,61.0,0
1990-03-04 09:00:00+00:00,-2.83,83.0,0
1990-03-04 10:00:00+00:00,-1.99,75.0,0
1990-03-04 11:00:00+00:00,-1.37,90.0,0
1990-03-04 12:00:00+00:00,-1.07,62.0,0
1990-03-04 13:00:00+00:00,-0.32,76.0,0
1990-03-04 14:00:00+00:00,0.02,69.0,0
1990-03-04 15:00:00+00:00,0.22,42.0,0
1990-03-04 16:00:00+00:00,0.07,57.0,0
1990-03-04 17:00:00+00:00,0.35,0.0,0
1990-03-04 18:00:00+00:00,0.32,0.0,0
1990-03-04 19:00:00+00:00,0.57,0.0,0
1990-03-04 20:00:00+00:00,0.38,0.0,0
1990-03-04 21:00:00+00:00,-0.18,0.0,0
1990-03-04 22:00:00+00:00,-0.57,0.0,0
1990-03-04 23:00:00+00:00,-0.66,0.0,0
1990-03-05 00:00:00+00:00,-0.82,0.0,1
1990-03-05 01:00:00+00:00,-1.32,0.0,1
1990-03-05 02:00:00+00:00,-1.49,0.0,1
1990-03-05 03:00:00+00:00,-1.83,0.0,1
1990-03-05 04:00:00+00:00,-2.16,0.0,1
1990-03-05 05:00:00+00:00,-2.97,0.0,1
1990-03-05 06:00:00+00:00,-5.09,0.0,1
1990-03-05 07:00:00+00:00,-6.0,136.0,1
1990-03-05 08:00:00+00:00,-6.15,98.0,1
1990-03-05 09:00:00+00:00,-6.17,86.0,1
1990-03-05 10:00:00+00:00,-5.85,162.0,1
1990-03-05 11:00:00+00:00,-5.95,151.0,1
1990-03-05 12:00:00+00:00,-6.06,79.0,1
1990-03-05 13:00:00+00:00,-6.36,180.0,1
1990-03-05 14:00:00+00:00,-6.45,293.0,1
1990-03-05 15:00:00+00:00,-6.88,255.0,1
1990-03-05 16:00:00+00:00,-7.68,71.0,1
1990-03-05 17:00:00+00:00,-9.0,0.0,1
1990-03-05 18:00:00+00:00,-9.6,0.0,1
1990-03-05 19:00:00+00:00,-10.0,0.0,1
1990-03-05 20:00:00+00:00,-10.69,0.0,1
1990-03-05 21:00:00+00:00,-11.2,0.0,1
1990-03-05 22:00:00+00:00,-11.4,0.0,1
1990-03-05 23:00:00+00:00,-11.48,0.0,1
1990-03-06 00:00:00+00:00,-11.95,0.0,1
1990-03-06 01:00:00+00:00,-12.61,0.0,1
1990-03-06 02:00:00+00:00,-13.34,0.0,1
1990-03-06 03:00:00+00:00,-14.84,0.0,1
1990-03-06 04:00:00+00:00,-16.04,0.0,1
1990-03-06 05:00:00+00:00,-16.76,0.0,1
1990-03-06 06:00:00+00:00,-16.88,0.0,1
1990-03-06 07:00:00+00:00,-15.83,168.0,1
1990-03-06 08:00:00+00:00,-13.84,354.0,1
1990-03-06 09:00:00+00:00,-11.28,516.0,1
1990-03-06 10:00:00+00:00,-10.46,593.0,1
1990-03-06 11:00:00+00:00,-9.67,554.0,1
1990-03-06 12:00:00+00:00,-9.63,270.0,1
1990-03-06 13:00:00+00:00,-9.34,542.0,1
1990-03-06 14:00:00+00:00,-9.04,525.0,1
1990-03-06 15:00:00+00:00,-8.96,256.0,1
1990-03-06 16:00:00+00:00,-9.36,62.0,1
1990-03-06 17:00:00+00:00,-9.41,0.0,1
1990-03-06 18:00:00+00:00,-9.29,0.0,1
1990-03-06 19:00:00+00:00,-9.66,0.0,1
1990-03-06 20:00:00+00:00,-9.8,0.0,1
1990-03-06 21:00:00+00:00,-10.78,0.0,1
1990-03-06 22:00:00+00:00,-10.98,0.0,1
1990-03-06 23:00:00+00:00,-11.09,0.0,1
1990-03-07 00:00:00+00:00,-11.35,0.0,1
1990-03-07 01:00:00+00:00,-12.17,0.0,1
1990-03-07 02:00:00+00:00,-11.47,0.0,1
1990-03-07 03:00:00+00:00,-11.81,0.0,1
1990-03-07 04:00:00+00:00,-12.17,0.0,1
1990-03-07 05:00:00+00:00,-11.95,0.0,1
1990-03-07 06:00:00+00:00,-11.99,0.0,1
1990-03-07 07:00:00+00:00,-11.74,174.0,1
1990-03-07 08:00:00+00:00,-11.46,361.0,1
1990-03-07 09:00:00+00:00,-11.11,514.0,1
1990-03-07 10:00:00+00:00,-10.25,584.0,1
1990-03-07 11:00:00+00:00,-9.47,597.0,1
1990-03-07 12:00:00+00:00,-9.09,456.0,1
1990-03-07 13:00:00+00:00,-8.4,511.0,1
1990-03-07 14:00:00+00:00,-7.66,532.0,1
1990-03-07 15:00:00+00:00,-7.12,372.0,1
1990-03-07 16:00:00+00:00,-7.37,77.0,1
1990-03-07 17:00:00+00:00,-7.66,0.0,1
1990-03-07 18:00:00+00:00,-8.04,0.0,1
1990-03-07 19:00:00+00:00,-8.72,0.0,1
1990-03-07 20:00:00+00:00,-9.11,0.0,1
1990-03-07 21:00:00+00:00,-9.42,0.0,1
1990-03-07 22:00:00+00:00,-9.8,0.0,1
1990-03-07 23:00:00+00:00,-9.98,0.0,1
1990-03-08 00:00:00+00:00,-9.91,0.0,1
1990-03-08 01:00:00+00:00,-10.61,0.0,1
1990-03-08 02:00:00+00:00,-10.43,0.0,1
1990-03-08 03:00:00+00:00,-10.29,0.0,1
1990-03-08 04:00:00+00:00,-10.06,0.0,1
1990-03-08 05:00:00+00:00,-9.76,0.0,1
1990-03-08 06:00:00+00:00,-9.55,0.0,1
1990-03-08 07:00:00+00:00,-9.56,27.0,1
1990-03-08 08:00:00+00:00,-8.68,137.0,1
1990-03-08 09:00:00+00:00,-8.19,123.0,1
1990-03-08 10:00:00+00:00,-5.96,109.0,1
1990-03-08 11:00:00+00:00,-4.22,154.0,1
1990-03-08 12:00:00+00:00,-3.76,103.0,1
1990-03-08 13:00:00+00:00,-3.12,79.0,1
1990-03-08 14:00:00+00:00,-2.75,96.0,1
1990-03-08 15:00:00+00:00,-2.5,53.0,1
1990-03-08 16:00:00+00:00,-2.23,20.0,1
1990-03-08 17:00:00+00:00,-1.97,2.0,1
1990-03-08 18:00:00+00:00,-1.68,0.0,1
1990-03-08 19:00:00+00:00,-1.46,0.0,1
1990-03-08 20:00:00+00:00,-1.25,0.0,1
1990-03-08 21:00:00+00:00,-1.26,0.0,1
1990-03-08 22:00:00+00:00,-1.48,0.0,1
1990-03-08 23:00:00+00:00,-1.23,0.0,1
1990-03-09 00:00:00+00:00,-1.25,0.0,1
1990-03-09 01:00:00+00:00,-1.18,0.0,1
1990-03-09 02:00:00+00:00,-1.42,0.0,1
1990-03-09 03:00:00+00:00,-1.89,0.0,1
1990-03-09 04:00:00+00:00,-2.19,0.0,1
1990-03-09 05:00:00+00:00,-2.35,0.0,1
1990-03-09 06:00:00+00:00,-2.21,5.0,1
1990-03-09 07:00:00+00:00,-1.33,179.0,1
1990-03-09 08:00:00+00:00,-1.12,247.0,1
1990-03-09 09:00:00+00:00,-0.78,355.0,1
1990-03-09 10:00:00+00:00,-0.29,635.0,1
1990-03-09 11:00:00+00:00,0.01,540.0,1
1990-03-09 12:00:00+00:00,-0.23,469.0,1
1990-03-09 13:00:00+00:00,-0.01,639.0,1
1990-03-09 14:00:00+00:00,0.42,388.0,1
1990-03-09 15:00:00+00:00,0.91,164.0,1
1990-03-09 16:00:00+00:00,1.26,88.0,1
1990-03-09 17:00:00+00:00,0.74,9.0,1
1990-03-09 18:00:00+00:00,-0.1,0.0,1
1990-03-09 19:00:00+00:00,0.0,0.0,1
1990-03-09 20:00:00+00:00,-0.28,0.0,1
1990-03-09 21:00:00+00:00,-0.55,0.0,1
1990-03-09 22:00:00+00:00,-0.94,0.0,1
1990-03-09 23:00:00+00:00,-1.67,0.0,1
1990-03-10 00:00:00+00:00,-2.33,0.0,0
1990-03-10 01:00:00+00:00,-2.74,0.0,0
1990-03-10 02:00:00+00:00,-4.72,0.0,0
1990-03-10 03:00:00+00:00,-4.7,0.0,0
1990-03-10 04:00:00+00:00,-5.2,0.0,0
1990-03-10 05:00:00+00:00,-5.55,0.0,0
1990-03-10 06:00:00+00:00,-5.89,8.0,0
1990-03-10 07:00:00+00:00,-5.14,135.0,0
1990-03-10 08:00:00+00:00,-4.74,287.0,0
1990-03-10 09:00:00+00:00,-4.44,253.0,0
1990-03-10 10:00:00+00:00,-4.09,121.0,0
1990-03-10 11:00:00+00:00,-4.64,458.0,0
1990-03-10 12:00:00+00:00,-4.72,303.0,0
1990-03-10 13:00:00+00:00,-4.55,70.0,0
1990-03-10 14:00:00+00:00,-4.69,245.0,0
1990-03-10 15:00:00+00:00,-5.32,163.0,0
1990-03-10 16:00:00+00:00,-6.03,81.0,0
1990-03-10 17:00:00+00:00,-5.86,8.0,0
1990-03-10 18:00:00+00:00,-6.47,0.0,0
1990-03-10 19:00:00+00:00,-6.69,0.0,0
1990-03-10 20:00:00+00:00,-7.19,0.0,0
1990-03-10 21:00:00+00:00,-7.77,0.0,0
1990-03-10 22:00:00+00:00,-8.27,0.0,0
1990-03-10 23:00:00+00:00,-8.89,0.0,0
1990-03-11 00:00:00+00:00,-9.57,0.0,0
1990-03-11 01:00:00+00:00,-10.07,0.0,0
1990-03-11 02:00:00+00:00,-10.44,0.0,0
1990-03-11 03:00:00+00:00,-10.54,0.0,0
1990-03-11 04:00:00+00:00,-10.43,0.0,0
1990-03-11 05:00:00+00:00,-10.4,0.0,0
1990-03-11 06:00:00+00:00,-10.03,8.0,0
1990-03-11 07:00:00+00:00,-8.91,197.0,0
1990-03-11 08:00:00+00:00,-8.0,384.0,0
1990-03-11 09:00:00+00:00,-7.22,545.0,0
1990-03-11 10:00:00+00:00,-7.0,663.0,0
1990-03-11 11:00:00+00:00,-6.3,464.0,0
1990-03-11 12:00:00+00:00,-5.97,248.0,0
1990-03-11 13:00:00+00:00,-6.16,281.0,0
1990-03-11 14:00:00+00:00,-5.94,180.0,0
1990-03-11 15:00:00+00:00,-6.07,247.0,0
1990-03-11 16:00:00+00:00,-6.47,48.0,0
1990-03-11 17:00:00+00:00,-6.77,9.0,0
1990-03-11 18:00:00+00:00,-6.65,0.0,0
1990-03-11 19:00:00+00:00,-7.16,0.0,0
1990-03-11 20:00:00+00:00,-7.19,0.0,0
1990-03-11 21:00:00+00:00,-7.13,0.0,0
1990-03-11 22:00:00+00:00,-7.39,0.0,0
1990-03-11 23:00:00+00:00,-8.02,0.0,0
1990-03-12 00:00:00+00:00,-9.2,0.0,1
1990-03-12 01:00:00+00:00,-9.41,0.0,1
1990-03-12 02:00:00+00:00,-9.61,0.0,1
1990-03-12 03:00:00+00:00,-10.67,0.0,1
1990-03-12 04:00:00+00:00,-11.93,0.0,1
1990-03-12 05:00:00+00:00,-12.83,0.0,1
1990-03-12 06:00:00+00:00,-13.67,2.0,1
1990-03-12 07:00:00+00:00,-13.49,210.0,1
1990-03-12 08:00:00+00:00,-13.21,366.0,1
1990-03-12 09:00:00+00:00,-12.57,565.0,1
1990-03-12 10:00:00+00:00,-12.14,684.0,1
1990-03-12 11:00:00+00:00,-11.65,726.0,1
1990-03-12 12:00:00+00:00,-11.35,684.0,1
1990-03-12 13:00:00+00:00,-11.28,686.0,1
1990-03-12 14:00:00+00:00,-11.37,498.0,1
1990-03-12 15:00:00+00:00,-11.58,404.0,1
1990-03-12 16:00:00+00:00,-12.17,213.0,1
1990-03-12 17:00:00+00:00,-13.14,10.0,1
1990-03-12 18:00:00+00:00,-13.65,0.0,1
1990-03-12 19:00:00+00:00,-13.42,0.0,1
1990-03-12 20:00:00+00:00,-13.94,0.0,1
1990-03-12 21:00:00+00:00,-15.1,0.0,1
1990-03-12 22:00:00+00:00,-16.03,0.0,1
1990-03-12 23:00:00+00:00,-17.12,0.0,1
1990-03-13 00:00:00+00:00,-18.2,0.0,1
1990-03-13 01:00:00+00:00,-19.78,0.0,1
1990-03-13 02:00:00+00:00,-20.58,0.0,1
1990-03-13 03:00:00+00:00,-21.38,0.0,1
1990-03-13 04:00:00+00:00,-21.97,0.0,1
1990-03-13 05:00:00+00:00,-22.07,0.0,1
1990-03-13 06:00:00+00:00,-22.48,10.0,1
1990-03-13 07:00:00+00:00,-22.96,218.0,1
1990-03-13 08:00:00+00:00,-20.4,410.0,1
1990-03-13 09:00:00+00:00,-13.44,575.0,1
1990-03-13 10:00:00+00:00,-9.66,673.0,1
1990-03-13 11:00:00+00:00,-7.18,623.0,1
1990-03-13 12:00:00+00:00,-5.53,603.0,1
1990-03-13 13:00:00+00:00,-4.56,628.0,1
1990-03-13 14:00:00+00:00,-4.18,587.0,1
1990-03-13 15:00:00+00:00,-4.23,419.0,1
1990-03-13 16:00:00+00:00,-4.98,224.0,1
1990-03-13 17:00:00+00:00,-5.78,16.0,1
1990-03-13 18:00:00+00:00,-6.91,0.0,1
1990-03-13 19:00:00+00:00,-8.66,0.0,1
1990-03-13 20:00:00+00:00,-9.99,0.0,1
1990-03-13 21:00:00+00:00,-11.37,0.0,1
1990-03-13 22:00:00+00:00,-12.58,0.0,1
1990-03-13 23:00:00+00:00,-13.51,0.0,1
1990-03-14 00:00:00+00:00,-14.19,0.0,1
1990-03-14 01:00:00+00:00,-14.58,0.0,1
1990-03-14 02:00:00+00:00,-15.01,0.0,1
1990-03-14 03:00:00+00:00,-15.3,0.0,1
1990-03-14 04:00:00+00:00,-15.47,0.0,1
1990-03-14 05:00:00+00:00,-15.62,0.0,1
1990-03-14 06:00:00+00:00,-15.91,12.0,1
1990-03-14 07:00:00+00:00,-16.03,226.0,1
1990-03-14 08:00:00+00:00,-13.25,420.0,1
1990-03-14 09:00:00+00:00,-8.87,0.0,1
1990-03-14 10:00:00+00:00,-4.81,671.0,1
1990-03-14 11:00:00+00:00,-2.23,654.0,1
1990-03-14 12:00:00+00:00,-0.96,609.0,1
1990-03-14 13:00:00+00:00,-0.34,671.0,1
1990-03-14 14:00:00+00:00,-0.15,585.0,1
1990-03-14 15:00:00+00:00,-0.55,419.0,1
1990-03-14 16:00:00+00:00,-1.44,226.0,1
1990-03-14 17:00:00+00:00,-2.16,15.0,1
1990-03-14 18:00:00+00:00,-3.48,0.0,1
1990-03-14 19:00:00+00:00,-5.44,0.0,1
1990-03-14 20:00:00+00:00,-7.17,0.0,1
1990-03-14 21:00:00+00:00,-8.71,0.0,1
1990-03-14 22:00:00+00:00,-9.94,0.0,1
1990-03-14 23:00:00+00:00,-10.9,0.0,1
1990-03-15 00:00:00+00:00,-11.66,0.0,1
1990-03-15 01:00:00+00:00,-12.03,0.0,1
1990-03-15 02:00:00+00:00,-12.55,0.0,1
1990-03-15 03:00:00+00:00,-12.91,0.0,1
1990-03-15 04:00:00+00:00,-13.16,0.0,1
1990-03-15 05:00:00+00:00,-13.65,0.0,1
1990-03-15 06:00:00+00:00,-14.3,15.0,1
1990-03-15 07:00:00+00:00,-15.14,230.0,1
1990-03-15 08:00:00+00:00,-11.76,422.0,1
1990-03-15 09:00:00+00:00,-7.05,586.0,1
1990-03-15 10:00:00+00:00,-2.81,689.0,1
1990-03-15 11:00:00+00:00,-0.37,665.0,1
1990-03-15 12:00:00+00:00,0.43,657.0,1
1990-03-15 13:00:00+00:00,0.69,640.0,1
1990-03-15 14:00:00+00:00,0.61,550.0,1
1990-03-15 15:00:00+00:00,0.15,420.0,1
1990-03-15 16:00:00+00:00,-0.64,228.0,1
1990-03-15 17:00:00+00:00,-1.49,14.0,1
1990-03-15 18:00:00+00:00,-2.52,0.0,1
1990-03-15 19:00:00+00:00,-3.99,0.0,1
1990-03-15 20:00:00+00:00,-5.52,0.0,1
1990-03-15 21:00:00+00:00,-7.19,0.0,1
1990-03-15 22:00:00+00:00,-8.77,0.0,1
1990-03-15 23:00:00+00:00,-10.1,0.0,1
1990-03-16 00:00:00+00:00,-11.09,0.0,1
1990-03-16 01:00:00+00:00,-11.92,0.0,1
1990-03-16 02:00:00+00:00,-12.61,0.0,1
1990-03-16 03:00:00+00:00,-13.28,0.0,1
1990-03-16 04:00:00+00:00,-14.1,0.0,1
1990-03-16 05:00:00+00:00,-15.04,0.0,1
1990-03-16 06:00:00+00:00,-15.9,17.0,1
1990-03-16 07:00:00+00:00,-15.41,232.0,1
1990-03-16 08:00:00+00:00,-11.41,421.0,1
1990-03-16 09:00:00+00:00,-6.88,583.0,1
1990-03-16 10:00:00+00:00,-3.73,700.0,1
1990-03-16 11:00:00+00:00,-2.26,716.0,1
1990-03-16 12:00:00+00:00,-1.37,672.0,1
1990-03-16 13:00:00+00:00,-0.84,530.0,1
1990-03-16 14:00:00+00:00,-0.63,580.0,1
1990-03-16 15:00:00+00:00,-0.82,418.0,1
1990-03-16 16:00:00+00:00,-1.48,228.0,1
1990-03-16 17:00:00+00:00,-2.08,15.0,1
1990-03-16 18:00:00+00:00,-3.12,0.0,1
1990-03-16 19:00:00+00:00,-5.03,0.0,1
1990-03-16 20:00:00+00:00,-6.68,0.0,1
1990-03-16 21:00:00+00:00,-8.29,0.0,1
1990-03-16 22:00:00+00:00,-9.72,0.0,1
1990-03-16 23:00:00+00:00,-10.93,0.0,1
1990-03-17 00:00:00+00:00,-11.97,0.0,0
1990-03-17 01:00:00+00:00,-12.9,0.0,0
1990-03-17 02:00:00+00:00,-13.54,0.0,0
1990-03-17 03:00:00+00:00,-14.17,0.0,0
1990-03-17 04:00:00+00:00,-15.16,0.0,0
1990-03-17 05:00:00+00:00,-15.67,0.0,0
1990-03-17 06:00:00+00:00,-16.03,18.0,0
1990-03-17 07:00:00+00:00,-14.62,243.0,0
1990-03-17 08:00:00+00:00,-11.12,435.0,0
1990-03-17 09:00:00+00:00,-6.38,599.0,0
1990-03-17 10:00:00+00:00,-2.68,717.0,0
1990-03-17 11:00:00+00:00,-0.91,736.0,0
1990-03-17 12:00:00+00:00,-0.08,674.0,0
1990-03-17 13:00:00+00:00,0.38,646.0,0
1990-03-17 14:00:00+00:00,0.52,594.0,0
1990-03-17 15:00:00+00:00,0.3,429.0,0
1990-03-17 16:00:00+00:00,-0.44,237.0,0
1990-03-17 17:00:00+00:00,-1.03,16.0,0
1990-03-17 18:00:00+00:00,-1.98,0.0,0
1990-03-17 19:00:00+00:00,-3.86,0.0,0
1990-03-17 20:00:00+00:00,-5.72,0.0,0
1990-03-17 21:00:00+00:00,-7.37,0.0,0
1990-03-17 22:00:00+00:00,-8.81,0.0,0
1990-03-17 23:00:00+00:00,-10.13,0.0,0
1990-03-18 00:00:00+00:00,-11.42,0.0,0
1990-03-18 01:00:00+00:00,-12.85,0.0,0
1990-03-18 02:00:00+00:00,-13.89,0.0,0
1990-03-18 03:00:00+00:00,-15.43,0.0,0
1990-03-18 04:00:00+00:00,-16.31,0.0,0
1990-03-18 05:00:00+00:00,-17.03,0.0,0
1990-03-18 06:00:00+00:00,-17.57,20.0,0
1990-03-18 07:00:00+00:00,-15.92,248.0,0
1990-03-18 08:00:00+00:00,-11.94,439.0,0
1990-03-18 09:00:00+00:00,-6.03,603.0,0
1990-03-18 10:00:00+00:00,-2.6,647.0,0
1990-03-18 11:00:00+00:00,0.0,698.0,0
1990-03-18 12:00:00+00:00,1.44,664.0,0
1990-03-18 13:00:00+00:00,2.28,674.0,0
1990-03-18 14:00:00+00:00,2.5,597.0,0
1990-03-18 15:00:00+00:00,2.32,432.0,0
1990-03-18 16:00:00+00:00,1.19,240.0,0
1990-03-18 17:00:00+00:00,0.34,18.0,0
1990-03-18 18:00:00+00:00,-0.77,0.0,0
1990-03-18 19:00:00+00:00,-2.45,0.0,0
1990-03-18 20:00:00+00:00,-3.36,0.0,0
1990-03-18 21:00:00+00:00,-4.09,0.0,0
1990-03-18 22:00:00+00:00,-4.6,0.0,0
1990-03-18 23:00:00+00:00,-4.65,0.0,0
1990-03-19 00:00:00+00:00,-4.79,0.0,1
1990-03-19 01:00:00+00:00,-4.91,0.0,1
1990-03-19 02:00:00+00:00,-4.98,0.0,1
1990-03-19 03:00:00+00:00,-5.24,0.0,1
1990-03-19 04:00:00+00:00,-5.85,0.0,1
1990-03-19 05:00:00+00:00,-6.39,0.0,1
1990-03-19 06:00:00+00:00,-6.9,21.0,1
1990-03-19 07:00:00+00:00,-7.91,224.0,1
1990-03-19 08:00:00+00:00,-5.5,408.0,1
1990-03-19 09:00:00+00:00,-2.87,588.0,1
1990-03-19 10:00:00+00:00,-0.17,696.0,1
1990-03-19 11:00:00+00:00,1.83,645.0,1
1990-03-19 12:00:00+00:00,3.41,597.0,1
1990-03-19 13:00:00+00:00,4.03,674.0,1
1990-03-19 14:00:00+00:00,4.31,581.0,1
1990-03-19 15:00:00+00:00,4.21,292.0,1
1990-03-19 16:00:00+00:00,3.69,196.0,1
1990-03-19 17:00:00+00:00,3.13,25.0,1
1990-03-19 18:00:00+00:00,2.07,0.0,1
1990-03-19 19:00:00+00:00,-0.08,0.0,1
1990-03-19 20:00:00+00:00,-0.87,0.0,1
1990-03-19 21:00:00+00:00,-1.62,0.0,1
1990-03-19 22:00:00+00:00,-2.21,0.0,1
1990-03-19 23:00:00+00:00,-2.67,0.0,1
1990-03-20 00:00:00+00:00,-2.91,0.0,1
1990-03-20 01:00:00+00:00,-3.01,0.0,1
1990-03-20 02:00:00+00:00,-3.3,0.0,1
1990-03-20 03:00:00+00:00,-3.68,0.0,1
1990-03-20 04:00:00+00:00,-4.06,0.0,1
1990-03-20 05:00:00+00:00,-4.61,0.0,1
1990-03-20 06:00:00+00:00,-5.46,30.0,1
1990-03-20 07:00:00+00:00,-5.38,249.0,1
1990-03-20 08:00:00+00:00,-2.88,435.0,1
1990-03-20 09:00:00+00:00,0.19,593.0,1
1990-03-20 10:00:00+00:00,2.71,676.0,1
1990-03-20 11:00:00+00:00,3.8,523.0,1
1990-03-20 12:00:00+00:00,4.27,506.0,1
1990-03-20 13:00:00+00:00,4.66,0.0,1
1990-03-20 14:00:00+00:00,4.74,337.0,1
1990-03-20 15:00:00+00:00,4.07,331.0,1
1990-03-20 16:00:00+00:00,3.44,166.0,1
1990-03-20 17:00:00+00:00,2.94,21.0,1
1990-03-20 18:00:00+00:00,2.45,0.0,1
1990-03-20 19:00:00+00:00,2.27,0.0,1
1990-03-20 20:00:00+00:00,1.43,0.0,1
1990-03-20 21:00:00+00:00,0.8,0.0,1
1990-03-20 22:00:00+00:00,0.28,0.0,1
1990-03-20 23:00:00+00:00,-0.07,0.0,1
1990-03-21 00:00:00+00:00,-0.42,0.0,1
1990-03-21 01:00:00+00:00,-0.95,0.0,1
1990-03-21 02:00:00+00:00,-1.62,0.0,1
1990-03-21 03:00:00+00:00,-2.26,0.0,1
1990-03-21 04:00:00+00:00,-3.12,0.0,1
1990-03-21 05:00:00+00:00,-3.9,0.0,1
1990-03-21 06:00:00+00:00,-4.35,36.0,1
1990-03-21 07:00:00+00:00,-5.16,127.0,1
1990-03-21 08:00:00+00:00,-3.07,300.0,1
1990-03-21 09:00:00+00:00,-0.85,240.0,1
1990-03-21 10:00:00+00:00,0.79,350.0,1
1990-03-21 11:00:00+00:00,1.9,417.0,1
1990-03-21 12:00:00+00:00,2.43,685.0,1
1990-03-21 13:00:00+00:00,2.71,408.0,1
1990-03-21 14:00:00+00:00,2.16,259.0,1
1990-03-21 15:00:00+00:00,1.87,80.0,1
1990-03-21 16:00:00+00:00,1.8,196.0,1
1990-03-21 17:00:00+00:00,1.83,16.0,1
1990-03-21 18:00:00+00:00,1.44,0.0,1
1990-03-21 19:00:00+00:00,1.2,0.0,1
1990-03-21 20:00:00+00:00,0.42,0.0,1
1990-03-21 21:00:00+00:00,-1.05,0.0,1
1990-03-21 22:00:00+00:00,-2.59,0.0,1
1990-03-21 23:00:00+00:00,-3.66,0.0,1
1990-03-22 00:00:00+00:00,-4.92,0.0,1
1990-03-22 01:00:00+00:00,-6.04,0.0,1
1990-03-22 02:00:00+00:00,-6.93,0.0,1
1990-03-22 03:00:00+00:00,-7.03,0.0,1
1990-03-22 04:00:00+00:00,-7.44,0.0,1
1990-03-22 05:00:00+00:00,-8.88,0.0,1
1990-03-22 06:00:00+00:00,-9.35,6.0,1
1990-03-22 07:00:00+00:00,-6.81,261.0,1
1990-03-22 08:00:00+00:00,-3.93,282.0,1
1990-03-22 09:00:00+00:00,-0.75,390.0,1
1990-03-22 10:00:00+00:00,1.86,437.0,1
1990-03-22 11:00:00+00:00,3.24,745.0,1
1990-03-22 12:00:00+00:00,3.64,543.0,1
1990-03-22 13:00:00+00:00,3.77,325.0,1
1990-03-22 14:00:00+00:00,3.3,301.0,1
1990-03-22 15:00:00+00:00,2.43,248.0,1
1990-03-22 16:00:00+00:00,2.52,234.0,1
1990-03-22 17:00:00+00:00,2.43,24.0,1
1990-03-22 18:00:00+00:00,1.58,0.0,1
1990-03-22 19:00:00+00:00,0.32,0.0,1
1990-03-22 20:00:00+00:00,-0.11,0.0,1
1990-03-22 21:00:00+00:00,-0.34,0.0,1
1990-03-22 22:00:00+00:00,-0.65,0.0,1
1990-03-22 23:00:00+00:00,-1.06,0.0,1
1990-03-23 00:00:00+00:00,-1.26,0.0,1
1990-03-23 01:00:00+00:00,-1.51,0.0,1
1990-03-23 02:00:00+00:00,-1.62,0.0,1
1990-03-23 03:00:00+00:00,-1.84,0.0,1
1990-03-23 04:00:00+00:00,-2.23,0.0,1
1990-03-23 05:00:00+00:00,-2.47,0.0,1
1990-03-23 06:00:00+00:00,-2.97,39.0,1
1990-03-23 07:00:00+00:00,-1.89,97.0,1
1990-03-23 08:00:00+00:00,-1.04,458.0,1
1990-03-23 09:00:00+00:00,-0.04,583.0,1
1990-03-23 10:00:00+00:00,0.76,619.0,1
1990-03-23 11:00:00+00:00,1.76,579.0,1
1990-03-23 12:00:00+00:00,2.33,536.0,1
1990-03-23 13:00:00+00:00,3.02,720.0,1
1990-03-23 14:00:00+00:00,3.21,604.0,1
1990-03-23 15:00:00+00:00,2.49,442.0,1
1990-03-23 16:00:00+00:00,2.92,254.0,1
1990-03-23 17:00:00+00:00,2.64,34.0,1
1990-03-23 18:00:00+00:00,1.86,0.0,1
1990-03-23 19:00:00+00:00,0.49,0.0,1
1990-03-23 20:00:00+00:00,-0.39,0.0,1
1990-03-23 21:00:00+00:00,-1.73,0.0,1
1990-03-23 22:00:00+00:00,-2.48,0.0,1
1990-03-23 23:00:00+00:00,-2.3,0.0,1
1990-03-24 00:00:00+00:00,-2.22,0.0,0
1990-03-24 01:00:00+00:00,-2.17,0.0,0
1990-03-24 02:00:00+00:00,-2.06,0.0,0
1990-03-24 03:00:00+00:00,-1.99,0.0,0
1990-03-24 04:00:00+00:00,-1.85,0.0,0
1990-03-24 05:00:00+00:00,-1.51,0.0,0
1990-03-24 06:00:00+00:00,-1.22,26.0,0
1990-03-24 07:00:00+00:00,-1.47,62.0,0
1990-03-24 08:00:00+00:00,-0.83,0.0,0
1990-03-24 09:00:00+00:00,-0.06,269.0,0
1990-03-24 10:00:00+00:00,0.58,214.0,0
1990-03-24 11:00:00+00:00,1.22,194.0,0
1990-03-24 12:00:00+00:00,1.99,314.0,0
1990-03-24 13:00:00+00:00,2.03,394.0,0
1990-03-24 14:00:00+00:00,2.04,114.0,0
1990-03-24 15:00:00+00:00,2.13,157.0,0
1990-03-24 16:00:00+00:00,2.41,141.0,0
1990-03-24 17:00:00+00:00,2.13,35.0,0
1990-03-24 18:00:00+00:00,2.12,0.0,0
1990-03-24 19:00:00+00:00,1.59,0.0,0
1990-03-24 20:00:00+00:00,1.06,0.0,0
1990-03-24 21:00:00+00:00,0.64,0.0,0
1990-03-24 22:00:00+00:00,0.42,0.0,0
1990-03-24 23:00:00+00:00,0.17,0.0,0
1990-03-25 00:00:00+00:00,0.31,0.0,0
1990-03-25 01:00:00+00:00,0.19,0.0,0
1990-03-25 02:00:00+00:00,-0.18,0.0,0
1990-03-25 03:00:00+00:00,-0.57,0.0,0
1990-03-25 04:00:00+00:00,-1.59,0.0,0
1990-03-25 05:00:00+00:00,-3.33,0.0,0
1990-03-25 06:00:00+00:00,-4.39,27.0,0
1990-03-25 07:00:00+00:00,-2.32,282.0,0
1990-03-25 08:00:00+00:00,0.54,284.0,0
1990-03-25 09:00:00+00:00,1.64,536.0,0
1990-03-25 10:00:00+00:00,1.33,709.0,0
1990-03-25 11:00:00+00:00,1.89,694.0,0
1990-03-25 12:00:00+00:00,2.09,585.0,0
1990-03-25 13:00:00+00:00,2.15,668.0,0
1990-03-25 14:00:00+00:00,2.67,249.0,0
1990-03-25 15:00:00+00:00,3.65,292.0,0
1990-03-25 16:00:00+00:00,3.56,207.0,0
1990-03-25 17:00:00+00:00,3.17,37.0,0
1990-03-25 18:00:00+00:00,2.78,0.0,0
1990-03-25 19:00:00+00:00,3.42,0.0,0
1990-03-25 20:00:00+00:00,3.18,0.0,0
1990-03-25 21:00:00+00:00,2.84,0.0,0
1990-03-25 22:00:00+00:00,2.7,0.0,0
1990-03-25 23:00:00+00:00,2.57,0.0,0
1990-03-26 00:00:00+00:00,2.5,0.0,1
1990-03-26 01:00:00+00:00,2.24,0.0,1
1990-03-26 02:00:00+00:00,2.2,0.0,1
1990-03-26 03:00:00+00:00,2.44,0.0,1
1990-03-26 04:00:00+00:00,2.7,0.0,1
1990-03-26 05:00:00+00:00,2.97,0.0,1
1990-03-26 06:00:00+00:00,3.25,34.0,1
1990-03-26 07:00:00+00:00,3.73,283.0,1
1990-03-26 08:00:00+00:00,4.59,467.0,1
1990-03-26 09:00:00+00:00,6.61,622.0,1
1990-03-26 10:00:00+00:00,8.33,733.0,1
1990-03-26 11:00:00+00:00,9.57,738.0,1
1990-03-26 12:00:00+00:00,10.4,690.0,1
1990-03-26 13:00:00+00:00,10.92,694.0,1
1990-03-26 14:00:00+00:00,11.22,605.0,1
1990-03-26 15:00:00+00:00,11.03,444.0,1
1990-03-26 16:00:00+00:00,10.17,260.0,1
1990-03-26 17:00:00+00:00,9.32,29.0,1
1990-03-26 18:00:00+00:00,7.94,0.0,1
1990-03-26 19:00:00+00:00,6.37,0.0,1
1990-03-26 20:00:00+00:00,5.85,0.0,1
1990-03-26 21:00:00+00:00,5.34,0.0,1
1990-03-26 22:00:00+00:00,4.72,0.0,1
1990-03-26 23:00:00+00:00,4.36,0.0,1
1990-03-27 00:00:00+00:00,4.08,0.0,1
1990-03-27 01:00:00+00:00,3.5,0.0,1
1990-03-27 02:00:00+00:00,2.42,0.0,1
1990-03-27 03:00:00+00:00,1.48,0.0,1
1990-03-27 04:00:00+00:00,0.68,0.0,1
1990-03-27 05:00:00+00:00,-0.46,0.0,1
1990-03-27 06:00:00+00:00,-2.06,26.0,1
1990-03-27 07:00:00+00:00,-2.5,156.0,1
1990-03-27 08:00:00+00:00,1.52,448.0,1
1990-03-27 09:00:00+00:00,6.05,632.0,1
1990-03-27 10:00:00+00:00,9.11,744.0,1
1990-03-27 11:00:00+00:00,10.92,760.0,1
1990-03-27 12:00:00+00:00,11.49,695.0,1
1990-03-27 13:00:00+00:00,11.34,478.0,1
1990-03-27 14:00:00+00:00,11.28,314.0,1
1990-03-27 15:00:00+00:00,10.91,375.0,1
1990-03-27 16:00:00+00:00,10.1,206.0,1
1990-03-27 17:00:00+00:00,9.27,17.0,1
1990-03-27 18:00:00+00:00,8.03,0.0,1
1990-03-27 19:00:00+00:00,7.06,0.0,1
1990-03-27 20:00:00+00:00,5.98,0.0,1
1990-03-27 21:00:00+00:00,5.09,0.0,1
1990-03-27 22:00:00+00:00,4.36,0.0,1
1990-03-27 23:00:00+00:00,3.81,0.0,1
1990-03-28 00:00:00+00:00,3.08,0.0,1
1990-03-28 01:00:00+00:00,1.93,0.0,1
1990-03-28 02:00:00+00:00,1.84,0.0,1
1990-03-28 03:00:00+00:00,1.78,0.0,1
1990-03-28 04:00:00+00:00,1.75,0.0,1
1990-03-28 05:00:00+00:00,0.94,0.0,1
1990-03-28 06:00:00+00:00,0.12,10.0,1
1990-03-28 07:00:00+00:00,0.48,49.0,1
1990-03-28 08:00:00+00:00,0.49,144.0,1
1990-03-28 09:00:00+00:00,0.91,221.0,1
1990-03-28 10:00:00+00:00,1.05,263.0,1
1990-03-28 11:00:00+00:00,1.0,69.0,1
1990-03-28 12:00:00+00:00,1.24,285.0,1
1990-03-28 13:00:00+00:00,1.08,63.0,1
1990-03-28 14:00:00+00:00,0.96,53.0,1
1990-03-28 15:00:00+00:00,0.28,127.0,1
1990-03-28 16:00:00+00:00,-0.42,215.0,1
1990-03-28 17:00:00+00:00,-1.43,32.0,1
1990-03-28 18:00:00+00:00,-2.43,0.0,1
1990-03-28 19:00:00+00:00,-2.69,0.0,1
1990-03-28 20:00:00+00:00,-2.92,0.0,1
1990-03-28 21:00:00+00:00,-3.79,0.0,1
1990-03-28 22:00:00+00:00,-4.03,0.0,1
1990-03-28 23:00:00+00:00,-4.28,0.0,1
1990-03-29 00:00:00+00:00,-4.69,0.0,1
1990-03-29 01:00:00+00:00,-4.86,0.0,1
1990-03-29 02:00:00+00:00,-5.16,0.0,1
1990-03-29 03:00:00+00:00,-5.91,0.0,1
1990-03-29 04:00:00+00:00,-6.33,0.0,1
1990-03-29 05:00:00+00:00,-6.2,0.0,1
1990-03-29 06:00:00+00:00,-6.13,10.0,1
1990-03-29 07:00:00+00:00,-4.95,132.0,1
1990-03-29 08:00:00+00:00,-3.51,141.0,1
1990-03-29 09:00:00+00:00,-2.67,353.0,1
1990-03-29 10:00:00+00:00,-1.35,759.0,1
1990-03-29 11:00:00+00:00,-0.27,711.0,1
1990-03-29 12:00:00+00:00,0.2,571.0,1
1990-03-29 13:00:00+00:00,0.69,541.0,1
1990-03-29 14:00:00+00:00,0.93,535.0,1
1990-03-29 15:00:00+00:00,0.64,475.0,1
1990-03-29 16:00:00+00:00,0.48,0.0,1
1990-03-29 17:00:00+00:00,1.12,30.0,1
1990-03-29 18:00:00+00:00,0.59,0.0,1
1990-03-29 19:00:00+00:00,-0.5,0.0,1
1990-03-29 20:00:00+00:00,-1.72,0.0,1
1990-03-29 21:00:00+00:00,-3.06,0.0,1
1990-03-29 22:00:00+00:00,-4.34,0.0,1
1990-03-29 23:00:00+00:00,-5.48,0.0,1
1990-03-30 00:00:00+00:00,-6.58,0.0,1
1990-03-30 01:00:00+00:00,-7.6,0.0,1
1990-03-30 02:00:00+00:00,-8.56,0.0,1
1990-03-30 03:00:00+00:00,-7.72,0.0,1
1990-03-30 04:00:00+00:00,-6.67,0.0,1
1990-03-30 05:00:00+00:00,-5.68,0.0,1
1990-03-30 06:00:00+00:00,-4.56,35.0,1
1990-03-30 07:00:00+00:00,-2.98,110.0,1
1990-03-30 08:00:00+00:00,-1.42,301.0,1
1990-03-30 09:00:00+00:00,0.25,245.0,1
1990-03-30 10:00:00+00:00,1.83,176.0,1
1990-03-30 11:00:00+00:00,2.16,248.0,1
1990-03-30 12:00:00+00:00,2.88,196.0,1
1990-03-30 13:00:00+00:00,3.7,203.0,1
1990-03-30 14:00:00+00:00,3.56,79.0,1
1990-03-30 15:00:00+00:00,3.98,227.0,1
1990-03-30 16:00:00+00:00,4.74,280.0,1
1990-03-30 17:00:00+00:00,4.74,18.0,1
1990-03-30 18:00:00+00:00,4.25,0.0,1
1990-03-30 19:00:00+00:00,4.03,0.0,1
1990-03-30 20:00:00+00:00,3.69,0.0,1
1990-03-30 21:00:00+00:00,3.27,0.0,1
1990-03-30 22:00:00+00:00,2.62,0.0,1
1990-03-30 23:00:00+00:00,1.89,0.0,1
1990-03-31 00:00:00+00:00,1.91,0.0,0
1990-03-31 01:00:00+00:00,2.34,0.0,0
1990-03-31 02:00:00+00:00,2.19,0.0,0
1990-03-31 03:00:00+00:00,1.6,0.0,0
1990-03-31 04:00:00+00:00,1.37,0.0,0
1990-03-31 05:00:00+00:00,1.36,0.0,0
1990-03-31 06:00:00+00:00,1.17,57.0,0
1990-03-31 07:00:00+00:00,2.14,161.0,0
1990-03-31 08:00:00+00:00,3.4,462.0,0
1990-03-31 09:00:00+00:00,4.05,557.0,0
1990-03-31 10:00:00+00:00,4.45,638.0,0
1990-03-31 11:00:00+00:00,4.86,812.0,0
1990-03-31 12:00:00+00:00,4.95,790.0,0
1990-03-31 13:00:00+00:00,5.48,757.0,0
1990-03-31 14:00:00+00:00,5.86,553.0,0
1990-03-31 15:00:00+00:00,6.0,371.0,0
1990-03-31 16:00:00+00:00,5.85,213.0,0
1990-03-31 17:00:00+00:00,5.06,47.0,0
1990-03-31 18:00:00+00:00,4.27,0.0,0
1990-03-31 19:00:00+00:00,3.48,0.0,0
1990-03-31 20:00:00+00:00,2.69,0.0,0
1990-03-31 21:00:00+00:00,1.9,0.0,0
1990-03-31 22:00:00+00:00,1.11,0.0,0
1990-03-31 23:00:00+00:00,0.32,0.0,0
1990-04-01 00:00:00+00:00,-0.47,0.0,0
1990-04-01 01:00:00+00:00,-1.26,0.0,0
1990-04-01 02:00:00+00:00,-2.05,0.0,0
1990-04-01 03:00:00+00:00,-2.84,0.0,0
1990-04-01 04:00:00+00:00,-3.63,0.0,0
1990-04-01 05:00:00+00:00,-4.42,0.0,0
1990-04-01 06:00:00+00:00,-5.21,121.0,0
1990-04-01 07:00:00+00:00,-6.0,331.0,0
1990-04-01 08:00:00+00:00,-2.04,515.0,0
1990-04-01 09:00:00+00:00,0.31,506.0,0
1990-04-01 10:00:00+00:00,0.99,577.0,0
1990-04-01 11:00:00+00:00,2.37,687.0,0
1990-04-01 12:00:00+00:00,3.0,755.0,0
1990-04-01 13:00:00+00:00,2.43,751.0,0
1990-04-01 14:00:00+00:00,2.59,648.0,0
1990-04-01 15:00:00+00:00,2.64,484.0,0
1990-04-01 16:00:00+00:00,2.62,294.0,0
1990-04-01 17:00:00+00:00,2.35,37.0,0
1990-04-01 18:00:00+00:00,1.53,0.0,0
1990-04-01 19:00:00+00:00,1.08,0.0,0
1990-04-01 20:00:00+00:00,0.49,0.0,0
1990-04-01 21:00:00+00:00,-0.23,0.0,0
1990-04-01 22:00:00+00:00,-1.03,0.0,0
1990-04-01 23:00:00+00:00,-1.54,0.0,0
1990-04-02 00:00:00+00:00,-2.5,0.0,1
1990-04-02 01:00:00+00:00,-2.41,0.0,1
1990-04-02 02:00:00+00:00,-3.36,0.0,1
1990-04-02 03:00:00+00:00,-3.63,0.0,1
1990-04-02 04:00:00+00:00,-3.27,0.0,1
1990-04-02 05:00:00+00:00,-3.03,0.0,1
1990-04-02 06:00:00+00:00,-2.27,31.0,1
1990-04-02 07:00:00+00:00,-0.61,60.0,1
1990-04-02 08:00:00+00:00,-0.16,94.0,1
1990-04-02 09:00:00+00:00,-0.79,107.0,1
1990-04-02 10:00:00+00:00,-0.81,147.0,1
1990-04-02 11:00:00+00:00,-0.42,122.0,1
1990-04-02 12:00:00+00:00,-0.3,162.0,1
1990-04-02 13:00:00+00:00,-0.85,113.0,1
1990-04-02 14:00:00+00:00,-0.7,253.0,1
1990-04-02 15:00:00+00:00,-0.74,172.0,1
1990-04-02 16:00:00+00:00,-1.07,106.0,1
1990-04-02 17:00:00+00:00,-1.56,53.0,1
1990-04-02 18:00:00+00:00,-2.11,0.0,1
1990-04-02 19:00:00+00:00,-2.14,0.0,1
1990-04-02 20:00:00+00:00,-2.26,0.0,1
1990-04-02 21:00:00+00:00,-2.25,0.0,1
1990-04-02 22:00:00+00:00,-2.22,0.0,1
1990-04-02 23:00:00+00:00,-2.43,0.0,1
1990-04-03 00:00:00+00:00,-2.34,0.0,1
1990-04-03 01:00:00+00:00,-2.26,0.0,1
1990-04-03 02:00:00+00:00,-2.57,0.0,1
1990-04-03 03:00:00+00:00,-2.58,0.0,1
1990-04-03 04:00:00+00:00,-2.72,0.0,1
1990-04-03 05:00:00+00:00,-2.92,0.0,1
1990-04-03 06:00:00+00:00,-3.38,151.0,1
1990-04-03 07:00:00+00:00,-3.26,334.0,1
1990-04-03 08:00:00+00:00,-1.83,497.0,1
1990-04-03 09:00:00+00:00,-1.7,458.0,1
1990-04-03 10:00:00+00:00,-1.22,396.0,1
1990-04-03 11:00:00+00:00,-0.98,346.0,1
1990-04-03 12:00:00+00:00,-1.04,502.0,1
1990-04-03 13:00:00+00:00,-0.66,783.0,1
1990-04-03 14:00:00+00:00,-0.74,661.0,1
1990-04-03 15:00:00+00:00,-1.3,472.0,1
1990-04-03 16:00:00+00:00,-1.9,176.0,1
1990-04-03 17:00:00+00:00,-2.81,45.0,1
1990-04-03 18:00:00+00:00,-3.25,0.0,1
1990-04-03 19:00:00+00:00,-3.6,0.0,1
1990-04-03 20:00:00+00:00,-3.67,0.0,1
1990-04-03 21:00:00+00:00,-3.82,0.0,1
1990-04-03 22:00:00+00:00,-4.05,0.0,1
1990-04-03 23:00:00+00:00,-4.22,0.0,1
1990-04-04 00:00:00+00:00,-4.67,0.0,1
1990-04-04 01:00:00+00:00,-5.08,0.0,1
1990-04-04 02:00:00+00:00,-5.77,0.0,1
1990-04-04 03:00:00+00:00,-6.29,0.0,1
1990-04-04 04:00:00+00:00,-6.75,0.0,1
1990-04-04 05:00:00+00:00,-7.76,0.0,1
1990-04-04 06:00:00+00:00,-7.97,118.0,1
1990-04-04 07:00:00+00:00,-6.85,339.0,1
1990-04-04 08:00:00+00:00,-5.03,509.0,1
1990-04-04 09:00:00+00:00,-2.47,609.0,1
1990-04-04 10:00:00+00:00,-1.04,773.0,1
1990-04-04 11:00:00+00:00,-0.67,810.0,1
1990-04-04 12:00:00+00:00,-0.35,777.0,1
1990-04-04 13:00:00+00:00,0.15,724.0,1
1990-04-04 14:00:00+00:00,0.03,674.0,1
1990-04-04 15:00:00+00:00,0.16,507.0,1
1990-04-04 16:00:00+00:00,0.91,313.0,1
1990-04-04 17:00:00+00:00,0.52,38.0,1
1990-04-04 18:00:00+00:00,-0.23,0.0,1
1990-04-04 19:00:00+00:00,-1.01,0.0,1
1990-04-04 20:00:00+00:00,-1.56,0.0,1
1990-04-04 21:00:00+00:00,-2.1,0.0,1
1990-04-04 22:00:00+00:00,-2.94,0.0,1
1990-04-04 23:00:00+00:00,-3.89,0.0,1
1990-04-05 00:00:00+00:00,-4.73,0.0,1
1990-04-05 01:00:00+00:00,-5.64,0.0,1
1990-04-05 02:00:00+00:00,-6.49,0.0,1
1990-04-05 03:00:00+00:00,-6.8,0.0,1
1990-04-05 04:00:00+00:00,-7.05,0.0,1
1990-04-05 05:00:00+00:00,-7.22,0.0,1
1990-04-05 06:00:00+00:00,-6.66,163.0,1
1990-04-05 07:00:00+00:00,-4.65,337.0,1
1990-04-05 08:00:00+00:00,-1.71,549.0,1
1990-04-05 09:00:00+00:00,0.19,705.0,1
1990-04-05 10:00:00+00:00,1.15,808.0,1
1990-04-05 11:00:00+00:00,1.31,840.0,1
1990-04-05 12:00:00+00:00,1.77,828.0,1
1990-04-05 13:00:00+00:00,1.35,759.0,1
1990-04-05 14:00:00+00:00,1.25,611.0,1
1990-04-05 15:00:00+00:00,1.42,470.0,1
1990-04-05 16:00:00+00:00,1.98,140.0,1
1990-04-05 17:00:00+00:00,1.33,57.0,1
1990-04-05 18:00:00+00:00,0.62,0.0,1
1990-04-05 19:00:00+00:00,-0.06,0.0,1
1990-04-05 20:00:00+00:00,-1.03,0.0,1
1990-04-05 21:00:00+00:00,-1.87,0.0,1
1990-04-05 22:00:00+00:00,-2.41,0.0,1
1990-04-05 23:00:00+00:00,-2.98,0.0,1
1990-04-06 00:00:00+00:00,-3.36,0.0,1
1990-04-06 01:00:00+00:00,-3.46,0.0,1
1990-04-06 02:00:00+00:00,-3.48,0.0,1
1990-04-06 03:00:00+00:00,-3.41,0.0,1
1990-04-06 04:00:00+00:00,-3.71,0.0,1
1990-04-06 05:00:00+00:00,-3.75,0.0,1
1990-04-06 06:00:00+00:00,-4.22,119.0,1
1990-04-06 07:00:00+00:00,-2.9,242.0,1
1990-04-06 08:00:00+00:00,-2.01,313.0,1
1990-04-06 09:00:00+00:00,-2.1,499.0,1
1990-04-06 10:00:00+00:00,-0.98,720.0,1
1990-04-06 11:00:00+00:00,-0.32,556.0,1
1990-04-06 12:00:00+00:00,-0.1,622.0,1
1990-04-06 13:00:00+00:00,0.21,779.0,1
1990-04-06 14:00:00+00:00,0.01,675.0,1
1990-04-06 15:00:00+00:00,-0.2,510.0,1
1990-04-06 16:00:00+00:00,-1.12,318.0,1
1990-04-06 17:00:00+00:00,-0.49,41.0,1
1990-04-06 18:00:00+00:00,-1.2,0.0,1
1990-04-06 19:00:00+00:00,-2.06,0.0,1
1990-04-06 20:00:00+00:00,-2.71,0.0,1
1990-04-06 21:00:00+00:00,-3.19,0.0,1
1990-04-06 22:00:00+00:00,-3.89,0.0,1
1990-04-06 23:00:00+00:00,-4.29,0.0,1
1990-04-07 00:00:00+00:00,-4.76,0.0,0
1990-04-07 01:00:00+00:00,-5.27,0.0,0
1990-04-07 02:00:00+00:00,-6.39,0.0,0
1990-04-07 03:00:00+00:00,-7.87,0.0,0
1990-04-07 04:00:00+00:00,-8.76,0.0,0
1990-04-07 05:00:00+00:00,-8.65,0.0,0
1990-04-07 06:00:00+00:00,-9.24,126.0,0
1990-04-07 07:00:00+00:00,-9.21,326.0,0
1990-04-07 08:00:00+00:00,-8.84,507.0,0
1990-04-07 09:00:00+00:00,-7.98,632.0,0
1990-04-07 10:00:00+00:00,-6.88,746.0,0
1990-04-07 11:00:00+00:00,-5.87,826.0,0
1990-04-07 12:00:00+00:00,-4.95,833.0,0
1990-04-07 13:00:00+00:00,-4.26,802.0,0
1990-04-07 14:00:00+00:00,-3.37,696.0,0
1990-04-07 15:00:00+00:00,-2.71,528.0,0
1990-04-07 16:00:00+00:00,-2.57,331.0,0
1990-04-07 17:00:00+00:00,-3.12,41.0,0
1990-04-07 18:00:00+00:00,-4.06,0.0,0
1990-04-07 19:00:00+00:00,-4.8,0.0,0
1990-04-07 20:00:00+00:00,-5.68,0.0,0
1990-04-07 21:00:00+00:00,-6.29,0.0,0
1990-04-07 22:00:00+00:00,-6.87,0.0,0
1990-04-07 23:00:00+00:00,-7.22,0.0,0
1990-04-08 00:00:00+00:00,-7.44,0.0,0
1990-04-08 01:00:00+00:00,-8.15,0.0,0
1990-04-08 02:00:00+00:00,-8.25,0.0,0
1990-04-08 03:00:00+00:00,-8.53,0.0,0
1990-04-08 04:00:00+00:00,-8.03,0.0,0
1990-04-08 05:00:00+00:00,-7.78,5.0,0
1990-04-08 06:00:00+00:00,-6.73,81.0,0
1990-04-08 07:00:00+00:00,-5.7,301.0,0
1990-04-08 08:00:00+00:00,-4.15,303.0,0
1990-04-08 09:00:00+00:00,-2.25,504.0,0
1990-04-08 10:00:00+00:00,-0.55,825.0,0
1990-04-08 11:00:00+00:00,-0.01,559.0,0
1990-04-08 12:00:00+00:00,-0.02,142.0,0
1990-04-08 13:00:00+00:00,-0.3,264.0,0
1990-04-08 14:00:00+00:00,0.05,194.0,0
1990-04-08 15:00:00+00:00,0.14,195.0,0
1990-04-08 16:00:00+00:00,-0.52,224.0,0
1990-04-08 17:00:00+00:00,-0.11,63.0,0
1990-04-08 18:00:00+00:00,0.3,0.0,0
1990-04-08 19:00:00+00:00,-0.26,0.0,0
1990-04-08 20:00:00+00:00,-0.9,0.0,0
1990-04-08 21:00:00+00:00,-1.58,0.0,0
1990-04-08 22:00:00+00:00,-2.13,0.0,0
1990-04-08 23:00:00+00:00,-4.88,0.0,0
1990-04-09 00:00:00+00:00,-6.74,0.0,1
1990-04-09 01:00:00+00:00,-8.29,0.0,1
1990-04-09 02:00:00+00:00,-9.5,0.0,1
1990-04-09 03:00:00+00:00,-9.13,0.0,1
1990-04-09 04:00:00+00:00,-8.5,0.0,1
1990-04-09 05:00:00+00:00,-8.57,6.0,1
1990-04-09 06:00:00+00:00,-8.48,67.0,1
1990-04-09 07:00:00+00:00,-5.34,110.0,1
1990-04-09 08:00:00+00:00,-2.87,118.0,1
1990-04-09 09:00:00+00:00,-0.38,304.0,1
1990-04-09 10:00:00+00:00,0.77,424.0,1
1990-04-09 11:00:00+00:00,0.85,99.0,1
1990-04-09 12:00:00+00:00,1.36,579.0,1
1990-04-09 13:00:00+00:00,1.24,120.0,1
1990-04-09 14:00:00+00:00,1.18,57.0,1
1990-04-09 15:00:00+00:00,1.14,324.0,1
1990-04-09 16:00:00+00:00,1.34,142.0,1
1990-04-09 17:00:00+00:00,0.9,63.0,1
1990-04-09 18:00:00+00:00,1.04,0.0,1
1990-04-09 19:00:00+00:00,1.08,0.0,1
1990-04-09 20:00:00+00:00,0.68,0.0,1
1990-04-09 21:00:00+00:00,-0.11,0.0,1
1990-04-09 22:00:00+00:00,-2.27,0.0,1
1990-04-09 23:00:00+00:00,-4.73,0.0,1
1990-04-10 00:00:00+00:00,-6.84,0.0,1
1990-04-10 01:00:00+00:00,-7.49,0.0,1
1990-04-10 02:00:00+00:00,-7.67,0.0,1
1990-04-10 03:00:00+00:00,-8.03,0.0,1
1990-04-10 04:00:00+00:00,-7.74,0.0,1
1990-04-10 05:00:00+00:00,-7.11,10.0,1
1990-04-10 06:00:00+00:00,-5.53,16.0,1
1990-04-10 07:00:00+00:00,-2.05,295.0,1
1990-04-10 08:00:00+00:00,0.19,387.0,1
1990-04-10 09:00:00+00:00,1.38,488.0,1
1990-04-10 10:00:00+00:00,2.9,645.0,1
1990-04-10 11:00:00+00:00,3.59,586.0,1
1990-04-10 12:00:00+00:00,3.74,669.0,1
1990-04-10 13:00:00+00:00,5.15,551.0,1
1990-04-10 14:00:00+00:00,4.7,437.0,1
1990-04-10 15:00:00+00:00,4.63,499.0,1
1990-04-10 16:00:00+00:00,4.74,181.0,1
1990-04-10 17:00:00+00:00,4.15,59.0,1
1990-04-10 18:00:00+00:00,3.47,0.0,1
1990-04-10 19:00:00+00:00,2.79,0.0,1
1990-04-10 20:00:00+00:00,2.37,0.0,1
1990-04-10 21:00:00+00:00,1.78,0.0,1
1990-04-10 22:00:00+00:00,1.48,0.0,1
1990-04-10 23:00:00+00:00,1.15,0.0,1
1990-04-11 00:00:00+00:00,0.83,0.0,1
1990-04-11 01:00:00+00:00,0.59,0.0,1
1990-04-11 02:00:00+00:00,0.43,0.0,1
1990-04-11 03:00:00+00:00,-0.17,0.0,1
1990-04-11 04:00:00+00:00,-0.52,0.0,1
1990-04-11 05:00:00+00:00,-1.39,12.0,1
1990-04-11 06:00:00+00:00,-1.62,78.0,1
1990-04-11 07:00:00+00:00,1.01,168.0,1
1990-04-11 08:00:00+00:00,2.11,188.0,1
1990-04-11 09:00:00+00:00,2.63,572.0,1
1990-04-11 10:00:00+00:00,3.28,420.0,1
1990-04-11 11:00:00+00:00,4.11,137.0,1
1990-04-11 12:00:00+00:00,5.04,494.0,1
1990-04-11 13:00:00+00:00,5.62,177.0,1
1990-04-11 14:00:00+00:00,5.51,115.0,1
1990-04-11 15:00:00+00:00,3.34,103.0,1
1990-04-11 16:00:00+00:00,1.35,62.0,1
1990-04-11 17:00:00+00:00,0.54,37.0,1
1990-04-11 18:00:00+00:00,0.02,0.0,1
1990-04-11 19:00:00+00:00,-1.0,0.0,1
1990-04-11 20:00:00+00:00,-1.72,0.0,1
1990-04-11 21:00:00+00:00,-2.38,0.0,1
1990-04-11 22:00:00+00:00,-2.82,0.0,1
1990-04-11 23:00:00+00:00,-3.19,0.0,1
1990-04-12 00:00:00+00:00,-3.78,0.0,1
1990-04-12 01:00:00+00:00,-3.4,0.0,1
1990-04-12 02:00:00+00:00,-3.58,0.0,1
1990-04-12 03:00:00+00:00,-3.75,0.0,1
1990-04-12 04:00:00+00:00,-3.93,0.0,1
1990-04-12 05:00:00+00:00,-3.94,13.0,1
1990-04-12 06:00:00+00:00,-3.8,87.0,1
1990-04-12 07:00:00+00:00,-3.21,270.0,1
1990-04-12 08:00:00+00:00,-2.63,554.0,1
1990-04-12 09:00:00+00:00,-2.33,657.0,1
1990-04-12 10:00:00+00:00,-1.63,769.0,1
1990-04-12 11:00:00+00:00,-0.92,806.0,1
1990-04-12 12:00:00+00:00,-0.46,696.0,1
1990-04-12 13:00:00+00:00,0.16,779.0,1
1990-04-12 14:00:00+00:00,0.46,684.0,1
1990-04-12 15:00:00+00:00,-0.04,535.0,1
1990-04-12 16:00:00+00:00,-0.37,342.0,1
1990-04-12 17:00:00+00:00,-0.36,46.0,1
1990-04-12 18:00:00+00:00,-0.68,0.0,1
1990-04-12 19:00:00+00:00,-1.29,0.0,1
1990-04-12 20:00:00+00:00,-1.73,0.0,1
1990-04-12 21:00:00+00:00,-2.18,0.0,1
1990-04-12 22:00:00+00:00,-2.73,0.0,1
1990-04-12 23:00:00+00:00,-3.27,0.0,1
1990-04-13 00:00:00+00:00,-3.91,0.0,1
1990-04-13 01:00:00+00:00,-4.53,0.0,1
1990-04-13 02:00:00+00:00,-4.83,0.0,1
1990-04-13 03:00:00+00:00,-5.59,0.0,1
1990-04-13 04:00:00+00:00,-6.46,0.0,1
1990-04-13 05:00:00+00:00,-6.57,17.0,1
1990-04-13 06:00:00+00:00,-5.27,211.0,1
1990-04-13 07:00:00+00:00,-2.52,412.0,1
1990-04-13 08:00:00+00:00,-1.22,599.0,1
1990-04-13 09:00:00+00:00,0.92,754.0,1
1990-04-13 10:00:00+00:00,2.07,859.0,1
1990-04-13 11:00:00+00:00,3.0,887.0,1
1990-04-13 12:00:00+00:00,3.93,798.0,1
1990-04-13 13:00:00+00:00,3.35,806.0,1
1990-04-13 14:00:00+00:00,3.33,634.0,1
1990-04-13 15:00:00+00:00,3.74,543.0,1
1990-04-13 16:00:00+00:00,4.79,349.0,1
1990-04-13 17:00:00+00:00,4.27,46.0,1
1990-04-13 18:00:00+00:00,3.51,0.0,1
1990-04-13 19:00:00+00:00,1.79,0.0,1
1990-04-13 20:00:00+00:00,0.41,0.0,1
1990-04-13 21:00:00+00:00,-0.23,0.0,1
1990-04-13 22:00:00+00:00,-0.61,0.0,1
1990-04-13 23:00:00+00:00,-0.9,0.0,1
1990-04-14 00:00:00+00:00,-1.11,0.0,0
1990-04-14 01:00:00+00:00,-1.76,0.0,0
1990-04-14 02:00:00+00:00,-2.14,0.0,0
1990-04-14 03:00:00+00:00,-3.45,0.0,0
1990-04-14 04:00:00+00:00,-4.42,0.0,0
1990-04-14 05:00:00+00:00,-4.4,17.0,0
1990-04-14 06:00:00+00:00,-3.25,39.0,0
1990-04-14 07:00:00+00:00,-2.01,99.0,0
1990-04-14 08:00:00+00:00,-2.07,109.0,0
1990-04-14 09:00:00+00:00,-1.61,215.0,0
1990-04-14 10:00:00+00:00,-1.16,356.0,0
1990-04-14 11:00:00+00:00,-1.11,251.0,0
1990-04-14 12:00:00+00:00,-1.26,373.0,0
1990-04-14 13:00:00+00:00,-1.27,340.0,0
1990-04-14 14:00:00+00:00,-1.14,303.0,0
1990-04-14 15:00:00+00:00,-1.33,160.0,0
1990-04-14 16:00:00+00:00,-1.89,96.0,0
1990-04-14 17:00:00+00:00,-2.6,15.0,0
1990-04-14 18:00:00+00:00,-3.61,0.0,0
1990-04-14 19:00:00+00:00,-4.68,0.0,0
1990-04-14 20:00:00+00:00,-4.59,0.0,0
1990-04-14 21:00:00+00:00,-4.8,0.0,0
1990-04-14 22:00:00+00:00,-4.64,0.0,0
1990-04-14 23:00:00+00:00,-5.22,0.0,0
1990-04-15 00:00:00+00:00,-5.47,0.0,0
1990-04-15 01:00:00+00:00,-5.83,0.0,0
1990-04-15 02:00:00+00:00,-5.87,0.0,0
1990-04-15 03:00:00+00:00,-5.83,0.0,0
1990-04-15 04:00:00+00:00,-5.87,0.0,0
1990-04-15 05:00:00+00:00,-6.02,21.0,0
1990-04-15 06:00:00+00:00,-5.92,180.0,0
1990-04-15 07:00:00+00:00,-5.08,370.0,0
1990-04-15 08:00:00+00:00,-3.97,417.0,0
1990-04-15 09:00:00+00:00,-3.25,766.0,0
1990-04-15 10:00:00+00:00,-2.61,726.0,0
1990-04-15 11:00:00+00:00,-1.86,701.0,0
1990-04-15 12:00:00+00:00,-1.41,736.0,0
1990-04-15 13:00:00+00:00,-1.24,741.0,0
1990-04-15 14:00:00+00:00,-1.39,617.0,0
1990-04-15 15:00:00+00:00,-2.07,552.0,0
1990-04-15 16:00:00+00:00,-2.41,358.0,0
1990-04-15 17:00:00+00:00,-3.27,51.0,0
1990-04-15 18:00:00+00:00,-3.15,0.0,0
1990-04-15 19:00:00+00:00,-3.92,0.0,0
1990-04-15 20:00:00+00:00,-4.22,0.0,0
1990-04-15 21:00:00+00:00,-4.72,0.0,0
1990-04-15 22:00:00+00:00,-5.31,0.0,0
1990-04-15 23:00:00+00:00,-6.02,0.0,0
1990-04-16 00:00:00+00:00,-7.0,0.0,1
1990-04-16 01:00:00+00:00,-7.6,0.0,1
1990-04-16 02:00:00+00:00,-8.31,0.0,1
1990-04-16 03:00:00+00:00,-9.32,0.0,1
1990-04-16 04:00:00+00:00,-9.46,0.0,1
1990-04-16 05:00:00+00:00,-9.45,21.0,1
1990-04-16 06:00:00+00:00,-8.8,231.0,1
1990-04-16 07:00:00+00:00,-8.05,432.0,1
1990-04-16 08:00:00+00:00,-4.77,621.0,1
1990-04-16 09:00:00+00:00,-2.29,761.0,1
1990-04-16 10:00:00+00:00,-0.87,883.0,1
1990-04-16 11:00:00+00:00,0.0,854.0,1
1990-04-16 12:00:00+00:00,0.47,868.0,1
1990-04-16 13:00:00+00:00,0.64,651.0,1
1990-04-16 14:00:00+00:00,0.31,727.0,1
1990-04-16 15:00:00+00:00,0.57,559.0,1
1990-04-16 16:00:00+00:00,1.18,361.0,1
1990-04-16 17:00:00+00:00,0.58,49.0,1
1990-04-16 18:00:00+00:00,-0.25,0.0,1
1990-04-16 19:00:00+00:00,-1.16,0.0,1
1990-04-16 20:00:00+00:00,-2.07,0.0,1
1990-04-16 21:00:00+00:00,-2.93,0.0,1
1990-04-16 22:00:00+00:00,-3.64,0.0,1
1990-04-16 23:00:00+00:00,-4.3,0.0,1
1990-04-17 00:00:00+00:00,-4.74,0.0,1
1990-04-17 01:00:00+00:00,-5.12,0.0,1
1990-04-17 02:00:00+00:00,-5.29,0.0,1
1990-04-17 03:00:00+00:00,-5.56,0.0,1
1990-04-17 04:00:00+00:00,-5.84,0.0,1
1990-04-17 05:00:00+00:00,-5.96,26.0,1
1990-04-17 06:00:00+00:00,-5.93,159.0,1
1990-04-17 07:00:00+00:00,-3.43,381.0,1
1990-04-17 08:00:00+00:00,-1.09,444.0,1
1990-04-17 09:00:00+00:00,1.18,653.0,1
1990-04-17 10:00:00+00:00,2.34,626.0,1
1990-04-17 11:00:00+00:00,2.64,676.0,1
1990-04-17 12:00:00+00:00,2.51,701.0,1
1990-04-17 13:00:00+00:00,2.62,552.0,1
1990-04-17 14:00:00+00:00,1.91,567.0,1
1990-04-17 15:00:00+00:00,1.46,422.0,1
1990-04-17 16:00:00+00:00,1.48,159.0,1
1990-04-17 17:00:00+00:00,0.84,47.0,1
1990-04-17 18:00:00+00:00,0.34,0.0,1
1990-04-17 19:00:00+00:00,-0.38,0.0,1
1990-04-17 20:00:00+00:00,-0.25,0.0,1
1990-04-17 21:00:00+00:00,-0.44,0.0,1
1990-04-17 22:00:00+00:00,-0.89,0.0,1
1990-04-17 23:00:00+00:00,-1.3,0.0,1
1990-04-18 00:00:00+00:00,-1.56,0.0,1
1990-04-18 01:00:00+00:00,-1.45,0.0,1
1990-04-18 02:00:00+00:00,-1.47,0.0,1
1990-04-18 03:00:00+00:00,-1.48,0.0,1
1990-04-18 04:00:00+00:00,-1.54,0.0,1
1990-04-18 05:00:00+00:00,-1.44,23.0,1
1990-04-18 06:00:00+00:00,-1.47,233.0,1
1990-04-18 07:00:00+00:00,-0.43,430.0,1
1990-04-18 08:00:00+00:00,1.44,613.0,1
1990-04-18 09:00:00+00:00,2.51,764.0,1
1990-04-18 10:00:00+00:00,3.61,664.0,1
1990-04-18 11:00:00+00:00,3.93,918.0,1
1990-04-18 12:00:00+00:00,4.7,671.0,1
1990-04-18 13:00:00+00:00,4.7,364.0,1
1990-04-18 14:00:00+00:00,4.43,354.0,1
1990-04-18 15:00:00+00:00,3.6,275.0,1
1990-04-18 16:00:00+00:00,2.91,176.0,1
1990-04-18 17:00:00+00:00,1.84,81.0,1
1990-04-18 18:00:00+00:00,1.02,0.0,1
1990-04-18 19:00:00+00:00,0.47,0.0,1
1990-04-18 20:00:00+00:00,-0.08,0.0,1
1990-04-18 21:00:00+00:00,-0.16,0.0,1
1990-04-18 22:00:00+00:00,-0.45,0.0,1
1990-04-18 23:00:00+00:00,-0.19,0.0,1
1990-04-19 00:00:00+00:00,0.16,0.0,1
1990-04-19 01:00:00+00:00,0.58,0.0,1
1990-04-19 02:00:00+00:00,0.6,0.0,1
1990-04-19 03:00:00+00:00,0.14,0.0,1
1990-04-19 04:00:00+00:00,-0.68,0.0,1
1990-04-19 05:00:00+00:00,-0.94,45.0,1
1990-04-19 06:00:00+00:00,-0.74,120.0,1
1990-04-19 07:00:00+00:00,0.29,206.0,1
1990-04-19 08:00:00+00:00,1.5,625.0,1
1990-04-19 09:00:00+00:00,1.4,674.0,1
1990-04-19 10:00:00+00:00,2.24,738.0,1
1990-04-19 11:00:00+00:00,3.18,842.0,1
1990-04-19 12:00:00+00:00,3.83,874.0,1
1990-04-19 13:00:00+00:00,4.8,632.0,1
1990-04-19 14:00:00+00:00,5.52,726.0,1
1990-04-19 15:00:00+00:00,6.04,560.0,1
1990-04-19 16:00:00+00:00,6.4,368.0,1
1990-04-19 17:00:00+00:00,5.96,50.0,1
1990-04-19 18:00:00+00:00,5.13,0.0,1
1990-04-19 19:00:00+00:00,3.96,0.0,1
1990-04-19 20:00:00+00:00,2.49,0.0,1
1990-04-19 21:00:00+00:00,0.93,0.0,1
1990-04-19 22:00:00+00:00,-0.45,0.0,1
1990-04-19 23:00:00+00:00,-1.21,0.0,1
1990-04-20 00:00:00+00:00,-2.1,0.0,1
1990-04-20 01:00:00+00:00,-3.31,0.0,1
1990-04-20 02:00:00+00:00,-4.27,0.0,1
1990-04-20 03:00:00+00:00,-4.75,0.0,1
1990-04-20 04:00:00+00:00,-4.09,0.0,1
1990-04-20 05:00:00+00:00,-3.51,61.0,1
1990-04-20 06:00:00+00:00,-2.86,244.0,1
1990-04-20 07:00:00+00:00,-0.08,441.0,1
1990-04-20 08:00:00+00:00,2.08,625.0,1
1990-04-20 09:00:00+00:00,3.03,775.0,1
1990-04-20 10:00:00+00:00,4.17,880.0,1
1990-04-20 11:00:00+00:00,4.46,743.0,1
1990-04-20 12:00:00+00:00,5.33,645.0,1
1990-04-20 13:00:00+00:00,5.14,578.0,1
1990-04-20 14:00:00+00:00,5.43,513.0,1
1990-04-20 15:00:00+00:00,4.69,339.0,1
1990-04-20 16:00:00+00:00,3.82,174.0,1
1990-04-20 17:00:00+00:00,3.13,76.0,1
1990-04-20 18:00:00+00:00,2.63,0.0,1
1990-04-20 19:00:00+00:00,2.67,0.0,1
1990-04-20 20:00:00+00:00,2.23,0.0,1
1990-04-20 21:00:00+00:00,2.03,0.0,1
1990-04-20 22:00:00+00:00,1.9,0.0,1
1990-04-20 23:00:00+00:00,1.79,0.0,1
1990-04-21 00:00:00+00:00,1.6,0.0,0
1990-04-21 01:00:00+00:00,1.45,0.0,0
1990-04-21 02:00:00+00:00,1.59,0.0,0
1990-04-21 03:00:00+00:00,1.45,0.0,0
1990-04-21 04:00:00+00:00,1.41,0.0,0
1990-04-21 05:00:00+00:00,1.19,52.0,0
1990-04-21 06:00:00+00:00,1.01,45.0,0
1990-04-21 07:00:00+00:00,1.07,82.0,0
1990-04-21 08:00:00+00:00,1.06,118.0,0
1990-04-21 09:00:00+00:00,1.23,154.0,0
1990-04-21 10:00:00+00:00,1.48,159.0,0
1990-04-21 11:00:00+00:00,0.73,199.0,0
1990-04-21 12:00:00+00:00,0.9,258.0,0
1990-04-21 13:00:00+00:00,1.03,145.0,0
1990-04-21 14:00:00+00:00,1.02,135.0,0
1990-04-21 15:00:00+00:00,0.87,128.0,0
1990-04-21 16:00:00+00:00,0.76,90.0,0
1990-04-21 17:00:00+00:00,0.89,25.0,0
1990-04-21 18:00:00+00:00,0.28,4.0,0
1990-04-21 19:00:00+00:00,0.19,0.0,0
1990-04-21 20:00:00+00:00,-0.08,0.0,0
1990-04-21 21:00:00+00:00,-0.35,0.0,0
1990-04-21 22:00:00+00:00,-0.6,0.0,0
1990-04-21 23:00:00+00:00,-0.63,0.0,0
1990-04-22 00:00:00+00:00,-0.6,0.0,0
1990-04-22 01:00:00+00:00,-0.68,0.0,0
1990-04-22 02:00:00+00:00,-0.9,0.0,0
1990-04-22 03:00:00+00:00,-1.09,0.0,0
1990-04-22 04:00:00+00:00,-1.23,0.0,0
1990-04-22 05:00:00+00:00,-1.19,27.0,0
1990-04-22 06:00:00+00:00,-1.06,37.0,0
1990-04-22 07:00:00+00:00,-0.61,96.0,0
1990-04-22 08:00:00+00:00,-0.07,258.0,0
1990-04-22 09:00:00+00:00,0.34,269.0,0
1990-04-22 10:00:00+00:00,0.58,300.0,0
1990-04-22 11:00:00+00:00,1.09,186.0,0
1990-04-22 12:00:00+00:00,1.4,106.0,0
1990-04-22 13:00:00+00:00,1.26,156.0,0
1990-04-22 14:00:00+00:00,1.35,136.0,0
1990-04-22 15:00:00+00:00,1.07,155.0,0
1990-04-22 16:00:00+00:00,0.88,82.0,0
1990-04-22 17:00:00+00:00,0.61,46.0,0
1990-04-22 18:00:00+00:00,0.27,2.0,0
1990-04-22 19:00:00+00:00,0.3,0.0,0
1990-04-22 20:00:00+00:00,0.13,0.0,0
1990-04-22 21:00:00+00:00,-0.1,0.0,0
1990-04-22 22:00:00+00:00,-0.38,0.0,0
1990-04-22 23:00:00+00:00,-0.63,0.0,0
1990-04-23 00:00:00+00:00,-0.55,0.0,1
1990-04-23 01:00:00+00:00,-0.44,0.0,1
1990-04-23 02:00:00+00:00,-0.57,0.0,1
1990-04-23 03:00:00+00:00,-0.65,0.0,1
1990-04-23 04:00:00+00:00,-0.94,0.0,1
1990-04-23 05:00:00+00:00,-1.02,55.0,1
1990-04-23 06:00:00+00:00,-0.45,176.0,1
1990-04-23 07:00:00+00:00,0.72,308.0,1
1990-04-23 08:00:00+00:00,2.25,418.0,1
1990-04-23 09:00:00+00:00,3.6,122.0,1
1990-04-23 10:00:00+00:00,4.19,625.0,1
1990-04-23 11:00:00+00:00,3.9,525.0,1
1990-04-23 12:00:00+00:00,4.35,783.0,1
1990-04-23 13:00:00+00:00,5.07,640.0,1
1990-04-23 14:00:00+00:00,5.43,608.0,1
1990-04-23 15:00:00+00:00,5.25,278.0,1
1990-04-23 16:00:00+00:00,4.83,233.0,1
1990-04-23 17:00:00+00:00,4.17,81.0,1
1990-04-23 18:00:00+00:00,3.65,9.0,1
1990-04-23 19:00:00+00:00,3.21,0.0,1
1990-04-23 20:00:00+00:00,2.84,0.0,1
1990-04-23 21:00:00+00:00,2.53,0.0,1
1990-04-23 22:00:00+00:00,2.15,0.0,1
1990-04-23 23:00:00+00:00,1.66,0.0,1
1990-04-24 00:00:00+00:00,1.45,0.0,1
1990-04-24 01:00:00+00:00,1.17,0.0,1
1990-04-24 02:00:00+00:00,0.67,0.0,1
1990-04-24 03:00:00+00:00,0.41,0.0,1
1990-04-24 04:00:00+00:00,0.48,0.0,1
1990-04-24 05:00:00+00:00,0.35,79.0,1
1990-04-24 06:00:00+00:00,0.67,247.0,1
1990-04-24 07:00:00+00:00,-0.55,461.0,1
1990-04-24 08:00:00+00:00,2.55,644.0,1
1990-04-24 09:00:00+00:00,4.52,793.0,1
1990-04-24 10:00:00+00:00,5.45,896.0,1
1990-04-24 11:00:00+00:00,5.91,944.0,1
1990-04-24 12:00:00+00:00,5.79,794.0,1
1990-04-24 13:00:00+00:00,5.89,694.0,1
1990-04-24 14:00:00+00:00,5.66,553.0,1
1990-04-24 15:00:00+00:00,5.56,574.0,1
1990-04-24 16:00:00+00:00,5.28,344.0,1
1990-04-24 17:00:00+00:00,4.88,55.0,1
1990-04-24 18:00:00+00:00,4.32,10.0,1
1990-04-24 19:00:00+00:00,4.17,0.0,1
1990-04-24 20:00:00+00:00,3.6,0.0,1
1990-04-24 21:00:00+00:00,3.12,0.0,1
1990-04-24 22:00:00+00:00,2.26,0.0,1
1990-04-24 23:00:00+00:00,1.73,0.0,1
1990-04-25 00:00:00+00:00,1.47,0.0,1
1990-04-25 01:00:00+00:00,1.38,0.0,1
1990-04-25 02:00:00+00:00,1.3,0.0,1
1990-04-25 03:00:00+00:00,1.19,0.0,1
1990-04-25 04:00:00+00:00,1.03,0.0,1
1990-04-25 05:00:00+00:00,1.12,83.0,1
1990-04-25 06:00:00+00:00,1.33,269.0,1
1990-04-25 07:00:00+00:00,1.9,465.0,1
1990-04-25 08:00:00+00:00,3.27,647.0,1
1990-04-25 09:00:00+00:00,3.85,796.0,1
1990-04-25 10:00:00+00:00,3.98,899.0,1
1990-04-25 11:00:00+00:00,4.17,946.0,1
1990-04-25 12:00:00+00:00,4.6,662.0,1
1990-04-25 13:00:00+00:00,4.65,740.0,1
1990-04-25 14:00:00+00:00,4.8,741.0,1
1990-04-25 15:00:00+00:00,4.84,576.0,1
1990-04-25 16:00:00+00:00,4.9,386.0,1
1990-04-25 17:00:00+00:00,4.55,190.0,1
1990-04-25 18:00:00+00:00,4.16,11.0,1
1990-04-25 19:00:00+00:00,3.84,0.0,1
1990-04-25 20:00:00+00:00,3.1,0.0,1
1990-04-25 21:00:00+00:00,1.8,0.0,1
1990-04-25 22:00:00+00:00,-0.13,0.0,1
1990-04-25 23:00:00+00:00,-2.38,0.0,1
1990-04-26 00:00:00+00:00,-2.78,0.0,1
1990-04-26 01:00:00+00:00,-3.93,0.0,1
1990-04-26 02:00:00+00:00,-4.4,0.0,1
1990-04-26 03:00:00+00:00,-4.51,0.0,1
1990-04-26 04:00:00+00:00,-4.18,0.0,1
1990-04-26 05:00:00+00:00,-4.4,77.0,1
1990-04-26 06:00:00+00:00,-2.34,272.0,1
1990-04-26 07:00:00+00:00,0.17,428.0,1
1990-04-26 08:00:00+00:00,3.5,610.0,1
1990-04-26 09:00:00+00:00,5.67,736.0,1
1990-04-26 10:00:00+00:00,6.39,860.0,1
1990-04-26 11:00:00+00:00,7.01,904.0,1
1990-04-26 12:00:00+00:00,7.22,893.0,1
1990-04-26 13:00:00+00:00,7.57,848.0,1
1990-04-26 14:00:00+00:00,7.83,659.0,1
1990-04-26 15:00:00+00:00,7.7,581.0,1
1990-04-26 16:00:00+00:00,7.69,391.0,1
1990-04-26 17:00:00+00:00,7.74,163.0,1
1990-04-26 18:00:00+00:00,6.88,13.0,1
1990-04-26 19:00:00+00:00,5.94,0.0,1
1990-04-26 20:00:00+00:00,4.69,0.0,1
1990-04-26 21:00:00+00:00,3.18,0.0,1
1990-04-26 22:00:00+00:00,1.86,0.0,1
1990-04-26 23:00:00+00:00,0.89,0.0,1
1990-04-27 00:00:00+00:00,0.42,0.0,1
1990-04-27 01:00:00+00:00,0.39,0.0,1
1990-04-27 02:00:00+00:00,0.28,0.0,1
1990-04-27 03:00:00+00:00,0.21,0.0,1
1990-04-27 04:00:00+00:00,0.06,0.0,1
1990-04-27 05:00:00+00:00,0.1,92.0,1
1990-04-27 06:00:00+00:00,0.03,280.0,1
1990-04-27 07:00:00+00:00,2.93,477.0,1
1990-04-27 08:00:00+00:00,5.25,659.0,1
1990-04-27 09:00:00+00:00,6.51,808.0,1
1990-04-27 10:00:00+00:00,7.83,911.0,1
1990-04-27 11:00:00+00:00,8.87,958.0,1
1990-04-27 12:00:00+00:00,9.65,791.0,1
1990-04-27 13:00:00+00:00,9.96,664.0,1
1990-04-27 14:00:00+00:00,9.93,601.0,1
1990-04-27 15:00:00+00:00,9.84,586.0,1
1990-04-27 16:00:00+00:00,9.7,276.0,1
1990-04-27 17:00:00+00:00,9.04,130.0,1
1990-04-27 18:00:00+00:00,8.33,15.0,1
1990-04-27 19:00:00+00:00,7.64,0.0,1
1990-04-27 20:00:00+00:00,6.32,0.0,1
1990-04-27 21:00:00+00:00,5.14,0.0,1
1990-04-27 22:00:00+00:00,4.19,0.0,1
1990-04-27 23:00:00+00:00,3.59,0.0,1
1990-04-28 00:00:00+00:00,2.99,0.0,0
1990-04-28 01:00:00+00:00,2.43,0.0,0
1990-04-28 02:00:00+00:00,1.97,0.0,0
1990-04-28 03:00:00+00:00,1.61,0.0,0
1990-04-28 04:00:00+00:00,1.2,0.0,0
1990-04-28 05:00:00+00:00,0.99,8.0,0
1990-04-28 06:00:00+00:00,0.99,180.0,0
1990-04-28 07:00:00+00:00,2.94,440.0,0
1990-04-28 08:00:00+00:00,3.98,544.0,0
1990-04-28 09:00:00+00:00,5.49,213.0,0
1990-04-28 10:00:00+00:00,7.11,687.0,0
1990-04-28 11:00:00+00:00,7.78,401.0,0
1990-04-28 12:00:00+00:00,8.33,312.0,0
1990-04-28 13:00:00+00:00,8.25,323.0,0
1990-04-28 14:00:00+00:00,8.22,252.0,0
1990-04-28 15:00:00+00:00,7.94,108.0,0
1990-04-28 16:00:00+00:00,7.07,60.0,0
1990-04-28 17:00:00+00:00,6.02,25.0,0
1990-04-28 18:00:00+00:00,5.21,13.0,0
1990-04-28 19:00:00+00:00,3.92,0.0,0
1990-04-28 20:00:00+00:00,3.44,0.0,0
1990-04-28 21:00:00+00:00,2.94,0.0,0
1990-04-28 22:00:00+00:00,1.91,0.0,0
1990-04-28 23:00:00+00:00,1.16,0.0,0
1990-04-29 00:00:00+00:00,0.8,0.0,0
1990-04-29 01:00:00+00:00,0.46,0.0,0
1990-04-29 02:00:00+00:00,0.32,0.0,0
1990-04-29 03:00:00+00:00,0.15,0.0,0
1990-04-29 04:00:00+00:00,-0.1,0.0,0
1990-04-29 05:00:00+00:00,-0.11,71.0,0
1990-04-29 06:00:00+00:00,-0.36,231.0,0
1990-04-29 07:00:00+00:00,0.32,409.0,0
1990-04-29 08:00:00+00:00,1.44,548.0,0
1990-04-29 09:00:00+00:00,1.63,724.0,0
1990-04-29 10:00:00+00:00,2.33,716.0,0
1990-04-29 11:00:00+00:00,2.9,630.0,0
1990-04-29 12:00:00+00:00,3.66,492.0,0
1990-04-29 13:00:00+00:00,3.84,759.0,0
1990-04-29 14:00:00+00:00,4.21,752.0,0
1990-04-29 15:00:00+00:00,4.67,589.0,0
1990-04-29 16:00:00+00:00,4.66,399.0,0
1990-04-29 17:00:00+00:00,4.79,204.0,0
1990-04-29 18:00:00+00:00,4.28,16.0,0
1990-04-29 19:00:00+00:00,3.88,0.0,0
1990-04-29 20:00:00+00:00,2.55,0.0,0
1990-04-29 21:00:00+00:00,1.44,0.0,0
1990-04-29 22:00:00+00:00,0.9,0.0,0
1990-04-29 23:00:00+00:00,0.7,0.0,0
1990-04-30 00:00:00+00:00,0.67,0.0,1
1990-04-30 01:00:00+00:00,0.64,0.0,1
1990-04-30 02:00:00+00:00,0.68,0.0,1
1990-04-30 03:00:00+00:00,0.6,0.0,1
1990-04-30 04:00:00+00:00,0.43,0.0,1
1990-04-30 05:00:00+00:00,0.74,78.0,1
1990-04-30 06:00:00+00:00,1.5,231.0,1
1990-04-30 07:00:00+00:00,3.17,454.0,1
1990-04-30 08:00:00+00:00,4.41,346.0,1
1990-04-30 09:00:00+00:00,4.71,790.0,1
1990-04-30 10:00:00+00:00,5.09,746.0,1
1990-04-30 11:00:00+00:00,5.17,466.0,1
1990-04-30 12:00:00+00:00,5.15,247.0,1
1990-04-30 13:00:00+00:00,3.79,224.0,1
1990-04-30 14:00:00+00:00,2.47,134.0,1
1990-04-30 15:00:00+00:00,1.68,356.0,1
1990-04-30 16:00:00+00:00,0.04,52.0,1
1990-04-30 17:00:00+00:00,0.31,25.0,1
1990-04-30 18:00:00+00:00,0.58,17.0,1
1990-04-30 19:00:00+00:00,0.85,0.0,1
1990-04-30 20:00:00+00:00,1.13,0.0,1
1990-04-30 21:00:00+00:00,1.4,0.0,1
1990-04-30 22:00:00+00:00,1.67,0.0,1
1990-04-30 23:00:00+00:00,1.94,0.0,1
1990-05-01 00:00:00+00:00,2.22,0.0,1
1990-05-01 01:00:00+00:00,2.49,0.0,1
1990-05-01 02:00:00+00:00,2.76,0.0,1
1990-05-01 03:00:00+00:00,3.03,0.0,1
1990-05-01 04:00:00+00:00,3.3,0.0,1
1990-05-01 05:00:00+00:00,3.58,50.0,1
1990-05-01 06:00:00+00:00,3.85,74.0,1
1990-05-01 07:00:00+00:00,4.12,95.0,1
1990-05-01 08:00:00+00:00,5.51,87.0,1
1990-05-01 09:00:00+00:00,5.88,108.0,1
1990-05-01 10:00:00+00:00,6.24,147.0,1
1990-05-01 11:00:00+00:00,6.92,137.0,1
1990-05-01 12:00:00+00:00,7.15,126.0,1
1990-05-01 13:00:00+00:00,7.16,89.0,1
1990-05-01 14:00:00+00:00,7.13,83.0,1
1990-05-01 15:00:00+00:00,7.3,108.0,1
1990-05-01 16:00:00+00:00,6.45,63.0,1
1990-05-01 17:00:00+00:00,5.9,32.0,1
1990-05-01 18:00:00+00:00,5.67,3.0,1
1990-05-01 19:00:00+00:00,5.61,0.0,1
1990-05-01 20:00:00+00:00,5.34,0.0,1
1990-05-01 21:00:00+00:00,5.03,0.0,1
1990-05-01 22:00:00+00:00,4.87,0.0,1
1990-05-01 23:00:00+00:00,4.68,0.0,1
1990-05-02 00:00:00+00:00,4.57,0.0,1
1990-05-02 01:00:00+00:00,4.35,0.0,1
1990-05-02 02:00:00+00:00,4.39,0.0,1
1990-05-02 03:00:00+00:00,4.24,0.0,1
1990-05-02 04:00:00+00:00,4.06,0.0,1
1990-05-02 05:00:00+00:00,3.93,59.0,1
1990-05-02 06:00:00+00:00,4.07,113.0,1
1990-05-02 07:00:00+00:00,4.24,143.0,1
1990-05-02 08:00:00+00:00,4.13,155.0,1
1990-05-02 09:00:00+00:00,4.36,134.0,1
1990-05-02 10:00:00+00:00,4.18,91.0,1
1990-05-02 11:00:00+00:00,3.91,180.0,1
1990-05-02 12:00:00+00:00,3.71,127.0,1
1990-05-02 13:00:00+00:00,3.54,82.0,1
1990-05-02 14:00:00+00:00,3.09,63.0,1
1990-05-02 15:00:00+00:00,2.33,56.0,1
1990-05-02 16:00:00+00:00,2.06,45.0,1
1990-05-02 17:00:00+00:00,1.96,25.0,1
1990-05-02 18:00:00+00:00,1.89,9.0,1
1990-05-02 19:00:00+00:00,1.31,0.0,1
1990-05-02 20:00:00+00:00,1.13,0.0,1
1990-05-02 21:00:00+00:00,1.02,0.0,1
1990-05-02 22:00:00+00:00,0.85,0.0,1
1990-05-02 23:00:00+00:00,0.55,0.0,1
1990-05-03 00:00:00+00:00,0.28,0.0,1
1990-05-03 01:00:00+00:00,0.28,0.0,1
1990-05-03 02:00:00+00:00,0.17,0.0,1
1990-05-03 03:00:00+00:00,-0.02,0.0,1
1990-05-03 04:00:00+00:00,-0.03,0.0,1
1990-05-03 05:00:00+00:00,-0.11,49.0,1
1990-05-03 06:00:00+00:00,0.06,166.0,1
1990-05-03 07:00:00+00:00,1.51,125.0,1
1990-05-03 08:00:00+00:00,2.6,199.0,1
1990-05-03 09:00:00+00:00,3.01,318.0,1
1990-05-03 10:00:00+00:00,3.18,254.0,1
1990-05-03 11:00:00+00:00,3.45,394.0,1
1990-05-03 12:00:00+00:00,3.71,228.0,1
1990-05-03 13:00:00+00:00,3.52,175.0,1
1990-05-03 14:00:00+00:00,3.0,229.0,1
1990-05-03 15:00:00+00:00,2.96,80.0,1
1990-05-03 16:00:00+00:00,2.78,34.0,1
1990-05-03 17:00:00+00:00,2.16,24.0,1
1990-05-03 18:00:00+00:00,1.54,16.0,1
1990-05-03 19:00:00+00:00,1.07,0.0,1
1990-05-03 20:00:00+00:00,0.95,0.0,1
1990-05-03 21:00:00+00:00,1.0,0.0,1
1990-05-03 22:00:00+00:00,1.05,0.0,1
1990-05-03 23:00:00+00:00,1.08,0.0,1
1990-05-04 00:00:00+00:00,0.97,0.0,1
1990-05-04 01:00:00+00:00,0.86,0.0,1
1990-05-04 02:00:00+00:00,0.95,0.0,1
1990-05-04 03:00:00+00:00,0.99,0.0,1
1990-05-04 04:00:00+00:00,1.07,0.0,1
1990-05-04 05:00:00+00:00,1.14,9.0,1
1990-05-04 06:00:00+00:00,1.43,43.0,1
1990-05-04 07:00:00+00:00,2.31,67.0,1
1990-05-04 08:00:00+00:00,2.81,147.0,1
1990-05-04 09:00:00+00:00,3.02,461.0,1
1990-05-04 10:00:00+00:00,3.58,333.0,1
1990-05-04 11:00:00+00:00,3.95,436.0,1
1990-05-04 12:00:00+00:00,4.49,326.0,1
1990-05-04 13:00:00+00:00,5.15,425.0,1
1990-05-04 14:00:00+00:00,5.69,366.0,1
1990-05-04 15:00:00+00:00,5.67,74.0,1
1990-05-04 16:00:00+00:00,5.17,268.0,1
1990-05-04 17:00:00+00:00,4.9,138.0,1
1990-05-04 18:00:00+00:00,4.44,16.0,1
1990-05-04 19:00:00+00:00,4.28,0.0,1
1990-05-04 20:00:00+00:00,4.07,0.0,1
1990-05-04 21:00:00+00:00,3.73,0.0,1
1990-05-04 22:00:00+00:00,3.18,0.0,1
1990-05-04 23:00:00+00:00,2.39,0.0,1
1990-05-05 00:00:00+00:00,2.05,0.0,0
1990-05-05 01:00:00+00:00,1.49,0.0,0
1990-05-05 02:00:00+00:00,1.44,0.0,0
1990-05-05 03:00:00+00:00,1.29,0.0,0
1990-05-05 04:00:00+00:00,1.22,0.0,0
1990-05-05 05:00:00+00:00,1.49,11.0,0
1990-05-05 06:00:00+00:00,1.73,36.0,0
1990-05-05 07:00:00+00:00,1.61,42.0,0
1990-05-05 08:00:00+00:00,1.72,57.0,0
1990-05-05 09:00:00+00:00,1.98,87.0,0
1990-05-05 10:00:00+00:00,2.57,78.0,0
1990-05-05 11:00:00+00:00,3.38,82.0,0
1990-05-05 12:00:00+00:00,3.71,81.0,0
1990-05-05 13:00:00+00:00,3.54,75.0,0
1990-05-05 14:00:00+00:00,2.99,64.0,0
1990-05-05 15:00:00+00:00,2.03,50.0,0
1990-05-05 16:00:00+00:00,1.76,50.0,0
1990-05-05 17:00:00+00:00,1.62,38.0,0
1990-05-05 18:00:00+00:00,1.49,23.0,0
1990-05-05 19:00:00+00:00,1.66,0.0,0
1990-05-05 20:00:00+00:00,1.7,0.0,0
1990-05-05 21:00:00+00:00,1.86,0.0,0
1990-05-05 22:00:00+00:00,1.72,0.0,0
1990-05-05 23:00:00+00:00,1.35,0.0,0
1990-05-06 00:00:00+00:00,1.01,0.0,0
1990-05-06 01:00:00+00:00,0.72,0.0,0
1990-05-06 02:00:00+00:00,0.29,0.0,0
1990-05-06 03:00:00+00:00,-0.3,0.0,0
1990-05-06 04:00:00+00:00,-0.82,0.0,0
1990-05-06 05:00:00+00:00,-1.61,104.0,0
1990-05-06 06:00:00+00:00,-2.18,274.0,0
1990-05-06 07:00:00+00:00,-1.33,317.0,0
1990-05-06 08:00:00+00:00,0.79,685.0,0
1990-05-06 09:00:00+00:00,2.38,661.0,0
1990-05-06 10:00:00+00:00,3.44,833.0,0
1990-05-06 11:00:00+00:00,3.95,792.0,0
1990-05-06 12:00:00+00:00,3.28,801.0,0
1990-05-06 13:00:00+00:00,2.89,849.0,0
1990-05-06 14:00:00+00:00,2.31,770.0,0
1990-05-06 15:00:00+00:00,1.87,607.0,0
1990-05-06 16:00:00+00:00,1.34,387.0,0
1990-05-06 17:00:00+00:00,0.84,152.0,0
1990-05-06 18:00:00+00:00,0.63,24.0,0
1990-05-06 19:00:00+00:00,0.49,0.0,0
1990-05-06 20:00:00+00:00,0.17,0.0,0
1990-05-06 21:00:00+00:00,-0.01,0.0,0
1990-05-06 22:00:00+00:00,-0.35,0.0,0
1990-05-06 23:00:00+00:00,-0.58,0.0,0
1990-05-07 00:00:00+00:00,-0.68,0.0,1
1990-05-07 01:00:00+00:00,-1.1,0.0,1
1990-05-07 02:00:00+00:00,-1.65,0.0,1
1990-05-07 03:00:00+00:00,-2.03,0.0,1
1990-05-07 04:00:00+00:00,-2.48,0.0,1
1990-05-07 05:00:00+00:00,-2.6,115.0,1
1990-05-07 06:00:00+00:00,-2.19,205.0,1
1990-05-07 07:00:00+00:00,-0.41,273.0,1
1990-05-07 08:00:00+00:00,1.55,387.0,1
1990-05-07 09:00:00+00:00,3.42,407.0,1
1990-05-07 10:00:00+00:00,4.69,219.0,1
1990-05-07 11:00:00+00:00,5.45,826.0,1
1990-05-07 12:00:00+00:00,5.62,961.0,1
1990-05-07 13:00:00+00:00,5.64,891.0,1
1990-05-07 14:00:00+00:00,5.79,769.0,1
1990-05-07 15:00:00+00:00,4.91,300.0,1
1990-05-07 16:00:00+00:00,3.93,142.0,1
1990-05-07 17:00:00+00:00,3.18,82.0,1
1990-05-07 18:00:00+00:00,2.41,4.0,1
1990-05-07 19:00:00+00:00,1.9,0.0,1
1990-05-07 20:00:00+00:00,1.48,0.0,1
1990-05-07 21:00:00+00:00,1.03,0.0,1
1990-05-07 22:00:00+00:00,0.78,0.0,1
1990-05-07 23:00:00+00:00,0.26,0.0,1
1990-05-08 00:00:00+00:00,-0.24,0.0,1
1990-05-08 01:00:00+00:00,-0.16,0.0,1
1990-05-08 02:00:00+00:00,-0.3,0.0,1
1990-05-08 03:00:00+00:00,-0.4,0.0,1
1990-05-08 04:00:00+00:00,-0.49,0.0,1
1990-05-08 05:00:00+00:00,-0.5,24.0,1
1990-05-08 06:00:00+00:00,0.26,62.0,1
1990-05-08 07:00:00+00:00,2.1,369.0,1
1990-05-08 08:00:00+00:00,3.3,611.0,1
1990-05-08 09:00:00+00:00,4.14,620.0,1
1990-05-08 10:00:00+00:00,4.98,823.0,1
1990-05-08 11:00:00+00:00,5.66,923.0,1
1990-05-08 12:00:00+00:00,6.12,876.0,1
1990-05-08 13:00:00+00:00,6.47,651.0,1
1990-05-08 14:00:00+00:00,6.0,772.0,1
1990-05-08 15:00:00+00:00,5.85,610.0,1
1990-05-08 16:00:00+00:00,5.75,314.0,1
1990-05-08 17:00:00+00:00,3.92,84.0,1
1990-05-08 18:00:00+00:00,3.33,26.0,1
1990-05-08 19:00:00+00:00,4.1,0.0,1
1990-05-08 20:00:00+00:00,3.54,0.0,1
1990-05-08 21:00:00+00:00,2.87,0.0,1
1990-05-08 22:00:00+00:00,2.2,0.0,1
1990-05-08 23:00:00+00:00,1.48,0.0,1
1990-05-09 00:00:00+00:00,0.46,0.0,1
1990-05-09 01:00:00+00:00,-0.19,0.0,1
1990-05-09 02:00:00+00:00,-0.73,0.0,1
1990-05-09 03:00:00+00:00,-1.53,0.0,1
1990-05-09 04:00:00+00:00,-2.39,0.0,1
1990-05-09 05:00:00+00:00,-2.69,131.0,1
1990-05-09 06:00:00+00:00,-0.95,317.0,1
1990-05-09 07:00:00+00:00,2.21,349.0,1
1990-05-09 08:00:00+00:00,4.72,597.0,1
1990-05-09 09:00:00+00:00,6.14,820.0,1
1990-05-09 10:00:00+00:00,7.05,930.0,1
1990-05-09 11:00:00+00:00,7.91,552.0,1
1990-05-09 12:00:00+00:00,7.93,540.0,1
1990-05-09 13:00:00+00:00,7.25,700.0,1
1990-05-09 14:00:00+00:00,6.57,421.0,1
1990-05-09 15:00:00+00:00,5.91,228.0,1
1990-05-09 16:00:00+00:00,5.55,59.0,1
1990-05-09 17:00:00+00:00,5.25,28.0,1
1990-05-09 18:00:00+00:00,5.26,26.0,1
1990-05-09 19:00:00+00:00,4.74,0.0,1
1990-05-09 20:00:00+00:00,4.3,0.0,1
1990-05-09 21:00:00+00:00,4.04,0.0,1
1990-05-09 22:00:00+00:00,3.53,0.0,1
1990-05-09 23:00:00+00:00,3.0,0.0,1
1990-05-10 00:00:00+00:00,2.83,0.0,1
1990-05-10 01:00:00+00:00,2.27,0.0,1
1990-05-10 02:00:00+00:00,2.16,0.0,1
1990-05-10 03:00:00+00:00,1.98,0.0,1
1990-05-10 04:00:00+00:00,1.31,0.0,1
1990-05-10 05:00:00+00:00,1.44,77.0,1
1990-05-10 06:00:00+00:00,1.94,284.0,1
1990-05-10 07:00:00+00:00,3.12,511.0,1
1990-05-10 08:00:00+00:00,4.33,646.0,1
1990-05-10 09:00:00+00:00,6.44,831.0,1
1990-05-10 10:00:00+00:00,7.22,0.0,1
1990-05-10 11:00:00+00:00,8.3,240.0,1
1990-05-10 12:00:00+00:00,9.53,882.0,1
1990-05-10 13:00:00+00:00,8.7,890.0,1
1990-05-10 14:00:00+00:00,7.36,661.0,1
1990-05-10 15:00:00+00:00,7.82,66.0,1
1990-05-10 16:00:00+00:00,7.52,51.0,1
1990-05-10 17:00:00+00:00,6.19,231.0,1
1990-05-10 18:00:00+00:00,5.91,26.0,1
1990-05-10 19:00:00+00:00,5.37,0.0,1
1990-05-10 20:00:00+00:00,4.82,0.0,1
1990-05-10 21:00:00+00:00,4.04,0.0,1
1990-05-10 22:00:00+00:00,3.33,0.0,1
1990-05-10 23:00:00+00:00,2.77,0.0,1
1990-05-11 00:00:00+00:00,2.44,0.0,1
1990-05-11 01:00:00+00:00,2.32,0.0,1
1990-05-11 02:00:00+00:00,2.47,0.0,1
1990-05-11 03:00:00+00:00,2.41,0.0,1
1990-05-11 04:00:00+00:00,2.28,0.0,1
1990-05-11 05:00:00+00:00,2.22,62.0,1
1990-05-11 06:00:00+00:00,2.74,296.0,1
1990-05-11 07:00:00+00:00,4.56,513.0,1
1990-05-11 08:00:00+00:00,5.33,689.0,1
1990-05-11 09:00:00+00:00,6.52,832.0,1
1990-05-11 10:00:00+00:00,7.42,930.0,1
1990-05-11 11:00:00+00:00,7.98,886.0,1
1990-05-11 12:00:00+00:00,8.3,961.0,1
1990-05-11 13:00:00+00:00,8.76,669.0,1
1990-05-11 14:00:00+00:00,7.95,162.0,1
1990-05-11 15:00:00+00:00,7.25,377.0,1
1990-05-11 16:00:00+00:00,6.49,181.0,1
1990-05-11 17:00:00+00:00,5.72,20.0,1
1990-05-11 18:00:00+00:00,5.15,5.0,1
1990-05-11 19:00:00+00:00,3.66,0.0,1
1990-05-11 20:00:00+00:00,2.92,0.0,1
1990-05-11 21:00:00+00:00,2.42,0.0,1
1990-05-11 22:00:00+00:00,1.93,0.0,1
1990-05-11 23:00:00+00:00,1.27,0.0,1
1990-05-12 00:00:00+00:00,0.58,0.0,0
1990-05-12 01:00:00+00:00,0.13,0.0,0
1990-05-12 02:00:00+00:00,-0.25,0.0,0
1990-05-12 03:00:00+00:00,-0.56,0.0,0
1990-05-12 04:00:00+00:00,-0.42,0.0,0
1990-05-12 05:00:00+00:00,-0.28,88.0,0
1990-05-12 06:00:00+00:00,1.44,282.0,0
1990-05-12 07:00:00+00:00,3.56,519.0,0
1990-05-12 08:00:00+00:00,5.32,695.0,0
1990-05-12 09:00:00+00:00,6.91,819.0,0
1990-05-12 10:00:00+00:00,8.01,885.0,0
1990-05-12 11:00:00+00:00,7.66,761.0,0
1990-05-12 12:00:00+00:00,7.99,568.0,0
1990-05-12 13:00:00+00:00,7.08,104.0,0
1990-05-12 14:00:00+00:00,5.98,771.0,0
1990-05-12 15:00:00+00:00,5.11,617.0,0
1990-05-12 16:00:00+00:00,4.01,36.0,0
1990-05-12 17:00:00+00:00,3.92,20.0,0
1990-05-12 18:00:00+00:00,3.05,12.0,0
1990-05-12 19:00:00+00:00,1.99,0.0,0
1990-05-12 20:00:00+00:00,1.87,0.0,0
1990-05-12 21:00:00+00:00,1.53,0.0,0
1990-05-12 22:00:00+00:00,1.46,0.0,0
1990-05-12 23:00:00+00:00,1.35,0.0,0
1990-05-13 00:00:00+00:00,1.28,0.0,0
1990-05-13 01:00:00+00:00,1.0,0.0,0
1990-05-13 02:00:00+00:00,0.9,0.0,0
1990-05-13 03:00:00+00:00,0.75,0.0,0
1990-05-13 04:00:00+00:00,0.58,0.0,0
1990-05-13 05:00:00+00:00,0.6,19.0,0
1990-05-13 06:00:00+00:00,0.71,63.0,0
1990-05-13 07:00:00+00:00,1.28,90.0,0
1990-05-13 08:00:00+00:00,2.04,132.0,0
1990-05-13 09:00:00+00:00,1.53,224.0,0
1990-05-13 10:00:00+00:00,2.67,494.0,0
1990-05-13 11:00:00+00:00,2.65,247.0,0
1990-05-13 12:00:00+00:00,3.92,204.0,0
1990-05-13 13:00:00+00:00,3.66,76.0,0
1990-05-13 14:00:00+00:00,3.69,66.0,0
1990-05-13 15:00:00+00:00,3.02,53.0,0
1990-05-13 16:00:00+00:00,2.33,264.0,0
1990-05-13 17:00:00+00:00,2.42,23.0,0
1990-05-13 18:00:00+00:00,1.98,7.0,0
1990-05-13 19:00:00+00:00,1.29,0.0,0
1990-05-13 20:00:00+00:00,0.82,0.0,0
1990-05-13 21:00:00+00:00,0.55,0.0,0
1990-05-13 22:00:00+00:00,0.45,0.0,0
1990-05-13 23:00:00+00:00,0.16,0.0,0
1990-05-14 00:00:00+00:00,0.02,0.0,1
1990-05-14 01:00:00+00:00,-0.08,0.0,1
1990-05-14 02:00:00+00:00,-0.29,0.0,1
1990-05-14 03:00:00+00:00,-0.57,0.0,1
1990-05-14 04:00:00+00:00,-0.76,0.0,1
1990-05-14 05:00:00+00:00,-0.75,53.0,1
1990-05-14 06:00:00+00:00,-0.25,73.0,1
1990-05-14 07:00:00+00:00,0.62,108.0,1
1990-05-14 08:00:00+00:00,0.72,132.0,1
1990-05-14 09:00:00+00:00,1.54,169.0,1
1990-05-14 10:00:00+00:00,1.98,402.0,1
1990-05-14 11:00:00+00:00,2.4,148.0,1
1990-05-14 12:00:00+00:00,2.81,250.0,1
1990-05-14 13:00:00+00:00,2.52,161.0,1
1990-05-14 14:00:00+00:00,2.57,74.0,1
1990-05-14 15:00:00+00:00,2.0,61.0,1
1990-05-14 16:00:00+00:00,1.6,40.0,1
1990-05-14 17:00:00+00:00,1.05,27.0,1
1990-05-14 18:00:00+00:00,0.54,6.0,1
1990-05-14 19:00:00+00:00,0.32,0.0,1
1990-05-14 20:00:00+00:00,0.2,0.0,1
1990-05-14 21:00:00+00:00,0.11,0.0,1
1990-05-14 22:00:00+00:00,0.02,0.0,1
1990-05-14 23:00:00+00:00,-0.23,0.0,1
1990-05-15 00:00:00+00:00,-0.44,0.0,1
1990-05-15 01:00:00+00:00,-0.66,0.0,1
1990-05-15 02:00:00+00:00,-0.68,0.0,1
1990-05-15 03:00:00+00:00,-0.63,0.0,1
1990-05-15 04:00:00+00:00,-0.74,0.0,1
1990-05-15 05:00:00+00:00,-1.0,129.0,1
1990-05-15 06:00:00+00:00,-0.9,115.0,1
1990-05-15 07:00:00+00:00,-0.07,320.0,1
1990-05-15 08:00:00+00:00,0.42,517.0,1
1990-05-15 09:00:00+00:00,1.16,853.0,1
1990-05-15 10:00:00+00:00,1.55,476.0,1
1990-05-15 11:00:00+00:00,1.7,458.0,1
1990-05-15 12:00:00+00:00,1.97,511.0,1
1990-05-15 13:00:00+00:00,1.88,392.0,1
1990-05-15 14:00:00+00:00,1.78,416.0,1
1990-05-15 15:00:00+00:00,1.44,379.0,1
1990-05-15 16:00:00+00:00,1.22,229.0,1
1990-05-15 17:00:00+00:00,0.53,62.0,1
1990-05-15 18:00:00+00:00,-0.1,40.0,1
1990-05-15 19:00:00+00:00,-1.16,0.0,1
1990-05-15 20:00:00+00:00,-1.25,0.0,1
1990-05-15 21:00:00+00:00,-1.26,0.0,1
1990-05-15 22:00:00+00:00,-1.38,0.0,1
1990-05-15 23:00:00+00:00,-1.47,0.0,1
1990-05-16 00:00:00+00:00,-1.6,0.0,1
1990-05-16 01:00:00+00:00,-1.71,0.0,1
1990-05-16 02:00:00+00:00,-1.8,0.0,1
1990-05-16 03:00:00+00:00,-1.95,0.0,1
1990-05-16 04:00:00+00:00,-2.11,0.0,1
1990-05-16 05:00:00+00:00,-2.37,106.0,1
1990-05-16 06:00:00+00:00,-1.96,125.0,1
1990-05-16 07:00:00+00:00,-1.3,143.0,1
1990-05-16 08:00:00+00:00,-0.84,239.0,1
1990-05-16 09:00:00+00:00,0.08,468.0,1
1990-05-16 10:00:00+00:00,0.54,430.0,1
1990-05-16 11:00:00+00:00,0.85,511.0,1
1990-05-16 12:00:00+00:00,1.33,624.0,1
1990-05-16 13:00:00+00:00,1.87,707.0,1
1990-05-16 14:00:00+00:00,1.85,459.0,1
1990-05-16 15:00:00+00:00,1.7,585.0,1
1990-05-16 16:00:00+00:00,1.53,450.0,1
1990-05-16 17:00:00+00:00,0.78,255.0,1
1990-05-16 18:00:00+00:00,0.48,32.0,1
1990-05-16 19:00:00+00:00,-0.5,0.0,1
1990-05-16 20:00:00+00:00,-0.73,0.0,1
1990-05-16 21:00:00+00:00,-0.85,0.0,1
1990-05-16 22:00:00+00:00,-0.88,0.0,1
1990-05-16 23:00:00+00:00,-0.93,0.0,1
1990-05-17 00:00:00+00:00,-1.1,0.0,1
1990-05-17 01:00:00+00:00,-1.35,0.0,1
1990-05-17 02:00:00+00:00,-1.33,0.0,1
1990-05-17 03:00:00+00:00,-1.19,0.0,1
1990-05-17 04:00:00+00:00,-1.36,0.0,1
1990-05-17 05:00:00+00:00,-1.37,159.0,1
1990-05-17 06:00:00+00:00,-1.11,348.0,1
1990-05-17 07:00:00+00:00,-0.67,542.0,1
1990-05-17 08:00:00+00:00,0.22,719.0,1
1990-05-17 09:00:00+00:00,1.26,863.0,1
1990-05-17 10:00:00+00:00,2.12,255.0,1
1990-05-17 11:00:00+00:00,2.56,759.0,1
1990-05-17 12:00:00+00:00,3.02,992.0,1
1990-05-17 13:00:00+00:00,3.1,922.0,1
1990-05-17 14:00:00+00:00,3.1,605.0,1
1990-05-17 15:00:00+00:00,3.05,546.0,1
1990-05-17 16:00:00+00:00,2.48,454.0,1
1990-05-17 17:00:00+00:00,2.42,259.0,1
1990-05-17 18:00:00+00:00,2.1,33.0,1
1990-05-17 19:00:00+00:00,1.66,0.0,1
1990-05-17 20:00:00+00:00,1.09,0.0,1
1990-05-17 21:00:00+00:00,0.74,0.0,1
1990-05-17 22:00:00+00:00,0.62,0.0,1
1990-05-17 23:00:00+00:00,0.44,0.0,1
1990-05-18 00:00:00+00:00,0.34,0.0,1
1990-05-18 01:00:00+00:00,-0.07,0.0,1
1990-05-18 02:00:00+00:00,-0.37,0.0,1
1990-05-18 03:00:00+00:00,-0.84,0.0,1
1990-05-18 04:00:00+00:00,-1.13,5.0,1
1990-05-18 05:00:00+00:00,-1.57,161.0,1
1990-05-18 06:00:00+00:00,-0.86,351.0,1
1990-05-18 07:00:00+00:00,0.4,544.0,1
1990-05-18 08:00:00+00:00,1.43,720.0,1
1990-05-18 09:00:00+00:00,2.23,864.0,1
1990-05-18 10:00:00+00:00,2.84,962.0,1
1990-05-18 11:00:00+00:00,3.23,998.0,1
1990-05-18 12:00:00+00:00,3.74,678.0,1
1990-05-18 13:00:00+00:00,3.81,923.0,1
1990-05-18 14:00:00+00:00,3.63,601.0,1
1990-05-18 15:00:00+00:00,3.19,642.0,1
1990-05-18 16:00:00+00:00,2.74,456.0,1
1990-05-18 17:00:00+00:00,2.22,209.0,1
1990-05-18 18:00:00+00:00,1.98,33.0,1
1990-05-18 19:00:00+00:00,0.92,0.0,1
1990-05-18 20:00:00+00:00,0.31,0.0,1
1990-05-18 21:00:00+00:00,-0.04,0.0,1
1990-05-18 22:00:00+00:00,-0.49,0.0,1
1990-05-18 23:00:00+00:00,-1.21,0.0,1
1990-05-19 00:00:00+00:00,-1.44,0.0,0
1990-05-19 01:00:00+00:00,-1.78,0.0,0
1990-05-19 02:00:00+00:00,-2.41,0.0,0
1990-05-19 03:00:00+00:00,-2.78,0.0,0
1990-05-19 04:00:00+00:00,-3.21,3.0,0
1990-05-19 05:00:00+00:00,-3.38,153.0,0
1990-05-19 06:00:00+00:00,-2.71,355.0,0
1990-05-19 07:00:00+00:00,-1.05,401.0,0
1990-05-19 08:00:00+00:00,0.24,594.0,0
1990-05-19 09:00:00+00:00,1.01,872.0,0
1990-05-19 10:00:00+00:00,1.64,882.0,0
1990-05-19 11:00:00+00:00,2.23,755.0,0
1990-05-19 12:00:00+00:00,2.69,906.0,0
1990-05-19 13:00:00+00:00,2.81,659.0,0
1990-05-19 14:00:00+00:00,2.76,811.0,0
1990-05-19 15:00:00+00:00,2.77,649.0,0
1990-05-19 16:00:00+00:00,2.33,370.0,0
1990-05-19 17:00:00+00:00,1.8,267.0,0
1990-05-19 18:00:00+00:00,1.77,7.0,0
1990-05-19 19:00:00+00:00,1.5,0.0,0
1990-05-19 20:00:00+00:00,1.1,0.0,0
1990-05-19 21:00:00+00:00,0.65,0.0,0
1990-05-19 22:00:00+00:00,0.48,0.0,0
1990-05-19 23:00:00+00:00,0.21,0.0,0
1990-05-20 00:00:00+00:00,-0.01,0.0,0
1990-05-20 01:00:00+00:00,-0.67,0.0,0
1990-05-20 02:00:00+00:00,-1.0,0.0,0
1990-05-20 03:00:00+00:00,-1.13,0.0,0
1990-05-20 04:00:00+00:00,-1.18,1.0,0
1990-05-20 05:00:00+00:00,-1.31,157.0,0
1990-05-20 06:00:00+00:00,-0.33,349.0,0
1990-05-20 07:00:00+00:00,1.46,539.0,0
1990-05-20 08:00:00+00:00,2.51,713.0,0
1990-05-20 09:00:00+00:00,3.22,855.0,0
1990-05-20 10:00:00+00:00,3.89,952.0,0
1990-05-20 11:00:00+00:00,4.51,995.0,0
1990-05-20 12:00:00+00:00,4.47,982.0,0
1990-05-20 13:00:00+00:00,4.64,914.0,0
1990-05-20 14:00:00+00:00,4.51,795.0,0
1990-05-20 15:00:00+00:00,4.36,637.0,0
1990-05-20 16:00:00+00:00,4.48,453.0,0
1990-05-20 17:00:00+00:00,4.26,261.0,0
1990-05-20 18:00:00+00:00,3.64,36.0,0
1990-05-20 19:00:00+00:00,4.24,0.0,0
1990-05-20 20:00:00+00:00,3.82,0.0,0
1990-05-20 21:00:00+00:00,3.43,0.0,0
1990-05-20 22:00:00+00:00,3.0,0.0,0
1990-05-20 23:00:00+00:00,2.41,0.0,0
1990-05-21 00:00:00+00:00,1.91,0.0,1
1990-05-21 01:00:00+00:00,1.67,0.0,1
1990-05-21 02:00:00+00:00,1.33,0.0,1
1990-05-21 03:00:00+00:00,0.84,0.0,1
1990-05-21 04:00:00+00:00,-0.04,7.0,1
1990-05-21 05:00:00+00:00,-0.59,117.0,1
1990-05-21 06:00:00+00:00,0.34,354.0,1
1990-05-21 07:00:00+00:00,2.67,539.0,1
1990-05-21 08:00:00+00:00,4.82,721.0,1
1990-05-21 09:00:00+00:00,5.76,863.0,1
1990-05-21 10:00:00+00:00,6.29,960.0,1
1990-05-21 11:00:00+00:00,6.96,1004.0,1
1990-05-21 12:00:00+00:00,7.38,769.0,1
1990-05-21 13:00:00+00:00,7.67,786.0,1
1990-05-21 14:00:00+00:00,7.76,800.0,1
1990-05-21 15:00:00+00:00,7.66,644.0,1
1990-05-21 16:00:00+00:00,8.18,460.0,1
1990-05-21 17:00:00+00:00,7.43,267.0,1
1990-05-21 18:00:00+00:00,7.04,36.0,1
1990-05-21 19:00:00+00:00,6.38,0.0,1
1990-05-21 20:00:00+00:00,5.36,0.0,1
1990-05-21 21:00:00+00:00,4.38,0.0,1
1990-05-21 22:00:00+00:00,3.22,0.0,1
1990-05-21 23:00:00+00:00,2.13,0.0,1
1990-05-22 00:00:00+00:00,0.43,0.0,1
1990-05-22 01:00:00+00:00,-0.66,0.0,1
1990-05-22 02:00:00+00:00,-1.7,0.0,1
1990-05-22 03:00:00+00:00,-2.5,0.0,1
1990-05-22 04:00:00+00:00,-3.23,8.0,1
1990-05-22 05:00:00+00:00,-3.24,163.0,1
1990-05-22 06:00:00+00:00,0.06,358.0,1
1990-05-22 07:00:00+00:00,4.81,549.0,1
1990-05-22 08:00:00+00:00,8.29,724.0,1
1990-05-22 09:00:00+00:00,9.84,866.0,1
1990-05-22 10:00:00+00:00,10.27,964.0,1
1990-05-22 11:00:00+00:00,10.43,1008.0,1
1990-05-22 12:00:00+00:00,10.85,991.0,1
1990-05-22 13:00:00+00:00,10.44,926.0,1
1990-05-22 14:00:00+00:00,10.1,807.0,1
1990-05-22 15:00:00+00:00,10.58,646.0,1
1990-05-22 16:00:00+00:00,10.75,463.0,1
1990-05-22 17:00:00+00:00,10.42,271.0,1
1990-05-22 18:00:00+00:00,10.09,37.0,1
1990-05-22 19:00:00+00:00,9.55,0.0,1
1990-05-22 20:00:00+00:00,8.77,0.0,1
1990-05-22 21:00:00+00:00,8.07,0.0,1
1990-05-22 22:00:00+00:00,7.43,0.0,1
1990-05-22 23:00:00+00:00,6.5,0.0,1
1990-05-23 00:00:00+00:00,5.31,0.0,1
1990-05-23 01:00:00+00:00,4.01,0.0,1
1990-05-23 02:00:00+00:00,2.51,0.0,1
1990-05-23 03:00:00+00:00,1.76,0.0,1
1990-05-23 04:00:00+00:00,0.86,9.0,1
1990-05-23 05:00:00+00:00,1.11,171.0,1
1990-05-23 06:00:00+00:00,4.11,358.0,1
1990-05-23 07:00:00+00:00,8.62,549.0,1
1990-05-23 08:00:00+00:00,10.9,723.0,1
1990-05-23 09:00:00+00:00,11.98,865.0,1
1990-05-23 10:00:00+00:00,12.67,962.0,1
1990-05-23 11:00:00+00:00,12.58,929.0,1
1990-05-23 12:00:00+00:00,12.14,949.0,1
1990-05-23 13:00:00+00:00,11.79,883.0,1
1990-05-23 14:00:00+00:00,11.71,770.0,1
1990-05-23 15:00:00+00:00,11.83,648.0,1
1990-05-23 16:00:00+00:00,11.8,464.0,1
1990-05-23 17:00:00+00:00,12.08,272.0,1
1990-05-23 18:00:00+00:00,11.53,42.0,1
1990-05-23 19:00:00+00:00,11.29,0.0,1
1990-05-23 20:00:00+00:00,10.57,0.0,1
1990-05-23 21:00:00+00:00,10.03,0.0,1
1990-05-23 22:00:00+00:00,9.43,0.0,1
1990-05-23 23:00:00+00:00,8.85,0.0,1
1990-05-24 00:00:00+00:00,8.17,0.0,1
1990-05-24 01:00:00+00:00,7.3,0.0,1
1990-05-24 02:00:00+00:00,6.53,0.0,1
1990-05-24 03:00:00+00:00,5.82,0.0,1
1990-05-24 04:00:00+00:00,5.16,10.0,1
1990-05-24 05:00:00+00:00,4.79,148.0,1
1990-05-24 06:00:00+00:00,6.33,334.0,1
1990-05-24 07:00:00+00:00,10.12,510.0,1
1990-05-24 08:00:00+00:00,11.82,675.0,1
1990-05-24 09:00:00+00:00,13.08,830.0,1
1990-05-24 10:00:00+00:00,14.09,957.0,1
1990-05-24 11:00:00+00:00,14.66,996.0,1
1990-05-24 12:00:00+00:00,14.98,978.0,1
1990-05-24 13:00:00+00:00,15.38,920.0,1
1990-05-24 14:00:00+00:00,15.35,810.0,1
1990-05-24 15:00:00+00:00,14.95,596.0,1
1990-05-24 16:00:00+00:00,14.96,432.0,1
1990-05-24 17:00:00+00:00,14.72,225.0,1
1990-05-24 18:00:00+00:00,14.04,51.0,1
1990-05-24 19:00:00+00:00,13.97,0.0,1
1990-05-24 20:00:00+00:00,13.06,0.0,1
1990-05-24 21:00:00+00:00,12.32,0.0,1
1990-05-24 22:00:00+00:00,11.66,0.0,1
1990-05-24 23:00:00+00:00,10.98,0.0,1
1990-05-25 00:00:00+00:00,10.24,0.0,1
1990-05-25 01:00:00+00:00,9.48,0.0,1
1990-05-25 02:00:00+00:00,8.64,0.0,1
1990-05-25 03:00:00+00:00,7.84,0.0,1
1990-05-25 04:00:00+00:00,7.11,9.0,1
1990-05-25 05:00:00+00:00,6.82,141.0,1
1990-05-25 06:00:00+00:00,7.98,339.0,1
1990-05-25 07:00:00+00:00,11.59,517.0,1
1990-05-25 08:00:00+00:00,13.29,710.0,1
1990-05-25 09:00:00+00:00,14.65,853.0,1
1990-05-25 10:00:00+00:00,15.83,962.0,1
1990-05-25 11:00:00+00:00,16.52,1005.0,1
1990-05-25 12:00:00+00:00,15.96,993.0,1
1990-05-25 13:00:00+00:00,15.38,893.0,1
1990-05-25 14:00:00+00:00,15.37,738.0,1
1990-05-25 15:00:00+00:00,14.84,531.0,1
1990-05-25 16:00:00+00:00,14.58,451.0,1
1990-05-25 17:00:00+00:00,14.19,232.0,1
1990-05-25 18:00:00+00:00,13.55,51.0,1
1990-05-25 19:00:00+00:00,13.6,0.0,1
1990-05-25 20:00:00+00:00,12.87,0.0,1
1990-05-25 21:00:00+00:00,12.13,0.0,1
1990-05-25 22:00:00+00:00,11.59,0.0,1
1990-05-25 23:00:00+00:00,10.99,0.0,1
1990-05-26 00:00:00+00:00,8.88,0.0,0
1990-05-26 01:00:00+00:00,7.52,0.0,0
1990-05-26 02:00:00+00:00,5.82,0.0,0
1990-05-26 03:00:00+00:00,4.19,0.0,0
1990-05-26 04:00:00+00:00,2.6,13.0,0
1990-05-26 05:00:00+00:00,3.3,145.0,0
1990-05-26 06:00:00+00:00,6.35,344.0,0
1990-05-26 07:00:00+00:00,10.13,521.0,0
1990-05-26 08:00:00+00:00,11.73,493.0,0
1990-05-26 09:00:00+00:00,12.22,401.0,0
1990-05-26 10:00:00+00:00,12.95,130.0,0
1990-05-26 11:00:00+00:00,13.49,105.0,0
1990-05-26 12:00:00+00:00,13.29,904.0,0
1990-05-26 13:00:00+00:00,10.57,355.0,0
1990-05-26 14:00:00+00:00,10.76,314.0,0
1990-05-26 15:00:00+00:00,11.33,315.0,0
1990-05-26 16:00:00+00:00,12.21,200.0,0
1990-05-26 17:00:00+00:00,11.98,175.0,0
1990-05-26 18:00:00+00:00,10.67,50.0,0
1990-05-26 19:00:00+00:00,10.12,0.0,0
1990-05-26 20:00:00+00:00,9.2,0.0,0
1990-05-26 21:00:00+00:00,8.47,0.0,0
1990-05-26 22:00:00+00:00,8.05,0.0,0
1990-05-26 23:00:00+00:00,7.61,0.0,0
1990-05-27 00:00:00+00:00,7.3,0.0,0
1990-05-27 01:00:00+00:00,5.92,0.0,0
1990-05-27 02:00:00+00:00,5.59,0.0,0
1990-05-27 03:00:00+00:00,5.49,0.0,0
1990-05-27 04:00:00+00:00,5.6,2.0,0
1990-05-27 05:00:00+00:00,5.47,25.0,0
1990-05-27 06:00:00+00:00,5.36,74.0,0
1990-05-27 07:00:00+00:00,4.79,50.0,0
1990-05-27 08:00:00+00:00,5.14,103.0,0
1990-05-27 09:00:00+00:00,5.38,252.0,0
1990-05-27 10:00:00+00:00,5.61,340.0,0
1990-05-27 11:00:00+00:00,7.44,331.0,0
1990-05-27 12:00:00+00:00,8.11,456.0,0
1990-05-27 13:00:00+00:00,9.21,504.0,0
1990-05-27 14:00:00+00:00,9.23,481.0,0
1990-05-27 15:00:00+00:00,9.78,464.0,0
1990-05-27 16:00:00+00:00,9.11,401.0,0
1990-05-27 17:00:00+00:00,8.41,223.0,0
1990-05-27 18:00:00+00:00,8.31,53.0,0
1990-05-27 19:00:00+00:00,7.68,0.0,0
1990-05-27 20:00:00+00:00,7.13,0.0,0
1990-05-27 21:00:00+00:00,6.8,0.0,0
1990-05-27 22:00:00+00:00,6.5,0.0,0
1990-05-27 23:00:00+00:00,6.28,0.0,0
1990-05-28 00:00:00+00:00,6.12,0.0,1
1990-05-28 01:00:00+00:00,5.87,0.0,1
1990-05-28 02:00:00+00:00,5.12,0.0,1
1990-05-28 03:00:00+00:00,3.95,0.0,1
1990-05-28 04:00:00+00:00,2.72,3.0,1
1990-05-28 05:00:00+00:00,2.65,137.0,1
1990-05-28 06:00:00+00:00,4.4,353.0,1
1990-05-28 07:00:00+00:00,7.37,397.0,1
1990-05-28 08:00:00+00:00,7.88,499.0,1
1990-05-28 09:00:00+00:00,9.04,538.0,1
1990-05-28 10:00:00+00:00,9.57,662.0,1
1990-05-28 11:00:00+00:00,9.74,656.0,1
1990-05-28 12:00:00+00:00,9.11,487.0,1
1990-05-28 13:00:00+00:00,9.39,228.0,1
1990-05-28 14:00:00+00:00,9.13,380.0,1
1990-05-28 15:00:00+00:00,8.25,297.0,1
1990-05-28 16:00:00+00:00,7.41,99.0,1
1990-05-28 17:00:00+00:00,7.18,98.0,1
1990-05-28 18:00:00+00:00,7.21,44.0,1
1990-05-28 19:00:00+00:00,6.94,0.0,1
1990-05-28 20:00:00+00:00,6.46,0.0,1
1990-05-28 21:00:00+00:00,6.24,0.0,1
1990-05-28 22:00:00+00:00,6.07,0.0,1
1990-05-28 23:00:00+00:00,5.94,0.0,1
1990-05-29 00:00:00+00:00,5.65,0.0,1
1990-05-29 01:00:00+00:00,5.46,0.0,1
1990-05-29 02:00:00+00:00,5.2,0.0,1
1990-05-29 03:00:00+00:00,4.84,0.0,1
1990-05-29 04:00:00+00:00,4.24,10.0,1
1990-05-29 05:00:00+00:00,3.85,137.0,1
1990-05-29 06:00:00+00:00,4.03,146.0,1
1990-05-29 07:00:00+00:00,6.49,290.0,1
1990-05-29 08:00:00+00:00,7.9,439.0,1
1990-05-29 09:00:00+00:00,9.22,520.0,1
1990-05-29 10:00:00+00:00,10.72,481.0,1
1990-05-29 11:00:00+00:00,10.21,829.0,1
1990-05-29 12:00:00+00:00,10.51,804.0,1
1990-05-29 13:00:00+00:00,10.17,924.0,1
1990-05-29 14:00:00+00:00,10.19,672.0,1
1990-05-29 15:00:00+00:00,9.45,466.0,1
1990-05-29 16:00:00+00:00,8.83,417.0,1
1990-05-29 17:00:00+00:00,8.65,120.0,1
1990-05-29 18:00:00+00:00,8.08,9.0,1
1990-05-29 19:00:00+00:00,7.89,0.0,1
1990-05-29 20:00:00+00:00,7.46,0.0,1
1990-05-29 21:00:00+00:00,7.11,0.0,1
1990-05-29 22:00:00+00:00,6.81,0.0,1
1990-05-29 23:00:00+00:00,6.58,0.0,1
1990-05-30 00:00:00+00:00,6.42,0.0,1
1990-05-30 01:00:00+00:00,6.16,0.0,1
1990-05-30 02:00:00+00:00,6.06,0.0,1
1990-05-30 03:00:00+00:00,5.91,0.0,1
1990-05-30 04:00:00+00:00,5.76,2.0,1
1990-05-30 05:00:00+00:00,5.4,17.0,1
1990-05-30 06:00:00+00:00,5.17,31.0,1
1990-05-30 07:00:00+00:00,5.45,69.0,1
1990-05-30 08:00:00+00:00,5.25,67.0,1
1990-05-30 09:00:00+00:00,5.05,92.0,1
1990-05-30 10:00:00+00:00,5.42,134.0,1
1990-05-30 11:00:00+00:00,5.75,105.0,1
1990-05-30 12:00:00+00:00,6.19,233.0,1
1990-05-30 13:00:00+00:00,6.97,107.0,1
1990-05-30 14:00:00+00:00,7.59,86.0,1
1990-05-30 15:00:00+00:00,7.32,91.0,1
1990-05-30 16:00:00+00:00,6.11,68.0,1
1990-05-30 17:00:00+00:00,6.45,58.0,1
1990-05-30 18:00:00+00:00,6.12,32.0,1
1990-05-30 19:00:00+00:00,6.07,0.0,1
1990-05-30 20:00:00+00:00,5.56,0.0,1
1990-05-30 21:00:00+00:00,5.05,0.0,1
1990-05-30 22:00:00+00:00,3.79,0.0,1
1990-05-30 23:00:00+00:00,3.05,0.0,1
1990-05-31 00:00:00+00:00,2.67,0.0,1
1990-05-31 01:00:00+00:00,2.23,0.0,1
1990-05-31 02:00:00+00:00,1.55,0.0,1
1990-05-31 03:00:00+00:00,1.32,0.0,1
1990-05-31 04:00:00+00:00,1.08,16.0,1
1990-05-31 05:00:00+00:00,0.96,15.0,1
1990-05-31 06:00:00+00:00,1.42,35.0,1
1990-05-31 07:00:00+00:00,1.98,246.0,1
1990-05-31 08:00:00+00:00,3.21,555.0,1
1990-05-31 09:00:00+00:00,3.01,707.0,1
1990-05-31 10:00:00+00:00,3.43,790.0,1
1990-05-31 11:00:00+00:00,4.41,878.0,1
1990-05-31 12:00:00+00:00,4.22,806.0,1
1990-05-31 13:00:00+00:00,4.24,633.0,1
1990-05-31 14:00:00+00:00,4.15,650.0,1
1990-05-31 15:00:00+00:00,4.03,496.0,1
1990-05-31 16:00:00+00:00,3.11,342.0,1
1990-05-31 17:00:00+00:00,3.22,201.0,1
1990-05-31 18:00:00+00:00,3.33,54.0,1
1990-05-31 19:00:00+00:00,3.44,0.0,1
1990-05-31 20:00:00+00:00,3.55,0.0,1
1990-05-31 21:00:00+00:00,3.66,0.0,1
1990-05-31 22:00:00+00:00,3.77,0.0,1
1990-05-31 23:00:00+00:00,3.88,0.0,1
1990-06-01 00:00:00+00:00,3.99,0.0,1
1990-06-01 01:00:00+00:00,4.1,0.0,1
1990-06-01 02:00:00+00:00,4.21,0.0,1
1990-06-01 03:00:00+00:00,4.32,0.0,1
1990-06-01 04:00:00+00:00,4.43,5.0,1
1990-06-01 05:00:00+00:00,4.54,133.0,1
1990-06-01 06:00:00+00:00,4.65,261.0,1
1990-06-01 07:00:00+00:00,4.77,417.0,1
1990-06-01 08:00:00+00:00,8.67,538.0,1
1990-06-01 09:00:00+00:00,9.88,633.0,1
1990-06-01 10:00:00+00:00,10.57,807.0,1
1990-06-01 11:00:00+00:00,11.44,787.0,1
1990-06-01 12:00:00+00:00,11.65,777.0,1
1990-06-01 13:00:00+00:00,10.83,582.0,1
1990-06-01 14:00:00+00:00,9.64,527.0,1
1990-06-01 15:00:00+00:00,9.41,349.0,1
1990-06-01 16:00:00+00:00,8.89,275.0,1
1990-06-01 17:00:00+00:00,8.73,88.0,1
1990-06-01 18:00:00+00:00,8.57,21.0,1
1990-06-01 19:00:00+00:00,8.08,0.0,1
1990-06-01 20:00:00+00:00,7.71,0.0,1
1990-06-01 21:00:00+00:00,7.52,0.0,1
1990-06-01 22:00:00+00:00,7.12,0.0,1
1990-06-01 23:00:00+00:00,6.8,0.0,1
1990-06-02 00:00:00+00:00,6.42,0.0,0
1990-06-02 01:00:00+00:00,5.79,0.0,0
1990-06-02 02:00:00+00:00,5.63,0.0,0
1990-06-02 03:00:00+00:00,5.04,0.0,0
1990-06-02 04:00:00+00:00,4.58,18.0,0
1990-06-02 05:00:00+00:00,4.41,151.0,0
1990-06-02 06:00:00+00:00,4.81,311.0,0
1990-06-02 07:00:00+00:00,7.04,476.0,0
1990-06-02 08:00:00+00:00,8.1,615.0,0
1990-06-02 09:00:00+00:00,9.79,804.0,0
1990-06-02 10:00:00+00:00,11.3,854.0,0
1990-06-02 11:00:00+00:00,12.23,825.0,0
1990-06-02 12:00:00+00:00,12.39,769.0,0
1990-06-02 13:00:00+00:00,12.06,627.0,0
1990-06-02 14:00:00+00:00,11.75,620.0,0
1990-06-02 15:00:00+00:00,11.77,350.0,0
1990-06-02 16:00:00+00:00,11.28,384.0,0
1990-06-02 17:00:00+00:00,10.48,168.0,0
1990-06-02 18:00:00+00:00,9.99,61.0,0
1990-06-02 19:00:00+00:00,9.4,0.0,0
1990-06-02 20:00:00+00:00,9.26,0.0,0
1990-06-02 21:00:00+00:00,8.56,0.0,0
1990-06-02 22:00:00+00:00,8.02,0.0,0
1990-06-02 23:00:00+00:00,7.43,0.0,0
1990-06-03 00:00:00+00:00,6.76,0.0,0
1990-06-03 01:00:00+00:00,6.04,0.0,0
1990-06-03 02:00:00+00:00,4.89,0.0,0
1990-06-03 03:00:00+00:00,3.4,0.0,0
1990-06-03 04:00:00+00:00,2.4,17.0,0
1990-06-03 05:00:00+00:00,2.73,186.0,0
1990-06-03 06:00:00+00:00,5.11,348.0,0
1990-06-03 07:00:00+00:00,8.02,498.0,0
1990-06-03 08:00:00+00:00,9.61,704.0,0
1990-06-03 09:00:00+00:00,10.92,838.0,0
1990-06-03 10:00:00+00:00,12.0,931.0,0
1990-06-03 11:00:00+00:00,12.74,951.0,0
1990-06-03 12:00:00+00:00,12.87,930.0,0
1990-06-03 13:00:00+00:00,12.7,647.0,0
1990-06-03 14:00:00+00:00,12.57,559.0,0
1990-06-03 15:00:00+00:00,12.0,365.0,0
1990-06-03 16:00:00+00:00,11.51,278.0,0
1990-06-03 17:00:00+00:00,10.49,275.0,0
1990-06-03 18:00:00+00:00,9.95,62.0,0
1990-06-03 19:00:00+00:00,9.63,0.0,0
1990-06-03 20:00:00+00:00,9.22,0.0,0
1990-06-03 21:00:00+00:00,8.58,0.0,0
1990-06-03 22:00:00+00:00,7.99,0.0,0
1990-06-03 23:00:00+00:00,7.41,0.0,0
1990-06-04 00:00:00+00:00,6.89,0.0,1
1990-06-04 01:00:00+00:00,6.44,0.0,1
1990-06-04 02:00:00+00:00,5.8,0.0,1
1990-06-04 03:00:00+00:00,5.28,0.0,1
1990-06-04 04:00:00+00:00,4.82,18.0,1
1990-06-04 05:00:00+00:00,4.62,167.0,1
1990-06-04 06:00:00+00:00,5.58,313.0,1
1990-06-04 07:00:00+00:00,6.94,508.0,1
1990-06-04 08:00:00+00:00,8.31,636.0,1
1990-06-04 09:00:00+00:00,9.56,690.0,1
1990-06-04 10:00:00+00:00,10.24,731.0,1
1990-06-04 11:00:00+00:00,11.05,697.0,1
1990-06-04 12:00:00+00:00,11.76,772.0,1
1990-06-04 13:00:00+00:00,11.98,774.0,1
1990-06-04 14:00:00+00:00,12.03,704.0,1
1990-06-04 15:00:00+00:00,11.7,493.0,1
1990-06-04 16:00:00+00:00,11.16,420.0,1
1990-06-04 17:00:00+00:00,10.35,246.0,1
1990-06-04 18:00:00+00:00,10.16,51.0,1
1990-06-04 19:00:00+00:00,9.42,0.0,1
1990-06-04 20:00:00+00:00,8.76,0.0,1
1990-06-04 21:00:00+00:00,7.99,0.0,1
1990-06-04 22:00:00+00:00,7.26,0.0,1
1990-06-04 23:00:00+00:00,6.5,0.0,1
1990-06-05 00:00:00+00:00,5.6,0.0,1
1990-06-05 01:00:00+00:00,4.74,0.0,1
1990-06-05 02:00:00+00:00,3.73,0.0,1
1990-06-05 03:00:00+00:00,2.77,0.0,1
1990-06-05 04:00:00+00:00,2.68,19.0,1
1990-06-05 05:00:00+00:00,3.06,166.0,1
1990-06-05 06:00:00+00:00,4.95,367.0,1
1990-06-05 07:00:00+00:00,9.33,518.0,1
1990-06-05 08:00:00+00:00,11.61,707.0,1
1990-06-05 09:00:00+00:00,12.63,834.0,1
1990-06-05 10:00:00+00:00,13.4,900.0,1
1990-06-05 11:00:00+00:00,14.57,801.0,1
1990-06-05 12:00:00+00:00,15.41,660.0,1
1990-06-05 13:00:00+00:00,15.38,240.0,1
1990-06-05 14:00:00+00:00,15.68,181.0,1
1990-06-05 15:00:00+00:00,14.44,195.0,1
1990-06-05 16:00:00+00:00,13.05,95.0,1
1990-06-05 17:00:00+00:00,11.88,87.0,1
1990-06-05 18:00:00+00:00,10.83,45.0,1
1990-06-05 19:00:00+00:00,11.93,0.0,1
1990-06-05 20:00:00+00:00,11.04,0.0,1
1990-06-05 21:00:00+00:00,8.85,0.0,1
1990-06-05 22:00:00+00:00,7.48,0.0,1
1990-06-05 23:00:00+00:00,7.03,0.0,1
1990-06-06 00:00:00+00:00,6.71,0.0,1
1990-06-06 01:00:00+00:00,6.55,0.0,1
1990-06-06 02:00:00+00:00,6.78,0.0,1
1990-06-06 03:00:00+00:00,6.78,0.0,1
1990-06-06 04:00:00+00:00,6.38,19.0,1
1990-06-06 05:00:00+00:00,6.46,30.0,1
1990-06-06 06:00:00+00:00,6.66,260.0,1
1990-06-06 07:00:00+00:00,6.79,257.0,1
1990-06-06 08:00:00+00:00,6.75,391.0,1
1990-06-06 09:00:00+00:00,7.15,348.0,1
1990-06-06 10:00:00+00:00,8.2,353.0,1
1990-06-06 11:00:00+00:00,9.43,212.0,1
1990-06-06 12:00:00+00:00,9.99,375.0,1
1990-06-06 13:00:00+00:00,9.5,341.0,1
1990-06-06 14:00:00+00:00,10.46,115.0,1
1990-06-06 15:00:00+00:00,10.42,143.0,1
1990-06-06 16:00:00+00:00,9.02,95.0,1
1990-06-06 17:00:00+00:00,6.85,78.0,1
1990-06-06 18:00:00+00:00,6.22,50.0,1
1990-06-06 19:00:00+00:00,6.28,0.0,1
1990-06-06 20:00:00+00:00,5.73,0.0,1
1990-06-06 21:00:00+00:00,5.36,0.0,1
1990-06-06 22:00:00+00:00,4.98,0.0,1
1990-06-06 23:00:00+00:00,4.61,0.0,1
1990-06-07 00:00:00+00:00,4.08,0.0,1
1990-06-07 01:00:00+00:00,3.77,0.0,1
1990-06-07 02:00:00+00:00,3.09,0.0,1
1990-06-07 03:00:00+00:00,2.18,0.0,1
1990-06-07 04:00:00+00:00,0.6,17.0,1
1990-06-07 05:00:00+00:00,0.67,136.0,1
1990-06-07 06:00:00+00:00,3.02,309.0,1
1990-06-07 07:00:00+00:00,6.47,490.0,1
1990-06-07 08:00:00+00:00,7.8,594.0,1
1990-06-07 09:00:00+00:00,9.15,302.0,1
1990-06-07 10:00:00+00:00,9.98,487.0,1
1990-06-07 11:00:00+00:00,10.68,633.0,1
1990-06-07 12:00:00+00:00,10.98,343.0,1
1990-06-07 13:00:00+00:00,11.35,730.0,1
1990-06-07 14:00:00+00:00,11.19,481.0,1
1990-06-07 15:00:00+00:00,10.62,529.0,1
1990-06-07 16:00:00+00:00,9.21,121.0,1
1990-06-07 17:00:00+00:00,8.78,283.0,1
1990-06-07 18:00:00+00:00,8.7,55.0,1
1990-06-07 19:00:00+00:00,8.08,0.0,1
1990-06-07 20:00:00+00:00,7.51,0.0,1
1990-06-07 21:00:00+00:00,6.93,0.0,1
1990-06-07 22:00:00+00:00,6.6,0.0,1
1990-06-07 23:00:00+00:00,6.27,0.0,1
1990-06-08 00:00:00+00:00,6.09,0.0,1
1990-06-08 01:00:00+00:00,5.89,0.0,1
1990-06-08 02:00:00+00:00,5.51,0.0,1
1990-06-08 03:00:00+00:00,4.87,0.0,1
1990-06-08 04:00:00+00:00,4.29,4.0,1
1990-06-08 05:00:00+00:00,4.5,50.0,1
1990-06-08 06:00:00+00:00,5.64,76.0,1
1990-06-08 07:00:00+00:00,8.35,252.0,1
1990-06-08 08:00:00+00:00,9.81,248.0,1
1990-06-08 09:00:00+00:00,10.06,603.0,1
1990-06-08 10:00:00+00:00,10.05,818.0,1
1990-06-08 11:00:00+00:00,10.69,461.0,1
1990-06-08 12:00:00+00:00,11.02,376.0,1
1990-06-08 13:00:00+00:00,12.08,167.0,1
1990-06-08 14:00:00+00:00,12.43,228.0,1
1990-06-08 15:00:00+00:00,11.52,175.0,1
1990-06-08 16:00:00+00:00,10.78,90.0,1
1990-06-08 17:00:00+00:00,9.68,46.0,1
1990-06-08 18:00:00+00:00,9.34,19.0,1
1990-06-08 19:00:00+00:00,8.96,0.0,1
1990-06-08 20:00:00+00:00,8.83,0.0,1
1990-06-08 21:00:00+00:00,8.43,0.0,1
1990-06-08 22:00:00+00:00,7.92,0.0,1
1990-06-08 23:00:00+00:00,7.64,0.0,1
1990-06-09 00:00:00+00:00,7.14,0.0,0
1990-06-09 01:00:00+00:00,6.41,0.0,0
1990-06-09 02:00:00+00:00,5.99,0.0,0
1990-06-09 03:00:00+00:00,6.03,0.0,0
1990-06-09 04:00:00+00:00,6.13,18.0,0
1990-06-09 05:00:00+00:00,6.22,36.0,0
1990-06-09 06:00:00+00:00,6.13,40.0,0
1990-06-09 07:00:00+00:00,6.11,191.0,0
1990-06-09 08:00:00+00:00,6.76,485.0,0
1990-06-09 09:00:00+00:00,7.76,476.0,0
1990-06-09 10:00:00+00:00,9.05,416.0,0
1990-06-09 11:00:00+00:00,10.47,380.0,0
1990-06-09 12:00:00+00:00,11.15,351.0,0
1990-06-09 13:00:00+00:00,11.54,422.0,0
1990-06-09 14:00:00+00:00,11.91,467.0,0
1990-06-09 15:00:00+00:00,10.42,537.0,0
1990-06-09 16:00:00+00:00,9.41,404.0,0
1990-06-09 17:00:00+00:00,9.29,200.0,0
1990-06-09 18:00:00+00:00,8.82,15.0,0
1990-06-09 19:00:00+00:00,7.38,0.0,0
1990-06-09 20:00:00+00:00,6.95,0.0,0
1990-06-09 21:00:00+00:00,6.54,0.0,0
1990-06-09 22:00:00+00:00,6.1,0.0,0
1990-06-09 23:00:00+00:00,5.86,0.0,0
1990-06-10 00:00:00+00:00,5.06,0.0,0
1990-06-10 01:00:00+00:00,4.64,0.0,0
1990-06-10 02:00:00+00:00,3.26,0.0,0
1990-06-10 03:00:00+00:00,1.04,0.0,0
1990-06-10 04:00:00+00:00,-0.19,20.0,0
1990-06-10 05:00:00+00:00,0.21,123.0,0
1990-06-10 06:00:00+00:00,3.12,143.0,0
1990-06-10 07:00:00+00:00,6.14,478.0,0
1990-06-10 08:00:00+00:00,8.23,680.0,0
1990-06-10 09:00:00+00:00,10.0,833.0,0
1990-06-10 10:00:00+00:00,11.58,875.0,0
1990-06-10 11:00:00+00:00,12.5,863.0,0
1990-06-10 12:00:00+00:00,13.69,766.0,0
1990-06-10 13:00:00+00:00,13.94,510.0,0
1990-06-10 14:00:00+00:00,14.21,759.0,0
1990-06-10 15:00:00+00:00,14.5,549.0,0
1990-06-10 16:00:00+00:00,14.33,406.0,0
1990-06-10 17:00:00+00:00,14.74,77.0,0
1990-06-10 18:00:00+00:00,13.65,62.0,0
1990-06-10 19:00:00+00:00,13.26,0.0,0
1990-06-10 20:00:00+00:00,12.86,0.0,0
1990-06-10 21:00:00+00:00,12.17,0.0,0
1990-06-10 22:00:00+00:00,10.26,0.0,0
1990-06-10 23:00:00+00:00,9.74,0.0,0
1990-06-11 00:00:00+00:00,9.05,0.0,1
1990-06-11 01:00:00+00:00,7.71,0.0,1
1990-06-11 02:00:00+00:00,7.23,0.0,1
1990-06-11 03:00:00+00:00,7.41,0.0,1
1990-06-11 04:00:00+00:00,7.03,8.0,1
1990-06-11 05:00:00+00:00,7.06,92.0,1
1990-06-11 06:00:00+00:00,6.8,40.0,1
1990-06-11 07:00:00+00:00,8.39,188.0,1
1990-06-11 08:00:00+00:00,8.85,411.0,1
1990-06-11 09:00:00+00:00,10.15,288.0,1
1990-06-11 10:00:00+00:00,10.9,628.0,1
1990-06-11 11:00:00+00:00,10.16,518.0,1
1990-06-11 12:00:00+00:00,11.02,840.0,1
1990-06-11 13:00:00+00:00,11.12,676.0,1
1990-06-11 14:00:00+00:00,10.57,356.0,1
1990-06-11 15:00:00+00:00,10.47,382.0,1
1990-06-11 16:00:00+00:00,9.61,319.0,1
1990-06-11 17:00:00+00:00,9.19,239.0,1
1990-06-11 18:00:00+00:00,8.52,67.0,1
1990-06-11 19:00:00+00:00,8.44,0.0,1
1990-06-11 20:00:00+00:00,7.92,0.0,1
1990-06-11 21:00:00+00:00,7.58,0.0,1
1990-06-11 22:00:00+00:00,7.07,0.0,1
1990-06-11 23:00:00+00:00,6.51,0.0,1
1990-06-12 00:00:00+00:00,5.89,0.0,1
1990-06-12 01:00:00+00:00,5.04,0.0,1
1990-06-12 02:00:00+00:00,4.65,0.0,1
1990-06-12 03:00:00+00:00,4.38,0.0,1
1990-06-12 04:00:00+00:00,3.95,22.0,1
1990-06-12 05:00:00+00:00,4.21,169.0,1
1990-06-12 06:00:00+00:00,5.62,319.0,1
1990-06-12 07:00:00+00:00,7.59,524.0,1
1990-06-12 08:00:00+00:00,9.21,675.0,1
1990-06-12 09:00:00+00:00,10.56,841.0,1
1990-06-12 10:00:00+00:00,11.93,676.0,1
1990-06-12 11:00:00+00:00,13.01,967.0,1
1990-06-12 12:00:00+00:00,13.83,963.0,1
1990-06-12 13:00:00+00:00,14.15,666.0,1
1990-06-12 14:00:00+00:00,13.67,518.0,1
1990-06-12 15:00:00+00:00,12.67,270.0,1
1990-06-12 16:00:00+00:00,12.42,281.0,1
1990-06-12 17:00:00+00:00,11.83,268.0,1
1990-06-12 18:00:00+00:00,11.86,65.0,1
1990-06-12 19:00:00+00:00,11.14,0.0,1
1990-06-12 20:00:00+00:00,10.75,0.0,1
1990-06-12 21:00:00+00:00,10.1,0.0,1
1990-06-12 22:00:00+00:00,9.46,0.0,1
1990-06-12 23:00:00+00:00,8.83,0.0,1
1990-06-13 00:00:00+00:00,8.14,0.0,1
1990-06-13 01:00:00+00:00,7.28,0.0,1
1990-06-13 02:00:00+00:00,6.46,0.0,1
1990-06-13 03:00:00+00:00,4.62,0.0,1
1990-06-13 04:00:00+00:00,3.34,21.0,1
1990-06-13 05:00:00+00:00,3.15,184.0,1
1990-06-13 06:00:00+00:00,5.99,369.0,1
1990-06-13 07:00:00+00:00,10.34,546.0,1
1990-06-13 08:00:00+00:00,12.77,715.0,1
1990-06-13 09:00:00+00:00,13.83,869.0,1
1990-06-13 10:00:00+00:00,14.58,945.0,1
1990-06-13 11:00:00+00:00,15.42,973.0,1
1990-06-13 12:00:00+00:00,15.96,975.0,1
1990-06-13 13:00:00+00:00,16.26,898.0,1
1990-06-13 14:00:00+00:00,16.15,804.0,1
1990-06-13 15:00:00+00:00,16.26,642.0,1
1990-06-13 16:00:00+00:00,16.34,476.0,1
1990-06-13 17:00:00+00:00,16.35,315.0,1
1990-06-13 18:00:00+00:00,15.42,49.0,1
1990-06-13 19:00:00+00:00,15.52,0.0,1
1990-06-13 20:00:00+00:00,14.62,0.0,1
1990-06-13 21:00:00+00:00,13.56,0.0,1
1990-06-13 22:00:00+00:00,12.37,0.0,1
1990-06-13 23:00:00+00:00,11.21,0.0,1
1990-06-14 00:00:00+00:00,10.23,0.0,1
1990-06-14 01:00:00+00:00,9.64,0.0,1
1990-06-14 02:00:00+00:00,8.98,0.0,1
1990-06-14 03:00:00+00:00,8.44,0.0,1
1990-06-14 04:00:00+00:00,8.11,16.0,1
1990-06-14 05:00:00+00:00,8.39,166.0,1
1990-06-14 06:00:00+00:00,10.38,361.0,1
1990-06-14 07:00:00+00:00,14.6,543.0,1
1990-06-14 08:00:00+00:00,17.32,696.0,1
1990-06-14 09:00:00+00:00,18.76,811.0,1
1990-06-14 10:00:00+00:00,18.74,941.0,1
1990-06-14 11:00:00+00:00,18.96,975.0,1
1990-06-14 12:00:00+00:00,19.19,966.0,1
1990-06-14 13:00:00+00:00,19.09,750.0,1
1990-06-14 14:00:00+00:00,18.79,508.0,1
1990-06-14 15:00:00+00:00,18.82,578.0,1
1990-06-14 16:00:00+00:00,18.44,175.0,1
1990-06-14 17:00:00+00:00,17.58,41.0,1
1990-06-14 18:00:00+00:00,16.76,70.0,1
1990-06-14 19:00:00+00:00,16.65,0.0,1
1990-06-14 20:00:00+00:00,16.17,0.0,1
1990-06-14 21:00:00+00:00,15.65,0.0,1
1990-06-14 22:00:00+00:00,15.13,0.0,1
1990-06-14 23:00:00+00:00,14.53,0.0,1
1990-06-15 00:00:00+00:00,13.79,0.0,1
1990-06-15 01:00:00+00:00,12.77,0.0,1
1990-06-15 02:00:00+00:00,12.43,0.0,1
1990-06-15 03:00:00+00:00,12.33,0.0,1
1990-06-15 04:00:00+00:00,12.29,3.0,1
1990-06-15 05:00:00+00:00,12.39,101.0,1
1990-06-15 06:00:00+00:00,12.32,182.0,1
1990-06-15 07:00:00+00:00,11.96,309.0,1
1990-06-15 08:00:00+00:00,14.16,207.0,1
1990-06-15 09:00:00+00:00,16.28,343.0,1
1990-06-15 10:00:00+00:00,18.25,315.0,1
1990-06-15 11:00:00+00:00,18.36,303.0,1
1990-06-15 12:00:00+00:00,18.86,351.0,1
1990-06-15 13:00:00+00:00,18.33,613.0,1
1990-06-15 14:00:00+00:00,18.97,680.0,1
1990-06-15 15:00:00+00:00,20.08,558.0,1
1990-06-15 16:00:00+00:00,17.62,177.0,1
1990-06-15 17:00:00+00:00,17.58,196.0,1
1990-06-15 18:00:00+00:00,15.85,50.0,1
1990-06-15 19:00:00+00:00,14.92,0.0,1
1990-06-15 20:00:00+00:00,13.55,0.0,1
1990-06-15 21:00:00+00:00,12.52,0.0,1
1990-06-15 22:00:00+00:00,12.45,0.0,1
1990-06-15 23:00:00+00:00,12.06,0.0,1
1990-06-16 00:00:00+00:00,11.64,0.0,0
1990-06-16 01:00:00+00:00,11.5,0.0,0
1990-06-16 02:00:00+00:00,11.3,0.0,0
1990-06-16 03:00:00+00:00,10.94,0.0,0
1990-06-16 04:00:00+00:00,10.8,16.0,0
1990-06-16 05:00:00+00:00,10.7,104.0,0
1990-06-16 06:00:00+00:00,10.92,247.0,0
1990-06-16 07:00:00+00:00,11.35,376.0,0
1990-06-16 08:00:00+00:00,11.17,0.0,0
1990-06-16 09:00:00+00:00,10.64,682.0,0
1990-06-16 10:00:00+00:00,12.02,0.0,0
1990-06-16 11:00:00+00:00,12.44,835.0,0
1990-06-16 12:00:00+00:00,13.57,797.0,0
1990-06-16 13:00:00+00:00,13.82,689.0,0
1990-06-16 14:00:00+00:00,13.89,637.0,0
1990-06-16 15:00:00+00:00,13.63,479.0,0
1990-06-16 16:00:00+00:00,12.94,316.0,0
1990-06-16 17:00:00+00:00,12.44,139.0,0
1990-06-16 18:00:00+00:00,12.12,67.0,0
1990-06-16 19:00:00+00:00,11.56,0.0,0
1990-06-16 20:00:00+00:00,10.84,0.0,0
1990-06-16 21:00:00+00:00,10.44,0.0,0
1990-06-16 22:00:00+00:00,9.93,0.0,0
1990-06-16 23:00:00+00:00,9.5,0.0,0
1990-06-17 00:00:00+00:00,9.13,0.0,0
1990-06-17 01:00:00+00:00,8.72,0.0,0
1990-06-17 02:00:00+00:00,7.98,0.0,0
1990-06-17 03:00:00+00:00,7.11,0.0,0
1990-06-17 04:00:00+00:00,6.93,8.0,0
1990-06-17 05:00:00+00:00,6.59,35.0,0
1990-06-17 06:00:00+00:00,8.41,157.0,0
1990-06-17 07:00:00+00:00,11.29,414.0,0
1990-06-17 08:00:00+00:00,13.82,596.0,0
1990-06-17 09:00:00+00:00,16.21,860.0,0
1990-06-17 10:00:00+00:00,17.6,951.0,0
1990-06-17 11:00:00+00:00,18.67,996.0,0
1990-06-17 12:00:00+00:00,19.36,982.0,0
1990-06-17 13:00:00+00:00,19.68,921.0,0
1990-06-17 14:00:00+00:00,19.42,829.0,0
1990-06-17 15:00:00+00:00,19.26,665.0,0
1990-06-17 16:00:00+00:00,18.59,492.0,0
1990-06-17 17:00:00+00:00,17.73,163.0,0
1990-06-17 18:00:00+00:00,16.67,72.0,0
1990-06-17 19:00:00+00:00,16.7,0.0,0
1990-06-17 20:00:00+00:00,15.85,0.0,0
1990-06-17 21:00:00+00:00,15.09,0.0,0
1990-06-17 22:00:00+00:00,14.47,0.0,0
1990-06-17 23:00:00+00:00,13.88,0.0,0
1990-06-18 00:00:00+00:00,13.33,0.0,1
1990-06-18 01:00:00+00:00,13.01,0.0,1
1990-06-18 02:00:00+00:00,12.62,0.0,1
1990-06-18 03:00:00+00:00,12.27,0.0,1
1990-06-18 04:00:00+00:00,12.12,21.0,1
1990-06-18 05:00:00+00:00,12.08,176.0,1
1990-06-18 06:00:00+00:00,12.78,342.0,1
1990-06-18 07:00:00+00:00,14.98,495.0,1
1990-06-18 08:00:00+00:00,16.43,573.0,1
1990-06-18 09:00:00+00:00,17.43,705.0,1
1990-06-18 10:00:00+00:00,18.01,740.0,1
1990-06-18 11:00:00+00:00,18.33,831.0,1
1990-06-18 12:00:00+00:00,18.54,753.0,1
1990-06-18 13:00:00+00:00,18.76,445.0,1
1990-06-18 14:00:00+00:00,18.77,451.0,1
1990-06-18 15:00:00+00:00,18.42,420.0,1
1990-06-18 16:00:00+00:00,18.09,320.0,1
1990-06-18 17:00:00+00:00,16.6,230.0,1
1990-06-18 18:00:00+00:00,15.94,24.0,1
1990-06-18 19:00:00+00:00,17.01,0.0,1
1990-06-18 20:00:00+00:00,16.44,0.0,1
1990-06-18 21:00:00+00:00,15.65,0.0,1
1990-06-18 22:00:00+00:00,15.1,0.0,1
1990-06-18 23:00:00+00:00,14.3,0.0,1
1990-06-19 00:00:00+00:00,13.52,0.0,1
1990-06-19 01:00:00+00:00,12.88,0.0,1
1990-06-19 02:00:00+00:00,12.54,0.0,1
1990-06-19 03:00:00+00:00,12.09,0.0,1
1990-06-19 04:00:00+00:00,11.82,19.0,1
1990-06-19 05:00:00+00:00,11.81,128.0,1
1990-06-19 06:00:00+00:00,11.74,86.0,1
1990-06-19 07:00:00+00:00,13.69,353.0,1
1990-06-19 08:00:00+00:00,14.72,177.0,1
1990-06-19 09:00:00+00:00,15.45,433.0,1
1990-06-19 10:00:00+00:00,15.94,501.0,1
1990-06-19 11:00:00+00:00,16.55,215.0,1
1990-06-19 12:00:00+00:00,15.77,190.0,1
1990-06-19 13:00:00+00:00,15.12,114.0,1
1990-06-19 14:00:00+00:00,14.0,181.0,1
1990-06-19 15:00:00+00:00,13.49,144.0,1
1990-06-19 16:00:00+00:00,12.27,111.0,1
1990-06-19 17:00:00+00:00,11.31,73.0,1
1990-06-19 18:00:00+00:00,9.76,11.0,1
1990-06-19 19:00:00+00:00,9.23,0.0,1
1990-06-19 20:00:00+00:00,8.38,0.0,1
1990-06-19 21:00:00+00:00,7.88,0.0,1
1990-06-19 22:00:00+00:00,7.19,0.0,1
1990-06-19 23:00:00+00:00,6.61,0.0,1
1990-06-20 00:00:00+00:00,6.04,0.0,1
1990-06-20 01:00:00+00:00,5.56,0.0,1
1990-06-20 02:00:00+00:00,5.37,0.0,1
1990-06-20 03:00:00+00:00,5.06,0.0,1
1990-06-20 04:00:00+00:00,4.91,21.0,1
1990-06-20 05:00:00+00:00,4.86,101.0,1
1990-06-20 06:00:00+00:00,5.2,220.0,1
1990-06-20 07:00:00+00:00,5.98,396.0,1
1990-06-20 08:00:00+00:00,7.25,554.0,1
1990-06-20 09:00:00+00:00,8.59,741.0,1
1990-06-20 10:00:00+00:00,9.77,759.0,1
1990-06-20 11:00:00+00:00,10.55,622.0,1
1990-06-20 12:00:00+00:00,10.81,555.0,1
1990-06-20 13:00:00+00:00,10.72,449.0,1
1990-06-20 14:00:00+00:00,10.33,490.0,1
1990-06-20 15:00:00+00:00,9.74,152.0,1
1990-06-20 16:00:00+00:00,8.76,74.0,1
1990-06-20 17:00:00+00:00,7.27,222.0,1
1990-06-20 18:00:00+00:00,6.11,49.0,1
1990-06-20 19:00:00+00:00,5.0,0.0,1
1990-06-20 20:00:00+00:00,4.28,0.0,1
1990-06-20 21:00:00+00:00,3.9,0.0,1
1990-06-20 22:00:00+00:00,3.51,0.0,1
1990-06-20 23:00:00+00:00,3.18,0.0,1
1990-06-21 00:00:00+00:00,2.99,0.0,1
1990-06-21 01:00:00+00:00,2.81,0.0,1
1990-06-21 02:00:00+00:00,2.54,0.0,1
1990-06-21 03:00:00+00:00,2.55,0.0,1
1990-06-21 04:00:00+00:00,2.43,19.0,1
1990-06-21 05:00:00+00:00,2.29,100.0,1
1990-06-21 06:00:00+00:00,2.85,217.0,1
1990-06-21 07:00:00+00:00,5.12,317.0,1
1990-06-21 08:00:00+00:00,6.23,473.0,1
1990-06-21 09:00:00+00:00,7.23,546.0,1
1990-06-21 10:00:00+00:00,8.01,578.0,1
1990-06-21 11:00:00+00:00,8.57,554.0,1
1990-06-21 12:00:00+00:00,8.72,508.0,1
1990-06-21 13:00:00+00:00,8.73,496.0,1
1990-06-21 14:00:00+00:00,8.65,379.0,1
1990-06-21 15:00:00+00:00,8.5,383.0,1
1990-06-21 16:00:00+00:00,7.89,204.0,1
1990-06-21 17:00:00+00:00,7.16,137.0,1
1990-06-21 18:00:00+00:00,6.34,65.0,1
1990-06-21 19:00:00+00:00,5.52,0.0,1
1990-06-21 20:00:00+00:00,4.37,0.0,1
1990-06-21 21:00:00+00:00,3.81,0.0,1
1990-06-21 22:00:00+00:00,3.26,0.0,1
1990-06-21 23:00:00+00:00,2.86,0.0,1
1990-06-22 00:00:00+00:00,2.44,0.0,1
1990-06-22 01:00:00+00:00,2.39,0.0,1
1990-06-22 02:00:00+00:00,2.44,0.0,1
1990-06-22 03:00:00+00:00,2.4,0.0,1
1990-06-22 04:00:00+00:00,1.9,13.0,1
1990-06-22 05:00:00+00:00,2.24,53.0,1
1990-06-22 06:00:00+00:00,2.97,110.0,1
1990-06-22 07:00:00+00:00,4.7,278.0,1
1990-06-22 08:00:00+00:00,5.91,524.0,1
1990-06-22 09:00:00+00:00,5.2,621.0,1
1990-06-22 10:00:00+00:00,7.68,731.0,1
1990-06-22 11:00:00+00:00,8.71,740.0,1
1990-06-22 12:00:00+00:00,8.39,640.0,1
1990-06-22 13:00:00+00:00,8.12,460.0,1
1990-06-22 14:00:00+00:00,7.82,518.0,1
1990-06-22 15:00:00+00:00,7.2,364.0,1
1990-06-22 16:00:00+00:00,6.09,413.0,1
1990-06-22 17:00:00+00:00,5.54,216.0,1
1990-06-22 18:00:00+00:00,4.65,75.0,1
1990-06-22 19:00:00+00:00,3.33,0.0,1
1990-06-22 20:00:00+00:00,2.59,0.0,1
1990-06-22 21:00:00+00:00,1.9,0.0,1
1990-06-22 22:00:00+00:00,1.79,0.0,1
1990-06-22 23:00:00+00:00,1.53,0.0,1
1990-06-23 00:00:00+00:00,1.25,0.0,0
1990-06-23 01:00:00+00:00,1.05,0.0,0
1990-06-23 02:00:00+00:00,0.92,0.0,0
1990-06-23 03:00:00+00:00,0.75,0.0,0
1990-06-23 04:00:00+00:00,0.65,19.0,0
1990-06-23 05:00:00+00:00,0.95,131.0,0
1990-06-23 06:00:00+00:00,2.09,368.0,0
1990-06-23 07:00:00+00:00,3.8,313.0,0
1990-06-23 08:00:00+00:00,5.36,160.0,0
1990-06-23 09:00:00+00:00,6.64,811.0,0
1990-06-23 10:00:00+00:00,7.97,538.0,0
1990-06-23 11:00:00+00:00,8.48,426.0,0
1990-06-23 12:00:00+00:00,9.17,433.0,0
1990-06-23 13:00:00+00:00,8.96,636.0,0
1990-06-23 14:00:00+00:00,9.01,621.0,0
1990-06-23 15:00:00+00:00,8.3,520.0,0
1990-06-23 16:00:00+00:00,7.81,398.0,0
1990-06-23 17:00:00+00:00,7.23,243.0,0
1990-06-23 18:00:00+00:00,6.72,71.0,0
1990-06-23 19:00:00+00:00,6.59,0.0,0
1990-06-23 20:00:00+00:00,5.51,0.0,0
1990-06-23 21:00:00+00:00,5.47,0.0,0
1990-06-23 22:00:00+00:00,5.12,0.0,0
1990-06-23 23:00:00+00:00,4.88,0.0,0
1990-06-24 00:00:00+00:00,4.77,0.0,0
1990-06-24 01:00:00+00:00,4.73,0.0,0
1990-06-24 02:00:00+00:00,4.6,0.0,0
1990-06-24 03:00:00+00:00,4.3,0.0,0
1990-06-24 04:00:00+00:00,3.98,21.0,0
1990-06-24 05:00:00+00:00,4.03,181.0,0
1990-06-24 06:00:00+00:00,6.26,362.0,0
1990-06-24 07:00:00+00:00,9.24,536.0,0
1990-06-24 08:00:00+00:00,12.35,704.0,0
1990-06-24 09:00:00+00:00,13.98,840.0,0
1990-06-24 10:00:00+00:00,15.05,931.0,0
1990-06-24 11:00:00+00:00,15.72,976.0,0
1990-06-24 12:00:00+00:00,16.3,856.0,0
1990-06-24 13:00:00+00:00,16.12,794.0,0
1990-06-24 14:00:00+00:00,16.11,727.0,0
1990-06-24 15:00:00+00:00,15.29,512.0,0
1990-06-24 16:00:00+00:00,15.0,323.0,0
1990-06-24 17:00:00+00:00,14.04,118.0,0
1990-06-24 18:00:00+00:00,13.22,36.0,0
1990-06-24 19:00:00+00:00,12.11,0.0,0
1990-06-24 20:00:00+00:00,11.57,0.0,0
1990-06-24 21:00:00+00:00,11.09,0.0,0
1990-06-24 22:00:00+00:00,10.79,0.0,0
1990-06-24 23:00:00+00:00,10.36,0.0,0
1990-06-25 00:00:00+00:00,9.04,0.0,1
1990-06-25 01:00:00+00:00,8.36,0.0,1
1990-06-25 02:00:00+00:00,8.03,0.0,1
1990-06-25 03:00:00+00:00,7.61,0.0,1
1990-06-25 04:00:00+00:00,6.26,20.0,1
1990-06-25 05:00:00+00:00,6.56,152.0,1
1990-06-25 06:00:00+00:00,8.3,320.0,1
1990-06-25 07:00:00+00:00,11.35,493.0,1
1990-06-25 08:00:00+00:00,13.47,615.0,1
1990-06-25 09:00:00+00:00,14.36,779.0,1
1990-06-25 10:00:00+00:00,14.86,881.0,1
1990-06-25 11:00:00+00:00,15.26,890.0,1
1990-06-25 12:00:00+00:00,15.32,842.0,1
1990-06-25 13:00:00+00:00,14.8,709.0,1
1990-06-25 14:00:00+00:00,14.28,677.0,1
1990-06-25 15:00:00+00:00,14.24,362.0,1
1990-06-25 16:00:00+00:00,13.13,135.0,1
1990-06-25 17:00:00+00:00,12.41,140.0,1
1990-06-25 18:00:00+00:00,11.59,32.0,1
1990-06-25 19:00:00+00:00,11.87,0.0,1
1990-06-25 20:00:00+00:00,11.5,0.0,1
1990-06-25 21:00:00+00:00,10.69,0.0,1
1990-06-25 22:00:00+00:00,9.82,0.0,1
1990-06-25 23:00:00+00:00,9.19,0.0,1
1990-06-26 00:00:00+00:00,8.98,0.0,1
1990-06-26 01:00:00+00:00,8.24,0.0,1
1990-06-26 02:00:00+00:00,7.81,0.0,1
1990-06-26 03:00:00+00:00,7.16,0.0,1
1990-06-26 04:00:00+00:00,6.89,18.0,1
1990-06-26 05:00:00+00:00,6.96,84.0,1
1990-06-26 06:00:00+00:00,8.07,148.0,1
1990-06-26 07:00:00+00:00,10.66,115.0,1
1990-06-26 08:00:00+00:00,12.1,389.0,1
1990-06-26 09:00:00+00:00,12.72,305.0,1
1990-06-26 10:00:00+00:00,13.63,226.0,1
1990-06-26 11:00:00+00:00,14.29,377.0,1
1990-06-26 12:00:00+00:00,14.2,576.0,1
1990-06-26 13:00:00+00:00,14.47,173.0,1
1990-06-26 14:00:00+00:00,13.23,174.0,1
1990-06-26 15:00:00+00:00,13.07,336.0,1
1990-06-26 16:00:00+00:00,12.76,214.0,1
1990-06-26 17:00:00+00:00,11.84,31.0,1
1990-06-26 18:00:00+00:00,10.59,58.0,1
1990-06-26 19:00:00+00:00,9.86,0.0,1
1990-06-26 20:00:00+00:00,9.17,0.0,1
1990-06-26 21:00:00+00:00,9.04,0.0,1
1990-06-26 22:00:00+00:00,8.76,0.0,1
1990-06-26 23:00:00+00:00,8.85,0.0,1
1990-06-27 00:00:00+00:00,8.57,0.0,1
1990-06-27 01:00:00+00:00,8.24,0.0,1
1990-06-27 02:00:00+00:00,8.19,0.0,1
1990-06-27 03:00:00+00:00,8.09,0.0,1
1990-06-27 04:00:00+00:00,7.98,3.0,1
1990-06-27 05:00:00+00:00,7.75,32.0,1
1990-06-27 06:00:00+00:00,8.05,178.0,1
1990-06-27 07:00:00+00:00,8.61,257.0,1
1990-06-27 08:00:00+00:00,9.85,388.0,1
1990-06-27 09:00:00+00:00,10.87,446.0,1
1990-06-27 10:00:00+00:00,11.83,478.0,1
1990-06-27 11:00:00+00:00,12.15,371.0,1
1990-06-27 12:00:00+00:00,12.23,519.0,1
1990-06-27 13:00:00+00:00,12.57,356.0,1
1990-06-27 14:00:00+00:00,13.37,225.0,1
1990-06-27 15:00:00+00:00,12.94,278.0,1
1990-06-27 16:00:00+00:00,12.47,333.0,1
1990-06-27 17:00:00+00:00,12.09,238.0,1
1990-06-27 18:00:00+00:00,11.41,73.0,1
1990-06-27 19:00:00+00:00,10.73,0.0,1
1990-06-27 20:00:00+00:00,10.07,0.0,1
1990-06-27 21:00:00+00:00,9.72,0.0,1
1990-06-27 22:00:00+00:00,9.27,0.0,1
1990-06-27 23:00:00+00:00,8.87,0.0,1
1990-06-28 00:00:00+00:00,8.64,0.0,1
1990-06-28 01:00:00+00:00,8.41,0.0,1
1990-06-28 02:00:00+00:00,8.06,0.0,1
1990-06-28 03:00:00+00:00,7.39,0.0,1
1990-06-28 04:00:00+00:00,6.48,18.0,1
1990-06-28 05:00:00+00:00,6.05,154.0,1
1990-06-28 06:00:00+00:00,8.36,340.0,1
1990-06-28 07:00:00+00:00,11.22,518.0,1
1990-06-28 08:00:00+00:00,13.51,635.0,1
1990-06-28 09:00:00+00:00,15.2,772.0,1
1990-06-28 10:00:00+00:00,16.54,841.0,1
1990-06-28 11:00:00+00:00,17.43,760.0,1
1990-06-28 12:00:00+00:00,17.61,791.0,1
1990-06-28 13:00:00+00:00,17.55,514.0,1
1990-06-28 14:00:00+00:00,17.18,450.0,1
1990-06-28 15:00:00+00:00,16.93,448.0,1
1990-06-28 16:00:00+00:00,16.58,240.0,1
1990-06-28 17:00:00+00:00,15.87,129.0,1
1990-06-28 18:00:00+00:00,14.86,69.0,1
1990-06-28 19:00:00+00:00,14.25,0.0,1
1990-06-28 20:00:00+00:00,13.9,0.0,1
1990-06-28 21:00:00+00:00,13.25,0.0,1
1990-06-28 22:00:00+00:00,12.57,0.0,1
1990-06-28 23:00:00+00:00,12.06,0.0,1
1990-06-29 00:00:00+00:00,11.4,0.0,1
1990-06-29 01:00:00+00:00,10.72,0.0,1
1990-06-29 02:00:00+00:00,9.77,0.0,1
1990-06-29 03:00:00+00:00,9.15,0.0,1
1990-06-29 04:00:00+00:00,8.71,19.0,1
1990-06-29 05:00:00+00:00,7.76,163.0,1
1990-06-29 06:00:00+00:00,9.48,340.0,1
1990-06-29 07:00:00+00:00,13.18,536.0,1
1990-06-29 08:00:00+00:00,15.25,703.0,1
1990-06-29 09:00:00+00:00,16.6,828.0,1
1990-06-29 10:00:00+00:00,17.77,854.0,1
1990-06-29 11:00:00+00:00,18.53,948.0,1
1990-06-29 12:00:00+00:00,18.85,861.0,1
1990-06-29 13:00:00+00:00,18.67,756.0,1
1990-06-29 14:00:00+00:00,18.83,449.0,1
1990-06-29 15:00:00+00:00,18.01,330.0,1
1990-06-29 16:00:00+00:00,17.56,386.0,1
1990-06-29 17:00:00+00:00,16.7,218.0,1
1990-06-29 18:00:00+00:00,15.83,61.0,1
1990-06-29 19:00:00+00:00,15.05,0.0,1
1990-06-29 20:00:00+00:00,14.77,0.0,1
1990-06-29 21:00:00+00:00,14.08,0.0,1
1990-06-29 22:00:00+00:00,13.43,0.0,1
1990-06-29 23:00:00+00:00,12.74,0.0,1
1990-06-30 00:00:00+00:00,11.85,0.0,0
1990-06-30 01:00:00+00:00,11.05,0.0,0
1990-06-30 02:00:00+00:00,10.35,0.0,0
1990-06-30 03:00:00+00:00,9.49,0.0,0
1990-06-30 04:00:00+00:00,8.55,17.0,0
1990-06-30 05:00:00+00:00,8.29,159.0,0
1990-06-30 06:00:00+00:00,10.02,338.0,0
1990-06-30 07:00:00+00:00,13.89,517.0,0
1990-06-30 08:00:00+00:00,15.85,642.0,0
1990-06-30 09:00:00+00:00,17.12,778.0,0
1990-06-30 10:00:00+00:00,18.21,794.0,0
1990-06-30 11:00:00+00:00,18.88,696.0,0
1990-06-30 12:00:00+00:00,18.99,743.0,0
1990-06-30 13:00:00+00:00,18.13,149.0,0
1990-06-30 14:00:00+00:00,17.41,157.0,0
1990-06-30 15:00:00+00:00,17.26,62.0,0
1990-06-30 16:00:00+00:00,15.84,311.0,0
1990-06-30 17:00:00+00:00,15.41,239.0,0
1990-06-30 18:00:00+00:00,14.97,74.0,0
1990-06-30 19:00:00+00:00,14.54,0.0,0
1990-06-30 20:00:00+00:00,14.11,0.0,0
1990-06-30 21:00:00+00:00,13.67,0.0,0
1990-06-30 22:00:00+00:00,13.24,0.0,0
1990-06-30 23:00:00+00:00,12.8,0.0,0
1990-07-01 00:00:00+00:00,12.37,0.0,0
1990-07-01 01:00:00+00:00,11.93,0.0,0
1990-07-01 02:00:00+00:00,11.5,0.0,0
1990-07-01 03:00:00+00:00,11.07,0.0,0
1990-07-01 04:00:00+00:00,10.63,17.0,0
1990-07-01 05:00:00+00:00,10.2,154.0,0
1990-07-01 06:00:00+00:00,9.76,316.0,0
1990-07-01 07:00:00+00:00,9.33,487.0,0
1990-07-01 08:00:00+00:00,16.91,653.0,0
1990-07-01 09:00:00+00:00,17.68,739.0,0
1990-07-01 10:00:00+00:00,18.74,757.0,0
1990-07-01 11:00:00+00:00,19.0,668.0,0
1990-07-01 12:00:00+00:00,19.17,599.0,0
1990-07-01 13:00:00+00:00,19.58,492.0,0
1990-07-01 14:00:00+00:00,18.84,451.0,0
1990-07-01 15:00:00+00:00,18.33,248.0,0
1990-07-01 16:00:00+00:00,17.82,93.0,0
1990-07-01 17:00:00+00:00,16.65,47.0,0
1990-07-01 18:00:00+00:00,15.63,62.0,0
1990-07-01 19:00:00+00:00,16.39,0.0,0
1990-07-01 20:00:00+00:00,15.79,0.0,0
1990-07-01 21:00:00+00:00,15.16,0.0,0
1990-07-01 22:00:00+00:00,14.34,0.0,0
1990-07-01 23:00:00+00:00,13.52,0.0,0
1990-07-02 00:00:00+00:00,12.25,0.0,1
1990-07-02 01:00:00+00:00,10.21,0.0,1
1990-07-02 02:00:00+00:00,8.22,0.0,1
1990-07-02 03:00:00+00:00,7.04,0.0,1
1990-07-02 04:00:00+00:00,6.52,16.0,1
1990-07-02 05:00:00+00:00,7.53,158.0,1
1990-07-02 06:00:00+00:00,9.45,332.0,1
1990-07-02 07:00:00+00:00,15.6,509.0,1
1990-07-02 08:00:00+00:00,17.65,673.0,1
1990-07-02 09:00:00+00:00,18.88,728.0,1
1990-07-02 10:00:00+00:00,19.41,682.0,1
1990-07-02 11:00:00+00:00,20.09,747.0,1
1990-07-02 12:00:00+00:00,20.38,602.0,1
1990-07-02 13:00:00+00:00,19.4,406.0,1
1990-07-02 14:00:00+00:00,18.79,417.0,1
1990-07-02 15:00:00+00:00,18.02,113.0,1
1990-07-02 16:00:00+00:00,17.54,61.0,1
1990-07-02 17:00:00+00:00,17.11,208.0,1
1990-07-02 18:00:00+00:00,16.24,58.0,1
1990-07-02 19:00:00+00:00,15.83,0.0,1
1990-07-02 20:00:00+00:00,15.59,0.0,1
1990-07-02 21:00:00+00:00,14.67,0.0,1
1990-07-02 22:00:00+00:00,13.47,0.0,1
1990-07-02 23:00:00+00:00,12.22,0.0,1
1990-07-03 00:00:00+00:00,11.13,0.0,1
1990-07-03 01:00:00+00:00,10.53,0.0,1
1990-07-03 02:00:00+00:00,9.79,0.0,1
1990-07-03 03:00:00+00:00,8.96,0.0,1
1990-07-03 04:00:00+00:00,7.35,16.0,1
1990-07-03 05:00:00+00:00,7.9,156.0,1
1990-07-03 06:00:00+00:00,10.79,334.0,1
1990-07-03 07:00:00+00:00,15.75,511.0,1
1990-07-03 08:00:00+00:00,17.97,687.0,1
1990-07-03 09:00:00+00:00,18.99,797.0,1
1990-07-03 10:00:00+00:00,19.9,765.0,1
1990-07-03 11:00:00+00:00,19.46,483.0,1
1990-07-03 12:00:00+00:00,17.4,525.0,1
1990-07-03 13:00:00+00:00,17.91,681.0,1
1990-07-03 14:00:00+00:00,16.51,140.0,1
1990-07-03 15:00:00+00:00,16.41,183.0,1
1990-07-03 16:00:00+00:00,16.54,85.0,1
1990-07-03 17:00:00+00:00,15.57,27.0,1
1990-07-03 18:00:00+00:00,15.07,12.0,1
1990-07-03 19:00:00+00:00,15.25,0.0,1
1990-07-03 20:00:00+00:00,14.83,0.0,1
1990-07-03 21:00:00+00:00,14.32,0.0,1
1990-07-03 22:00:00+00:00,13.69,0.0,1
1990-07-03 23:00:00+00:00,13.02,0.0,1
1990-07-04 00:00:00+00:00,11.87,0.0,1
1990-07-04 01:00:00+00:00,10.93,0.0,1
1990-07-04 02:00:00+00:00,9.72,0.0,1
1990-07-04 03:00:00+00:00,9.34,0.0,1
1990-07-04 04:00:00+00:00,9.29,14.0,1
1990-07-04 05:00:00+00:00,9.69,116.0,1
1990-07-04 06:00:00+00:00,11.23,247.0,1
1990-07-04 07:00:00+00:00,14.0,148.0,1
1990-07-04 08:00:00+00:00,15.15,517.0,1
1990-07-04 09:00:00+00:00,15.95,715.0,1
1990-07-04 10:00:00+00:00,16.5,650.0,1
1990-07-04 11:00:00+00:00,17.29,643.0,1
1990-07-04 12:00:00+00:00,17.71,865.0,1
1990-07-04 13:00:00+00:00,16.7,143.0,1
1990-07-04 14:00:00+00:00,16.05,97.0,1
1990-07-04 15:00:00+00:00,15.36,204.0,1
1990-07-04 16:00:00+00:00,15.55,92.0,1
1990-07-04 17:00:00+00:00,15.26,117.0,1
1990-07-04 18:00:00+00:00,14.62,71.0,1
1990-07-04 19:00:00+00:00,13.32,0.0,1
1990-07-04 20:00:00+00:00,13.1,0.0,1
1990-07-04 21:00:00+00:00,12.91,0.0,1
1990-07-04 22:00:00+00:00,12.45,0.0,1
1990-07-04 23:00:00+00:00,12.01,0.0,1
1990-07-05 00:00:00+00:00,11.66,0.0,1
1990-07-05 01:00:00+00:00,11.31,0.0,1
1990-07-05 02:00:00+00:00,10.78,0.0,1
1990-07-05 03:00:00+00:00,10.28,0.0,1
1990-07-05 04:00:00+00:00,9.66,15.0,1
1990-07-05 05:00:00+00:00,9.21,149.0,1
1990-07-05 06:00:00+00:00,10.52,282.0,1
1990-07-05 07:00:00+00:00,12.9,438.0,1
1990-07-05 08:00:00+00:00,14.83,585.0,1
1990-07-05 09:00:00+00:00,15.76,715.0,1
1990-07-05 10:00:00+00:00,15.99,798.0,1
1990-07-05 11:00:00+00:00,16.2,789.0,1
1990-07-05 12:00:00+00:00,16.59,860.0,1
1990-07-05 13:00:00+00:00,16.95,861.0,1
1990-07-05 14:00:00+00:00,16.69,774.0,1
1990-07-05 15:00:00+00:00,16.39,580.0,1
1990-07-05 16:00:00+00:00,16.17,408.0,1
1990-07-05 17:00:00+00:00,15.09,252.0,1
1990-07-05 18:00:00+00:00,14.12,54.0,1
1990-07-05 19:00:00+00:00,14.01,0.0,1
1990-07-05 20:00:00+00:00,12.97,0.0,1
1990-07-05 21:00:00+00:00,12.43,0.0,1
1990-07-05 22:00:00+00:00,12.13,0.0,1
1990-07-05 23:00:00+00:00,11.7,0.0,1
1990-07-06 00:00:00+00:00,11.34,0.0,1
1990-07-06 01:00:00+00:00,11.05,0.0,1
1990-07-06 02:00:00+00:00,10.61,0.0,1
1990-07-06 03:00:00+00:00,10.31,0.0,1
1990-07-06 04:00:00+00:00,10.1,12.0,1
1990-07-06 05:00:00+00:00,9.93,112.0,1
1990-07-06 06:00:00+00:00,10.34,255.0,1
1990-07-06 07:00:00+00:00,11.82,447.0,1
1990-07-06 08:00:00+00:00,13.45,571.0,1
1990-07-06 09:00:00+00:00,13.99,676.0,1
1990-07-06 10:00:00+00:00,14.44,765.0,1
1990-07-06 11:00:00+00:00,15.3,743.0,1
1990-07-06 12:00:00+00:00,15.77,749.0,1
1990-07-06 13:00:00+00:00,16.19,676.0,1
1990-07-06 14:00:00+00:00,16.07,657.0,1
1990-07-06 15:00:00+00:00,16.0,529.0,1
1990-07-06 16:00:00+00:00,15.6,359.0,1
1990-07-06 17:00:00+00:00,14.88,201.0,1
1990-07-06 18:00:00+00:00,13.87,72.0,1
1990-07-06 19:00:00+00:00,12.92,0.0,1
1990-07-06 20:00:00+00:00,11.98,0.0,1
1990-07-06 21:00:00+00:00,11.64,0.0,1
1990-07-06 22:00:00+00:00,11.23,0.0,1
1990-07-06 23:00:00+00:00,10.61,0.0,1
1990-07-07 00:00:00+00:00,10.01,0.0,0
1990-07-07 01:00:00+00:00,8.98,0.0,0
1990-07-07 02:00:00+00:00,8.55,0.0,0
1990-07-07 03:00:00+00:00,7.86,0.0,0
1990-07-07 04:00:00+00:00,6.39,14.0,0
1990-07-07 05:00:00+00:00,6.21,164.0,0
1990-07-07 06:00:00+00:00,9.03,337.0,0
1990-07-07 07:00:00+00:00,11.84,515.0,0
1990-07-07 08:00:00+00:00,14.44,691.0,0
1990-07-07 09:00:00+00:00,16.26,816.0,0
1990-07-07 10:00:00+00:00,17.66,922.0,0
1990-07-07 11:00:00+00:00,18.74,949.0,0
1990-07-07 12:00:00+00:00,19.5,960.0,0
1990-07-07 13:00:00+00:00,19.87,927.0,0
1990-07-07 14:00:00+00:00,19.96,803.0,0
1990-07-07 15:00:00+00:00,19.79,649.0,0
1990-07-07 16:00:00+00:00,19.3,484.0,0
1990-07-07 17:00:00+00:00,18.55,303.0,0
1990-07-07 18:00:00+00:00,17.61,53.0,0
1990-07-07 19:00:00+00:00,16.71,0.0,0
1990-07-07 20:00:00+00:00,16.2,0.0,0
1990-07-07 21:00:00+00:00,15.44,0.0,0
1990-07-07 22:00:00+00:00,14.34,0.0,0
1990-07-07 23:00:00+00:00,13.8,0.0,0
1990-07-08 00:00:00+00:00,13.23,0.0,0
1990-07-08 01:00:00+00:00,13.09,0.0,0
1990-07-08 02:00:00+00:00,12.61,0.0,0
1990-07-08 03:00:00+00:00,12.3,0.0,0
1990-07-08 04:00:00+00:00,12.15,13.0,0
1990-07-08 05:00:00+00:00,12.55,161.0,0
1990-07-08 06:00:00+00:00,13.56,336.0,0
1990-07-08 07:00:00+00:00,16.03,512.0,0
1990-07-08 08:00:00+00:00,18.13,684.0,0
1990-07-08 09:00:00+00:00,19.48,813.0,0
1990-07-08 10:00:00+00:00,20.62,914.0,0
1990-07-08 11:00:00+00:00,21.53,931.0,0
1990-07-08 12:00:00+00:00,22.15,911.0,0
1990-07-08 13:00:00+00:00,22.24,867.0,0
1990-07-08 14:00:00+00:00,21.96,666.0,0
1990-07-08 15:00:00+00:00,21.63,574.0,0
1990-07-08 16:00:00+00:00,20.81,338.0,0
1990-07-08 17:00:00+00:00,20.1,226.0,0
1990-07-08 18:00:00+00:00,18.96,57.0,0
1990-07-08 19:00:00+00:00,18.85,0.0,0
1990-07-08 20:00:00+00:00,18.14,0.0,0
1990-07-08 21:00:00+00:00,17.3,0.0,0
1990-07-08 22:00:00+00:00,16.49,0.0,0
1990-07-08 23:00:00+00:00,15.6,0.0,0
1990-07-09 00:00:00+00:00,14.85,0.0,1
1990-07-09 01:00:00+00:00,14.16,0.0,1
1990-07-09 02:00:00+00:00,13.52,0.0,1
1990-07-09 03:00:00+00:00,12.87,0.0,1
1990-07-09 04:00:00+00:00,12.31,13.0,1
1990-07-09 05:00:00+00:00,12.21,143.0,1
1990-07-09 06:00:00+00:00,13.25,236.0,1
1990-07-09 07:00:00+00:00,17.36,501.0,1
1990-07-09 08:00:00+00:00,19.78,673.0,1
1990-07-09 09:00:00+00:00,21.68,796.0,1
1990-07-09 10:00:00+00:00,23.19,900.0,1
1990-07-09 11:00:00+00:00,24.13,948.0,1
1990-07-09 12:00:00+00:00,24.65,943.0,1
1990-07-09 13:00:00+00:00,24.17,887.0,1
1990-07-09 14:00:00+00:00,23.5,738.0,1
1990-07-09 15:00:00+00:00,22.93,599.0,1
1990-07-09 16:00:00+00:00,22.24,439.0,1
1990-07-09 17:00:00+00:00,21.55,284.0,1
1990-07-09 18:00:00+00:00,20.41,70.0,1
1990-07-09 19:00:00+00:00,20.03,0.0,1
1990-07-09 20:00:00+00:00,19.37,0.0,1
1990-07-09 21:00:00+00:00,18.54,0.0,1
1990-07-09 22:00:00+00:00,17.87,0.0,1
1990-07-09 23:00:00+00:00,17.44,0.0,1
1990-07-10 00:00:00+00:00,17.06,0.0,1
1990-07-10 01:00:00+00:00,16.32,0.0,1
1990-07-10 02:00:00+00:00,15.59,0.0,1
1990-07-10 03:00:00+00:00,14.85,0.0,1
1990-07-10 04:00:00+00:00,14.23,10.0,1
1990-07-10 05:00:00+00:00,13.99,132.0,1
1990-07-10 06:00:00+00:00,14.19,301.0,1
1990-07-10 07:00:00+00:00,18.5,475.0,1
1990-07-10 08:00:00+00:00,20.26,654.0,1
1990-07-10 09:00:00+00:00,21.53,774.0,1
1990-07-10 10:00:00+00:00,22.71,887.0,1
1990-07-10 11:00:00+00:00,23.36,874.0,1
1990-07-10 12:00:00+00:00,23.83,517.0,1
1990-07-10 13:00:00+00:00,22.51,579.0,1
1990-07-10 14:00:00+00:00,20.12,327.0,1
1990-07-10 15:00:00+00:00,17.32,281.0,1
1990-07-10 16:00:00+00:00,17.27,76.0,1
1990-07-10 17:00:00+00:00,17.06,49.0,1
1990-07-10 18:00:00+00:00,16.91,65.0,1
1990-07-10 19:00:00+00:00,15.59,0.0,1
1990-07-10 20:00:00+00:00,14.99,0.0,1
1990-07-10 21:00:00+00:00,14.06,0.0,1
1990-07-10 22:00:00+00:00,13.09,0.0,1
1990-07-10 23:00:00+00:00,12.34,0.0,1
1990-07-11 00:00:00+00:00,11.78,0.0,1
1990-07-11 01:00:00+00:00,11.42,0.0,1
1990-07-11 02:00:00+00:00,10.97,0.0,1
1990-07-11 03:00:00+00:00,9.86,0.0,1
1990-07-11 04:00:00+00:00,9.8,11.0,1
1990-07-11 05:00:00+00:00,10.0,138.0,1
1990-07-11 06:00:00+00:00,12.55,259.0,1
1990-07-11 07:00:00+00:00,16.56,499.0,1
1990-07-11 08:00:00+00:00,18.21,394.0,1
1990-07-11 09:00:00+00:00,19.31,306.0,1
1990-07-11 10:00:00+00:00,20.08,683.0,1
1990-07-11 11:00:00+00:00,20.47,685.0,1
1990-07-11 12:00:00+00:00,20.75,399.0,1
1990-07-11 13:00:00+00:00,20.75,501.0,1
1990-07-11 14:00:00+00:00,18.32,373.0,1
1990-07-11 15:00:00+00:00,18.54,410.0,1
1990-07-11 16:00:00+00:00,18.56,206.0,1
1990-07-11 17:00:00+00:00,17.99,58.0,1
1990-07-11 18:00:00+00:00,17.41,39.0,1
1990-07-11 19:00:00+00:00,18.53,0.0,1
1990-07-11 20:00:00+00:00,17.65,0.0,1
1990-07-11 21:00:00+00:00,16.68,0.0,1
1990-07-11 22:00:00+00:00,15.97,0.0,1
1990-07-11 23:00:00+00:00,15.3,0.0,1
1990-07-12 00:00:00+00:00,14.49,0.0,1
1990-07-12 01:00:00+00:00,13.75,0.0,1
1990-07-12 02:00:00+00:00,12.45,0.0,1
1990-07-12 03:00:00+00:00,11.5,0.0,1
1990-07-12 04:00:00+00:00,10.58,10.0,1
1990-07-12 05:00:00+00:00,9.29,128.0,1
1990-07-12 06:00:00+00:00,12.26,239.0,1
1990-07-12 07:00:00+00:00,16.89,501.0,1
1990-07-12 08:00:00+00:00,19.29,640.0,1
1990-07-12 09:00:00+00:00,20.62,793.0,1
1990-07-12 10:00:00+00:00,21.5,878.0,1
1990-07-12 11:00:00+00:00,22.06,815.0,1
1990-07-12 12:00:00+00:00,22.33,736.0,1
1990-07-12 13:00:00+00:00,22.56,876.0,1
1990-07-12 14:00:00+00:00,22.44,745.0,1
1990-07-12 15:00:00+00:00,21.85,485.0,1
1990-07-12 16:00:00+00:00,19.81,196.0,1
1990-07-12 17:00:00+00:00,17.75,76.0,1
1990-07-12 18:00:00+00:00,16.35,26.0,1
1990-07-12 19:00:00+00:00,15.69,0.0,1
1990-07-12 20:00:00+00:00,15.35,0.0,1
1990-07-12 21:00:00+00:00,14.63,0.0,1
1990-07-12 22:00:00+00:00,13.57,0.0,1
1990-07-12 23:00:00+00:00,12.75,0.0,1
1990-07-13 00:00:00+00:00,12.15,0.0,1
1990-07-13 01:00:00+00:00,11.36,0.0,1
1990-07-13 02:00:00+00:00,11.04,0.0,1
1990-07-13 03:00:00+00:00,10.66,0.0,1
1990-07-13 04:00:00+00:00,10.1,1.0,1
1990-07-13 05:00:00+00:00,10.4,77.0,1
1990-07-13 06:00:00+00:00,11.97,247.0,1
1990-07-13 07:00:00+00:00,15.22,394.0,1
1990-07-13 08:00:00+00:00,17.38,559.0,1
1990-07-13 09:00:00+00:00,18.81,559.0,1
1990-07-13 10:00:00+00:00,19.65,818.0,1
1990-07-13 11:00:00+00:00,20.83,806.0,1
1990-07-13 12:00:00+00:00,21.21,833.0,1
1990-07-13 13:00:00+00:00,21.47,675.0,1
1990-07-13 14:00:00+00:00,21.39,659.0,1
1990-07-13 15:00:00+00:00,21.26,485.0,1
1990-07-13 16:00:00+00:00,20.82,276.0,1
1990-07-13 17:00:00+00:00,20.06,129.0,1
1990-07-13 18:00:00+00:00,19.24,68.0,1
1990-07-13 19:00:00+00:00,19.62,0.0,1
1990-07-13 20:00:00+00:00,18.76,0.0,1
1990-07-13 21:00:00+00:00,17.99,0.0,1
1990-07-13 22:00:00+00:00,17.01,0.0,1
1990-07-13 23:00:00+00:00,16.43,0.0,1
1990-07-14 00:00:00+00:00,15.99,0.0,0
1990-07-14 01:00:00+00:00,14.92,0.0,0
1990-07-14 02:00:00+00:00,13.64,0.0,0
1990-07-14 03:00:00+00:00,12.78,0.0,0
1990-07-14 04:00:00+00:00,12.63,8.0,0
1990-07-14 05:00:00+00:00,12.14,142.0,0
1990-07-14 06:00:00+00:00,13.45,316.0,0
1990-07-14 07:00:00+00:00,16.91,495.0,0
1990-07-14 08:00:00+00:00,19.31,669.0,0
1990-07-14 09:00:00+00:00,21.36,799.0,0
1990-07-14 10:00:00+00:00,22.59,815.0,0
1990-07-14 11:00:00+00:00,23.3,830.0,0
1990-07-14 12:00:00+00:00,23.73,826.0,0
1990-07-14 13:00:00+00:00,23.79,642.0,0
1990-07-14 14:00:00+00:00,22.46,317.0,0
1990-07-14 15:00:00+00:00,22.55,501.0,0
1990-07-14 16:00:00+00:00,22.22,197.0,0
1990-07-14 17:00:00+00:00,19.12,37.0,0
1990-07-14 18:00:00+00:00,18.27,68.0,0
1990-07-14 19:00:00+00:00,18.25,0.0,0
1990-07-14 20:00:00+00:00,17.34,0.0,0
1990-07-14 21:00:00+00:00,16.58,0.0,0
1990-07-14 22:00:00+00:00,15.84,0.0,0
1990-07-14 23:00:00+00:00,15.14,0.0,0
1990-07-15 00:00:00+00:00,14.7,0.0,0
1990-07-15 01:00:00+00:00,14.25,0.0,0
1990-07-15 02:00:00+00:00,14.0,0.0,0
1990-07-15 03:00:00+00:00,13.89,0.0,0
1990-07-15 04:00:00+00:00,13.75,7.0,0
1990-07-15 05:00:00+00:00,13.75,89.0,0
1990-07-15 06:00:00+00:00,14.04,246.0,0
1990-07-15 07:00:00+00:00,14.6,384.0,0
1990-07-15 08:00:00+00:00,15.97,522.0,0
1990-07-15 09:00:00+00:00,17.67,651.0,0
1990-07-15 10:00:00+00:00,18.67,769.0,0
1990-07-15 11:00:00+00:00,19.33,775.0,0
1990-07-15 12:00:00+00:00,19.72,832.0,0
1990-07-15 13:00:00+00:00,20.4,852.0,0
1990-07-15 14:00:00+00:00,19.95,778.0,0
1990-07-15 15:00:00+00:00,20.07,637.0,0
1990-07-15 16:00:00+00:00,19.82,462.0,0
1990-07-15 17:00:00+00:00,19.14,286.0,0
1990-07-15 18:00:00+00:00,18.23,53.0,0
1990-07-15 19:00:00+00:00,17.29,0.0,0
1990-07-15 20:00:00+00:00,16.69,0.0,0
1990-07-15 21:00:00+00:00,15.94,0.0,0
1990-07-15 22:00:00+00:00,15.2,0.0,0
1990-07-15 23:00:00+00:00,13.65,0.0,0
1990-07-16 00:00:00+00:00,12.51,0.0,1
1990-07-16 01:00:00+00:00,11.99,0.0,1
1990-07-16 02:00:00+00:00,11.65,0.0,1
1990-07-16 03:00:00+00:00,11.42,0.0,1
1990-07-16 04:00:00+00:00,11.07,6.0,1
1990-07-16 05:00:00+00:00,10.96,120.0,1
1990-07-16 06:00:00+00:00,13.53,301.0,1
1990-07-16 07:00:00+00:00,15.68,476.0,1
1990-07-16 08:00:00+00:00,18.24,598.0,1
1990-07-16 09:00:00+00:00,20.15,731.0,1
1990-07-16 10:00:00+00:00,21.13,820.0,1
1990-07-16 11:00:00+00:00,20.85,855.0,1
1990-07-16 12:00:00+00:00,19.6,813.0,1
1990-07-16 13:00:00+00:00,19.67,718.0,1
1990-07-16 14:00:00+00:00,20.08,491.0,1
1990-07-16 15:00:00+00:00,18.85,345.0,1
1990-07-16 16:00:00+00:00,16.99,117.0,1
1990-07-16 17:00:00+00:00,16.81,46.0,1
1990-07-16 18:00:00+00:00,16.19,31.0,1
1990-07-16 19:00:00+00:00,14.95,0.0,1
1990-07-16 20:00:00+00:00,14.72,0.0,1
1990-07-16 21:00:00+00:00,14.33,0.0,1
1990-07-16 22:00:00+00:00,13.33,0.0,1
1990-07-16 23:00:00+00:00,13.11,0.0,1
1990-07-17 00:00:00+00:00,12.7,0.0,1
1990-07-17 01:00:00+00:00,11.92,0.0,1
1990-07-17 02:00:00+00:00,9.73,0.0,1
1990-07-17 03:00:00+00:00,9.13,0.0,1
1990-07-17 04:00:00+00:00,8.78,4.0,1
1990-07-17 05:00:00+00:00,9.43,59.0,1
1990-07-17 06:00:00+00:00,11.63,303.0,1
1990-07-17 07:00:00+00:00,14.56,424.0,1
1990-07-17 08:00:00+00:00,15.38,625.0,1
1990-07-17 09:00:00+00:00,15.75,656.0,1
1990-07-17 10:00:00+00:00,15.06,418.0,1
1990-07-17 11:00:00+00:00,15.84,446.0,1
1990-07-17 12:00:00+00:00,14.65,508.0,1
1990-07-17 13:00:00+00:00,14.88,363.0,1
1990-07-17 14:00:00+00:00,14.63,195.0,1
1990-07-17 15:00:00+00:00,13.68,285.0,1
1990-07-17 16:00:00+00:00,13.33,75.0,1
1990-07-17 17:00:00+00:00,12.5,261.0,1
1990-07-17 18:00:00+00:00,11.27,11.0,1
1990-07-17 19:00:00+00:00,10.33,0.0,1
1990-07-17 20:00:00+00:00,9.63,0.0,1
1990-07-17 21:00:00+00:00,9.31,0.0,1
1990-07-17 22:00:00+00:00,8.66,0.0,1
1990-07-17 23:00:00+00:00,8.62,0.0,1
1990-07-18 00:00:00+00:00,8.31,0.0,1
1990-07-18 01:00:00+00:00,7.99,0.0,1
1990-07-18 02:00:00+00:00,7.69,0.0,1
1990-07-18 03:00:00+00:00,7.35,0.0,1
1990-07-18 04:00:00+00:00,7.01,0.0,1
1990-07-18 05:00:00+00:00,7.04,143.0,1
1990-07-18 06:00:00+00:00,7.78,293.0,1
1990-07-18 07:00:00+00:00,9.44,392.0,1
1990-07-18 08:00:00+00:00,10.95,542.0,1
1990-07-18 09:00:00+00:00,12.6,746.0,1
1990-07-18 10:00:00+00:00,14.02,885.0,1
1990-07-18 11:00:00+00:00,15.46,955.0,1
1990-07-18 12:00:00+00:00,16.52,956.0,1
1990-07-18 13:00:00+00:00,17.4,924.0,1
1990-07-18 14:00:00+00:00,17.8,799.0,1
1990-07-18 15:00:00+00:00,17.81,640.0,1
1990-07-18 16:00:00+00:00,17.33,474.0,1
1990-07-18 17:00:00+00:00,16.7,295.0,1
1990-07-18 18:00:00+00:00,15.73,50.0,1
1990-07-18 19:00:00+00:00,14.26,0.0,1
1990-07-18 20:00:00+00:00,13.82,0.0,1
1990-07-18 21:00:00+00:00,13.09,0.0,1
1990-07-18 22:00:00+00:00,12.53,0.0,1
1990-07-18 23:00:00+00:00,11.95,0.0,1
1990-07-19 00:00:00+00:00,11.26,0.0,1
1990-07-19 01:00:00+00:00,10.7,0.0,1
1990-07-19 02:00:00+00:00,10.04,0.0,1
1990-07-19 03:00:00+00:00,9.54,0.0,1
1990-07-19 04:00:00+00:00,9.29,0.0,1
1990-07-19 05:00:00+00:00,9.33,142.0,1
1990-07-19 06:00:00+00:00,10.51,322.0,1
1990-07-19 07:00:00+00:00,12.92,499.0,1
1990-07-19 08:00:00+00:00,15.67,671.0,1
1990-07-19 09:00:00+00:00,17.62,804.0,1
1990-07-19 10:00:00+00:00,18.93,908.0,1
1990-07-19 11:00:00+00:00,19.8,958.0,1
1990-07-19 12:00:00+00:00,20.23,944.0,1
1990-07-19 13:00:00+00:00,20.28,907.0,1
1990-07-19 14:00:00+00:00,20.31,776.0,1
1990-07-19 15:00:00+00:00,20.07,600.0,1
1990-07-19 16:00:00+00:00,19.15,421.0,1
1990-07-19 17:00:00+00:00,18.34,250.0,1
1990-07-19 18:00:00+00:00,17.4,63.0,1
1990-07-19 19:00:00+00:00,16.07,0.0,1
1990-07-19 20:00:00+00:00,15.64,0.0,1
1990-07-19 21:00:00+00:00,14.95,0.0,1
1990-07-19 22:00:00+00:00,14.29,0.0,1
1990-07-19 23:00:00+00:00,13.46,0.0,1
1990-07-20 00:00:00+00:00,12.13,0.0,1
1990-07-20 01:00:00+00:00,10.65,0.0,1
1990-07-20 02:00:00+00:00,9.06,0.0,1
1990-07-20 03:00:00+00:00,8.57,0.0,1
1990-07-20 04:00:00+00:00,8.08,0.0,1
1990-07-20 05:00:00+00:00,8.5,136.0,1
1990-07-20 06:00:00+00:00,11.66,313.0,1
1990-07-20 07:00:00+00:00,13.25,495.0,1
1990-07-20 08:00:00+00:00,16.8,660.0,1
1990-07-20 09:00:00+00:00,18.92,800.0,1
1990-07-20 10:00:00+00:00,20.33,894.0,1
1990-07-20 11:00:00+00:00,21.19,878.0,1
1990-07-20 12:00:00+00:00,21.35,855.0,1
1990-07-20 13:00:00+00:00,21.44,818.0,1
1990-07-20 14:00:00+00:00,21.45,631.0,1
1990-07-20 15:00:00+00:00,21.0,444.0,1
1990-07-20 16:00:00+00:00,19.64,261.0,1
1990-07-20 17:00:00+00:00,18.87,80.0,1
1990-07-20 18:00:00+00:00,17.98,25.0,1
1990-07-20 19:00:00+00:00,18.67,0.0,1
1990-07-20 20:00:00+00:00,18.08,0.0,1
1990-07-20 21:00:00+00:00,17.28,0.0,1
1990-07-20 22:00:00+00:00,16.76,0.0,1
1990-07-20 23:00:00+00:00,16.11,0.0,1
1990-07-21 00:00:00+00:00,15.62,0.0,0
1990-07-21 01:00:00+00:00,15.14,0.0,0
1990-07-21 02:00:00+00:00,14.3,0.0,0
1990-07-21 03:00:00+00:00,13.8,0.0,0
1990-07-21 04:00:00+00:00,13.33,0.0,0
1990-07-21 05:00:00+00:00,12.91,121.0,0
1990-07-21 06:00:00+00:00,13.39,285.0,0
1990-07-21 07:00:00+00:00,16.54,409.0,0
1990-07-21 08:00:00+00:00,17.96,537.0,0
1990-07-21 09:00:00+00:00,18.73,664.0,0
1990-07-21 10:00:00+00:00,19.96,817.0,0
1990-07-21 11:00:00+00:00,20.01,828.0,0
1990-07-21 12:00:00+00:00,20.37,423.0,0
1990-07-21 13:00:00+00:00,19.88,420.0,0
1990-07-21 14:00:00+00:00,18.65,219.0,0
1990-07-21 15:00:00+00:00,18.34,123.0,0
1990-07-21 16:00:00+00:00,17.28,41.0,0
1990-07-21 17:00:00+00:00,17.17,173.0,0
1990-07-21 18:00:00+00:00,16.92,51.0,0
1990-07-21 19:00:00+00:00,16.3,0.0,0
1990-07-21 20:00:00+00:00,15.66,0.0,0
1990-07-21 21:00:00+00:00,14.79,0.0,0
1990-07-21 22:00:00+00:00,14.22,0.0,0
1990-07-21 23:00:00+00:00,13.03,0.0,0
1990-07-22 00:00:00+00:00,12.0,0.0,0
1990-07-22 01:00:00+00:00,11.52,0.0,0
1990-07-22 02:00:00+00:00,11.16,0.0,0
1990-07-22 03:00:00+00:00,11.01,0.0,0
1990-07-22 04:00:00+00:00,10.81,0.0,0
1990-07-22 05:00:00+00:00,10.36,116.0,0
1990-07-22 06:00:00+00:00,12.44,246.0,0
1990-07-22 07:00:00+00:00,15.52,351.0,0
1990-07-22 08:00:00+00:00,16.58,615.0,0
1990-07-22 09:00:00+00:00,17.33,711.0,0
1990-07-22 10:00:00+00:00,18.28,490.0,0
1990-07-22 11:00:00+00:00,17.53,151.0,0
1990-07-22 12:00:00+00:00,17.17,148.0,0
1990-07-22 13:00:00+00:00,16.61,431.0,0
1990-07-22 14:00:00+00:00,16.43,221.0,0
1990-07-22 15:00:00+00:00,16.39,180.0,0
1990-07-22 16:00:00+00:00,15.09,82.0,0
1990-07-22 17:00:00+00:00,14.71,54.0,0
1990-07-22 18:00:00+00:00,14.09,10.0,0
1990-07-22 19:00:00+00:00,13.04,0.0,0
1990-07-22 20:00:00+00:00,12.82,0.0,0
1990-07-22 21:00:00+00:00,12.1,0.0,0
1990-07-22 22:00:00+00:00,11.86,0.0,0
1990-07-22 23:00:00+00:00,11.75,0.0,0
1990-07-23 00:00:00+00:00,11.65,0.0,1
1990-07-23 01:00:00+00:00,11.47,0.0,1
1990-07-23 02:00:00+00:00,11.25,0.0,1
1990-07-23 03:00:00+00:00,10.82,0.0,1
1990-07-23 04:00:00+00:00,10.49,0.0,1
1990-07-23 05:00:00+00:00,10.25,20.0,1
1990-07-23 06:00:00+00:00,10.66,26.0,1
1990-07-23 07:00:00+00:00,11.53,59.0,1
1990-07-23 08:00:00+00:00,12.47,145.0,1
1990-07-23 09:00:00+00:00,12.86,105.0,1
1990-07-23 10:00:00+00:00,11.94,144.0,1
1990-07-23 11:00:00+00:00,11.29,190.0,1
1990-07-23 12:00:00+00:00,12.24,184.0,1
1990-07-23 13:00:00+00:00,11.11,456.0,1
1990-07-23 14:00:00+00:00,11.16,341.0,1
1990-07-23 15:00:00+00:00,11.04,117.0,1
1990-07-23 16:00:00+00:00,10.25,268.0,1
1990-07-23 17:00:00+00:00,9.58,50.0,1
1990-07-23 18:00:00+00:00,9.04,10.0,1
1990-07-23 19:00:00+00:00,6.63,0.0,1
1990-07-23 20:00:00+00:00,6.13,0.0,1
1990-07-23 21:00:00+00:00,5.31,0.0,1
1990-07-23 22:00:00+00:00,4.67,0.0,1
1990-07-23 23:00:00+00:00,4.16,0.0,1
1990-07-24 00:00:00+00:00,4.22,0.0,1
1990-07-24 01:00:00+00:00,4.31,0.0,1
1990-07-24 02:00:00+00:00,4.23,0.0,1
1990-07-24 03:00:00+00:00,4.46,0.0,1
1990-07-24 04:00:00+00:00,4.47,0.0,1
1990-07-24 05:00:00+00:00,4.52,81.0,1
1990-07-24 06:00:00+00:00,5.38,128.0,1
1990-07-24 07:00:00+00:00,5.83,150.0,1
1990-07-24 08:00:00+00:00,6.65,470.0,1
1990-07-24 09:00:00+00:00,7.89,278.0,1
1990-07-24 10:00:00+00:00,9.1,322.0,1
1990-07-24 11:00:00+00:00,9.59,217.0,1
1990-07-24 12:00:00+00:00,9.92,175.0,1
1990-07-24 13:00:00+00:00,10.84,189.0,1
1990-07-24 14:00:00+00:00,10.68,354.0,1
1990-07-24 15:00:00+00:00,11.06,477.0,1
1990-07-24 16:00:00+00:00,10.65,250.0,1
1990-07-24 17:00:00+00:00,10.06,185.0,1
1990-07-24 18:00:00+00:00,9.37,60.0,1
1990-07-24 19:00:00+00:00,7.86,0.0,1
1990-07-24 20:00:00+00:00,7.23,0.0,1
1990-07-24 21:00:00+00:00,6.48,0.0,1
1990-07-24 22:00:00+00:00,6.28,0.0,1
1990-07-24 23:00:00+00:00,6.13,0.0,1
1990-07-25 00:00:00+00:00,5.98,0.0,1
1990-07-25 01:00:00+00:00,5.64,0.0,1
1990-07-25 02:00:00+00:00,5.32,0.0,1
1990-07-25 03:00:00+00:00,5.17,0.0,1
1990-07-25 04:00:00+00:00,4.69,0.0,1
1990-07-25 05:00:00+00:00,4.62,124.0,1
1990-07-25 06:00:00+00:00,5.02,291.0,1
1990-07-25 07:00:00+00:00,5.93,454.0,1
1990-07-25 08:00:00+00:00,7.67,592.0,1
1990-07-25 09:00:00+00:00,9.04,741.0,1
1990-07-25 10:00:00+00:00,10.33,854.0,1
1990-07-25 11:00:00+00:00,11.46,841.0,1
1990-07-25 12:00:00+00:00,12.14,793.0,1
1990-07-25 13:00:00+00:00,12.59,845.0,1
1990-07-25 14:00:00+00:00,12.69,548.0,1
1990-07-25 15:00:00+00:00,12.32,538.0,1
1990-07-25 16:00:00+00:00,11.56,378.0,1
1990-07-25 17:00:00+00:00,10.6,125.0,1
1990-07-25 18:00:00+00:00,9.5,50.0,1
1990-07-25 19:00:00+00:00,8.75,0.0,1
1990-07-25 20:00:00+00:00,7.8,0.0,1
1990-07-25 21:00:00+00:00,7.48,0.0,1
1990-07-25 22:00:00+00:00,7.16,0.0,1
1990-07-25 23:00:00+00:00,6.75,0.0,1
1990-07-26 00:00:00+00:00,6.38,0.0,1
1990-07-26 01:00:00+00:00,6.24,0.0,1
1990-07-26 02:00:00+00:00,5.87,0.0,1
1990-07-26 03:00:00+00:00,5.56,0.0,1
1990-07-26 04:00:00+00:00,5.32,0.0,1
1990-07-26 05:00:00+00:00,5.32,73.0,1
1990-07-26 06:00:00+00:00,6.09,137.0,1
1990-07-26 07:00:00+00:00,7.66,381.0,1
1990-07-26 08:00:00+00:00,9.04,471.0,1
1990-07-26 09:00:00+00:00,10.01,644.0,1
1990-07-26 10:00:00+00:00,10.95,750.0,1
1990-07-26 11:00:00+00:00,11.73,797.0,1
1990-07-26 12:00:00+00:00,12.2,601.0,1
1990-07-26 13:00:00+00:00,12.11,394.0,1
1990-07-26 14:00:00+00:00,12.03,121.0,1
1990-07-26 15:00:00+00:00,11.58,97.0,1
1990-07-26 16:00:00+00:00,10.96,110.0,1
1990-07-26 17:00:00+00:00,10.3,65.0,1
1990-07-26 18:00:00+00:00,9.37,57.0,1
1990-07-26 19:00:00+00:00,9.01,0.0,1
1990-07-26 20:00:00+00:00,8.3,0.0,1
1990-07-26 21:00:00+00:00,7.77,0.0,1
1990-07-26 22:00:00+00:00,7.71,0.0,1
1990-07-26 23:00:00+00:00,7.45,0.0,1
1990-07-27 00:00:00+00:00,7.35,0.0,1
1990-07-27 01:00:00+00:00,7.43,0.0,1
1990-07-27 02:00:00+00:00,7.28,0.0,1
1990-07-27 03:00:00+00:00,7.25,0.0,1
1990-07-27 04:00:00+00:00,6.75,0.0,1
1990-07-27 05:00:00+00:00,6.54,53.0,1
1990-07-27 06:00:00+00:00,7.12,136.0,1
1990-07-27 07:00:00+00:00,8.39,429.0,1
1990-07-27 08:00:00+00:00,9.47,603.0,1
1990-07-27 09:00:00+00:00,10.1,722.0,1
1990-07-27 10:00:00+00:00,11.23,814.0,1
1990-07-27 11:00:00+00:00,11.72,840.0,1
1990-07-27 12:00:00+00:00,12.69,818.0,1
1990-07-27 13:00:00+00:00,13.16,820.0,1
1990-07-27 14:00:00+00:00,13.46,721.0,1
1990-07-27 15:00:00+00:00,13.37,623.0,1
1990-07-27 16:00:00+00:00,12.94,448.0,1
1990-07-27 17:00:00+00:00,12.16,249.0,1
1990-07-27 18:00:00+00:00,11.28,56.0,1
1990-07-27 19:00:00+00:00,10.38,0.0,1
1990-07-27 20:00:00+00:00,9.62,0.0,1
1990-07-27 21:00:00+00:00,9.21,0.0,1
1990-07-27 22:00:00+00:00,8.68,0.0,1
1990-07-27 23:00:00+00:00,8.04,0.0,1
1990-07-28 00:00:00+00:00,7.34,0.0,0
1990-07-28 01:00:00+00:00,6.54,0.0,0
1990-07-28 02:00:00+00:00,5.92,0.0,0
1990-07-28 03:00:00+00:00,5.19,0.0,0
1990-07-28 04:00:00+00:00,3.81,0.0,0
1990-07-28 05:00:00+00:00,3.46,118.0,0
1990-07-28 06:00:00+00:00,5.84,293.0,0
1990-07-28 07:00:00+00:00,10.53,461.0,0
1990-07-28 08:00:00+00:00,12.76,592.0,0
1990-07-28 09:00:00+00:00,14.22,735.0,0
1990-07-28 10:00:00+00:00,15.02,675.0,0
1990-07-28 11:00:00+00:00,15.53,803.0,0
1990-07-28 12:00:00+00:00,15.44,795.0,0
1990-07-28 13:00:00+00:00,14.27,526.0,0
1990-07-28 14:00:00+00:00,14.01,120.0,0
1990-07-28 15:00:00+00:00,13.44,301.0,0
1990-07-28 16:00:00+00:00,12.71,101.0,0
1990-07-28 17:00:00+00:00,12.27,51.0,0
1990-07-28 18:00:00+00:00,11.48,53.0,0
1990-07-28 19:00:00+00:00,11.45,0.0,0
1990-07-28 20:00:00+00:00,10.64,0.0,0
1990-07-28 21:00:00+00:00,10.05,0.0,0
1990-07-28 22:00:00+00:00,9.56,0.0,0
1990-07-28 23:00:00+00:00,9.17,0.0,0
1990-07-29 00:00:00+00:00,8.66,0.0,0
1990-07-29 01:00:00+00:00,8.7,0.0,0
1990-07-29 02:00:00+00:00,8.49,0.0,0
1990-07-29 03:00:00+00:00,8.19,0.0,0
1990-07-29 04:00:00+00:00,8.18,0.0,0
1990-07-29 05:00:00+00:00,8.16,35.0,0
1990-07-29 06:00:00+00:00,8.36,72.0,0
1990-07-29 07:00:00+00:00,9.84,100.0,0
1990-07-29 08:00:00+00:00,10.1,313.0,0
1990-07-29 09:00:00+00:00,10.93,382.0,0
1990-07-29 10:00:00+00:00,10.66,192.0,0
1990-07-29 11:00:00+00:00,10.4,100.0,0
1990-07-29 12:00:00+00:00,10.16,181.0,0
1990-07-29 13:00:00+00:00,11.29,651.0,0
1990-07-29 14:00:00+00:00,9.83,140.0,0
1990-07-29 15:00:00+00:00,9.58,152.0,0
1990-07-29 16:00:00+00:00,9.19,246.0,0
1990-07-29 17:00:00+00:00,8.34,99.0,0
1990-07-29 18:00:00+00:00,7.36,8.0,0
1990-07-29 19:00:00+00:00,6.67,0.0,0
1990-07-29 20:00:00+00:00,5.84,0.0,0
1990-07-29 21:00:00+00:00,5.62,0.0,0
1990-07-29 22:00:00+00:00,5.5,0.0,0
1990-07-29 23:00:00+00:00,5.32,0.0,0
1990-07-30 00:00:00+00:00,5.15,0.0,1
1990-07-30 01:00:00+00:00,5.04,0.0,1
1990-07-30 02:00:00+00:00,4.8,0.0,1
1990-07-30 03:00:00+00:00,4.62,0.0,1
1990-07-30 04:00:00+00:00,4.35,0.0,1
1990-07-30 05:00:00+00:00,4.16,42.0,1
1990-07-30 06:00:00+00:00,4.64,243.0,1
1990-07-30 07:00:00+00:00,6.52,310.0,1
1990-07-30 08:00:00+00:00,7.43,439.0,1
1990-07-30 09:00:00+00:00,8.97,470.0,1
1990-07-30 10:00:00+00:00,10.22,222.0,1
1990-07-30 11:00:00+00:00,10.7,351.0,1
1990-07-30 12:00:00+00:00,11.12,663.0,1
1990-07-30 13:00:00+00:00,11.33,716.0,1
1990-07-30 14:00:00+00:00,11.84,527.0,1
1990-07-30 15:00:00+00:00,12.11,420.0,1
1990-07-30 16:00:00+00:00,11.85,417.0,1
1990-07-30 17:00:00+00:00,11.1,249.0,1
1990-07-30 18:00:00+00:00,10.24,45.0,1
1990-07-30 19:00:00+00:00,9.4,0.0,1
1990-07-30 20:00:00+00:00,9.19,0.0,1
1990-07-30 21:00:00+00:00,8.84,0.0,1
1990-07-30 22:00:00+00:00,8.35,0.0,1
1990-07-30 23:00:00+00:00,7.73,0.0,1
1990-07-31 00:00:00+00:00,7.15,0.0,1
1990-07-31 01:00:00+00:00,6.35,0.0,1
1990-07-31 02:00:00+00:00,5.68,0.0,1
1990-07-31 03:00:00+00:00,5.19,0.0,1
1990-07-31 04:00:00+00:00,4.84,0.0,1
1990-07-31 05:00:00+00:00,4.55,109.0,1
1990-07-31 06:00:00+00:00,6.27,287.0,1
1990-07-31 07:00:00+00:00,9.19,466.0,1
1990-07-31 08:00:00+00:00,11.68,650.0,1
1990-07-31 09:00:00+00:00,13.46,786.0,1
1990-07-31 10:00:00+00:00,14.92,892.0,1
1990-07-31 11:00:00+00:00,16.13,929.0,1
1990-07-31 12:00:00+00:00,17.12,931.0,1
1990-07-31 13:00:00+00:00,17.64,893.0,1
1990-07-31 14:00:00+00:00,17.68,776.0,1
1990-07-31 15:00:00+00:00,17.73,615.0,1
1990-07-31 16:00:00+00:00,16.43,451.0,1
1990-07-31 17:00:00+00:00,15.64,263.0,1
1990-07-31 18:00:00+00:00,14.84,41.0,1
1990-07-31 19:00:00+00:00,14.05,0.0,1
1990-07-31 20:00:00+00:00,13.26,0.0,1
1990-07-31 21:00:00+00:00,12.46,0.0,1
1990-07-31 22:00:00+00:00,11.67,0.0,1
1990-07-31 23:00:00+00:00,10.87,0.0,1
1990-08-01 00:00:00+00:00,10.08,0.0,1
1990-08-01 01:00:00+00:00,9.29,0.0,1
1990-08-01 02:00:00+00:00,8.49,0.0,1
1990-08-01 03:00:00+00:00,7.7,0.0,1
1990-08-01 04:00:00+00:00,6.9,0.0,1
1990-08-01 05:00:00+00:00,6.11,109.0,1
1990-08-01 06:00:00+00:00,5.32,283.0,1
1990-08-01 07:00:00+00:00,4.52,463.0,1
1990-08-01 08:00:00+00:00,13.68,639.0,1
1990-08-01 09:00:00+00:00,16.57,782.0,1
1990-08-01 10:00:00+00:00,18.37,888.0,1
1990-08-01 11:00:00+00:00,19.56,944.0,1
1990-08-01 12:00:00+00:00,20.4,946.0,1
1990-08-01 13:00:00+00:00,20.84,892.0,1
1990-08-01 14:00:00+00:00,21.01,771.0,1
1990-08-01 15:00:00+00:00,20.9,621.0,1
1990-08-01 16:00:00+00:00,20.45,440.0,1
1990-08-01 17:00:00+00:00,19.65,261.0,1
1990-08-01 18:00:00+00:00,18.32,47.0,1
1990-08-01 19:00:00+00:00,18.78,0.0,1
1990-08-01 20:00:00+00:00,17.73,0.0,1
1990-08-01 21:00:00+00:00,16.35,0.0,1
1990-08-01 22:00:00+00:00,15.12,0.0,1
1990-08-01 23:00:00+00:00,14.13,0.0,1
1990-08-02 00:00:00+00:00,13.47,0.0,1
1990-08-02 01:00:00+00:00,12.93,0.0,1
1990-08-02 02:00:00+00:00,12.22,0.0,1
1990-08-02 03:00:00+00:00,11.76,0.0,1
1990-08-02 04:00:00+00:00,11.66,0.0,1
1990-08-02 05:00:00+00:00,11.53,87.0,1
1990-08-02 06:00:00+00:00,11.86,24.0,1
1990-08-02 07:00:00+00:00,12.0,40.0,1
1990-08-02 08:00:00+00:00,13.47,377.0,1
1990-08-02 09:00:00+00:00,13.11,591.0,1
1990-08-02 10:00:00+00:00,13.68,329.0,1
1990-08-02 11:00:00+00:00,16.26,334.0,1
1990-08-02 12:00:00+00:00,16.97,88.0,1
1990-08-02 13:00:00+00:00,15.12,159.0,1
1990-08-02 14:00:00+00:00,14.19,67.0,1
1990-08-02 15:00:00+00:00,13.83,54.0,1
1990-08-02 16:00:00+00:00,12.7,132.0,1
1990-08-02 17:00:00+00:00,11.5,37.0,1
1990-08-02 18:00:00+00:00,11.12,46.0,1
1990-08-02 19:00:00+00:00,10.04,0.0,1
1990-08-02 20:00:00+00:00,9.42,0.0,1
1990-08-02 21:00:00+00:00,9.15,0.0,1
1990-08-02 22:00:00+00:00,8.75,0.0,1
1990-08-02 23:00:00+00:00,8.43,0.0,1
1990-08-03 00:00:00+00:00,8.24,0.0,1
1990-08-03 01:00:00+00:00,7.76,0.0,1
1990-08-03 02:00:00+00:00,7.57,0.0,1
1990-08-03 03:00:00+00:00,7.21,0.0,1
1990-08-03 04:00:00+00:00,6.82,0.0,1
1990-08-03 05:00:00+00:00,6.55,39.0,1
1990-08-03 06:00:00+00:00,6.8,84.0,1
1990-08-03 07:00:00+00:00,7.54,117.0,1
1990-08-03 08:00:00+00:00,8.87,321.0,1
1990-08-03 09:00:00+00:00,10.36,511.0,1
1990-08-03 10:00:00+00:00,11.47,363.0,1
1990-08-03 11:00:00+00:00,12.14,432.0,1
1990-08-03 12:00:00+00:00,12.67,488.0,1
1990-08-03 13:00:00+00:00,13.19,377.0,1
1990-08-03 14:00:00+00:00,13.09,398.0,1
1990-08-03 15:00:00+00:00,12.78,482.0,1
1990-08-03 16:00:00+00:00,12.23,394.0,1
1990-08-03 17:00:00+00:00,11.76,245.0,1
1990-08-03 18:00:00+00:00,11.2,45.0,1
1990-08-03 19:00:00+00:00,10.66,0.0,1
1990-08-03 20:00:00+00:00,10.41,0.0,1
1990-08-03 21:00:00+00:00,10.01,0.0,1
1990-08-03 22:00:00+00:00,9.35,0.0,1
1990-08-03 23:00:00+00:00,8.3,0.0,1
1990-08-04 00:00:00+00:00,6.44,0.0,0
1990-08-04 01:00:00+00:00,5.36,0.0,0
1990-08-04 02:00:00+00:00,4.66,0.0,0
1990-08-04 03:00:00+00:00,4.04,0.0,0
1990-08-04 04:00:00+00:00,2.97,0.0,0
1990-08-04 05:00:00+00:00,2.71,99.0,0
1990-08-04 06:00:00+00:00,5.76,273.0,0
1990-08-04 07:00:00+00:00,9.72,457.0,0
1990-08-04 08:00:00+00:00,13.09,635.0,0
1990-08-04 09:00:00+00:00,15.08,775.0,0
1990-08-04 10:00:00+00:00,16.5,877.0,0
1990-08-04 11:00:00+00:00,17.6,938.0,0
1990-08-04 12:00:00+00:00,18.26,930.0,0
1990-08-04 13:00:00+00:00,18.53,885.0,0
1990-08-04 14:00:00+00:00,18.6,768.0,0
1990-08-04 15:00:00+00:00,18.31,619.0,0
1990-08-04 16:00:00+00:00,17.7,440.0,0
1990-08-04 17:00:00+00:00,16.79,262.0,0
1990-08-04 18:00:00+00:00,15.81,38.0,0
1990-08-04 19:00:00+00:00,15.18,0.0,0
1990-08-04 20:00:00+00:00,14.33,0.0,0
1990-08-04 21:00:00+00:00,13.53,0.0,0
1990-08-04 22:00:00+00:00,12.64,0.0,0
1990-08-04 23:00:00+00:00,11.65,0.0,0
1990-08-05 00:00:00+00:00,10.79,0.0,0
1990-08-05 01:00:00+00:00,10.33,0.0,0
1990-08-05 02:00:00+00:00,9.65,0.0,0
1990-08-05 03:00:00+00:00,8.89,0.0,0
1990-08-05 04:00:00+00:00,8.28,0.0,0
1990-08-05 05:00:00+00:00,7.31,95.0,0
1990-08-05 06:00:00+00:00,8.68,271.0,0
1990-08-05 07:00:00+00:00,10.29,452.0,0
1990-08-05 08:00:00+00:00,15.11,626.0,0
1990-08-05 09:00:00+00:00,17.76,773.0,0
1990-08-05 10:00:00+00:00,19.34,874.0,0
1990-08-05 11:00:00+00:00,20.29,931.0,0
1990-08-05 12:00:00+00:00,20.81,922.0,0
1990-08-05 13:00:00+00:00,21.03,860.0,0
1990-08-05 14:00:00+00:00,20.9,753.0,0
1990-08-05 15:00:00+00:00,20.61,616.0,0
1990-08-05 16:00:00+00:00,20.0,435.0,0
1990-08-05 17:00:00+00:00,19.19,259.0,0
1990-08-05 18:00:00+00:00,18.12,38.0,0
1990-08-05 19:00:00+00:00,18.01,0.0,0
1990-08-05 20:00:00+00:00,17.0,0.0,0
1990-08-05 21:00:00+00:00,16.3,0.0,0
1990-08-05 22:00:00+00:00,15.54,0.0,0
1990-08-05 23:00:00+00:00,14.75,0.0,0
1990-08-06 00:00:00+00:00,14.18,0.0,1
1990-08-06 01:00:00+00:00,13.64,0.0,1
1990-08-06 02:00:00+00:00,13.1,0.0,1
1990-08-06 03:00:00+00:00,12.56,0.0,1
1990-08-06 04:00:00+00:00,11.77,0.0,1
1990-08-06 05:00:00+00:00,10.46,88.0,1
1990-08-06 06:00:00+00:00,11.22,261.0,1
1990-08-06 07:00:00+00:00,13.72,441.0,1
1990-08-06 08:00:00+00:00,16.04,612.0,1
1990-08-06 09:00:00+00:00,18.08,761.0,1
1990-08-06 10:00:00+00:00,19.62,852.0,1
1990-08-06 11:00:00+00:00,20.1,868.0,1
1990-08-06 12:00:00+00:00,20.03,845.0,1
1990-08-06 13:00:00+00:00,19.98,774.0,1
1990-08-06 14:00:00+00:00,20.08,582.0,1
1990-08-06 15:00:00+00:00,19.04,560.0,1
1990-08-06 16:00:00+00:00,18.11,423.0,1
1990-08-06 17:00:00+00:00,16.86,190.0,1
1990-08-06 18:00:00+00:00,15.77,38.0,1
1990-08-06 19:00:00+00:00,15.38,0.0,1
1990-08-06 20:00:00+00:00,14.98,0.0,1
1990-08-06 21:00:00+00:00,14.14,0.0,1
1990-08-06 22:00:00+00:00,13.5,0.0,1
1990-08-06 23:00:00+00:00,13.19,0.0,1
1990-08-07 00:00:00+00:00,12.92,0.0,1
1990-08-07 01:00:00+00:00,12.46,0.0,1
1990-08-07 02:00:00+00:00,11.94,0.0,1
1990-08-07 03:00:00+00:00,11.54,0.0,1
1990-08-07 04:00:00+00:00,11.25,0.0,1
1990-08-07 05:00:00+00:00,11.18,53.0,1
1990-08-07 06:00:00+00:00,11.25,37.0,1
1990-08-07 07:00:00+00:00,12.06,58.0,1
1990-08-07 08:00:00+00:00,12.34,208.0,1
1990-08-07 09:00:00+00:00,13.55,377.0,1
1990-08-07 10:00:00+00:00,13.77,317.0,1
1990-08-07 11:00:00+00:00,14.23,187.0,1
1990-08-07 12:00:00+00:00,13.78,136.0,1
1990-08-07 13:00:00+00:00,13.85,74.0,1
1990-08-07 14:00:00+00:00,13.61,109.0,1
1990-08-07 15:00:00+00:00,13.66,156.0,1
1990-08-07 16:00:00+00:00,13.53,97.0,1
1990-08-07 17:00:00+00:00,12.88,116.0,1
1990-08-07 18:00:00+00:00,12.06,36.0,1
1990-08-07 19:00:00+00:00,11.5,0.0,1
1990-08-07 20:00:00+00:00,11.0,0.0,1
1990-08-07 21:00:00+00:00,10.94,0.0,1
1990-08-07 22:00:00+00:00,10.49,0.0,1
1990-08-07 23:00:00+00:00,9.95,0.0,1
1990-08-08 00:00:00+00:00,9.87,0.0,1
1990-08-08 01:00:00+00:00,9.63,0.0,1
1990-08-08 02:00:00+00:00,9.69,0.0,1
1990-08-08 03:00:00+00:00,9.22,0.0,1
1990-08-08 04:00:00+00:00,8.97,0.0,1
1990-08-08 05:00:00+00:00,8.96,38.0,1
1990-08-08 06:00:00+00:00,8.99,70.0,1
1990-08-08 07:00:00+00:00,9.34,210.0,1
1990-08-08 08:00:00+00:00,10.6,301.0,1
1990-08-08 09:00:00+00:00,11.05,356.0,1
1990-08-08 10:00:00+00:00,11.11,386.0,1
1990-08-08 11:00:00+00:00,10.81,121.0,1
1990-08-08 12:00:00+00:00,10.63,86.0,1
1990-08-08 13:00:00+00:00,9.88,75.0,1
1990-08-08 14:00:00+00:00,9.39,65.0,1
1990-08-08 15:00:00+00:00,8.69,52.0,1
1990-08-08 16:00:00+00:00,8.22,37.0,1
1990-08-08 17:00:00+00:00,7.73,36.0,1
1990-08-08 18:00:00+00:00,7.0,35.0,1
1990-08-08 19:00:00+00:00,3.61,0.0,1
1990-08-08 20:00:00+00:00,2.91,0.0,1
1990-08-08 21:00:00+00:00,2.32,0.0,1
1990-08-08 22:00:00+00:00,1.83,0.0,1
1990-08-08 23:00:00+00:00,1.69,0.0,1
1990-08-09 00:00:00+00:00,1.31,0.0,1
1990-08-09 01:00:00+00:00,1.0,0.0,1
1990-08-09 02:00:00+00:00,0.82,0.0,1
1990-08-09 03:00:00+00:00,1.09,0.0,1
1990-08-09 04:00:00+00:00,1.46,0.0,1
1990-08-09 05:00:00+00:00,1.61,19.0,1
1990-08-09 06:00:00+00:00,1.9,33.0,1
1990-08-09 07:00:00+00:00,2.1,39.0,1
1990-08-09 08:00:00+00:00,2.4,67.0,1
1990-08-09 09:00:00+00:00,2.92,120.0,1
1990-08-09 10:00:00+00:00,3.51,105.0,1
1990-08-09 11:00:00+00:00,4.5,108.0,1
1990-08-09 12:00:00+00:00,4.58,109.0,1
1990-08-09 13:00:00+00:00,4.95,163.0,1
1990-08-09 14:00:00+00:00,4.68,102.0,1
1990-08-09 15:00:00+00:00,4.44,161.0,1
1990-08-09 16:00:00+00:00,3.99,102.0,1
1990-08-09 17:00:00+00:00,3.31,67.0,1
1990-08-09 18:00:00+00:00,3.01,27.0,1
1990-08-09 19:00:00+00:00,1.9,0.0,1
1990-08-09 20:00:00+00:00,1.84,0.0,1
1990-08-09 21:00:00+00:00,1.81,0.0,1
1990-08-09 22:00:00+00:00,1.75,0.0,1
1990-08-09 23:00:00+00:00,1.74,0.0,1
1990-08-10 00:00:00+00:00,1.65,0.0,1
1990-08-10 01:00:00+00:00,1.75,0.0,1
1990-08-10 02:00:00+00:00,1.66,0.0,1
1990-08-10 03:00:00+00:00,1.91,0.0,1
1990-08-10 04:00:00+00:00,2.09,0.0,1
1990-08-10 05:00:00+00:00,2.22,49.0,1
1990-08-10 06:00:00+00:00,2.64,128.0,1
1990-08-10 07:00:00+00:00,3.48,213.0,1
1990-08-10 08:00:00+00:00,4.61,373.0,1
1990-08-10 09:00:00+00:00,5.89,413.0,1
1990-08-10 10:00:00+00:00,7.12,294.0,1
1990-08-10 11:00:00+00:00,8.38,411.0,1
1990-08-10 12:00:00+00:00,8.92,409.0,1
1990-08-10 13:00:00+00:00,9.46,453.0,1
1990-08-10 14:00:00+00:00,9.68,176.0,1
1990-08-10 15:00:00+00:00,9.52,226.0,1
1990-08-10 16:00:00+00:00,8.92,178.0,1
1990-08-10 17:00:00+00:00,8.5,138.0,1
1990-08-10 18:00:00+00:00,8.68,24.0,1
1990-08-10 19:00:00+00:00,8.1,0.0,1
1990-08-10 20:00:00+00:00,7.52,0.0,1
1990-08-10 21:00:00+00:00,7.36,0.0,1
1990-08-10 22:00:00+00:00,7.25,0.0,1
1990-08-10 23:00:00+00:00,6.79,0.0,1
1990-08-11 00:00:00+00:00,6.36,0.0,0
1990-08-11 01:00:00+00:00,5.81,0.0,0
1990-08-11 02:00:00+00:00,5.21,0.0,0
1990-08-11 03:00:00+00:00,4.42,0.0,0
1990-08-11 04:00:00+00:00,3.85,0.0,0
1990-08-11 05:00:00+00:00,3.36,50.0,0
1990-08-11 06:00:00+00:00,4.75,186.0,0
1990-08-11 07:00:00+00:00,7.73,300.0,0
1990-08-11 08:00:00+00:00,9.74,447.0,0
1990-08-11 09:00:00+00:00,11.34,593.0,0
1990-08-11 10:00:00+00:00,13.23,655.0,0
1990-08-11 11:00:00+00:00,14.26,708.0,0
1990-08-11 12:00:00+00:00,15.17,748.0,0
1990-08-11 13:00:00+00:00,15.23,615.0,0
1990-08-11 14:00:00+00:00,15.34,601.0,0
1990-08-11 15:00:00+00:00,14.95,476.0,0
1990-08-11 16:00:00+00:00,14.33,301.0,0
1990-08-11 17:00:00+00:00,13.5,213.0,0
1990-08-11 18:00:00+00:00,12.74,29.0,0
1990-08-11 19:00:00+00:00,11.87,0.0,0
1990-08-11 20:00:00+00:00,11.59,0.0,0
1990-08-11 21:00:00+00:00,11.11,0.0,0
1990-08-11 22:00:00+00:00,10.64,0.0,0
1990-08-11 23:00:00+00:00,10.07,0.0,0
1990-08-12 00:00:00+00:00,8.9,0.0,0
1990-08-12 01:00:00+00:00,7.98,0.0,0
1990-08-12 02:00:00+00:00,6.79,0.0,0
1990-08-12 03:00:00+00:00,5.89,0.0,0
1990-08-12 04:00:00+00:00,5.2,0.0,0
1990-08-12 05:00:00+00:00,4.4,67.0,0
1990-08-12 06:00:00+00:00,5.62,214.0,0
1990-08-12 07:00:00+00:00,9.88,381.0,0
1990-08-12 08:00:00+00:00,12.01,511.0,0
1990-08-12 09:00:00+00:00,14.14,680.0,0
1990-08-12 10:00:00+00:00,15.25,677.0,0
1990-08-12 11:00:00+00:00,15.92,713.0,0
1990-08-12 12:00:00+00:00,16.33,705.0,0
1990-08-12 13:00:00+00:00,16.27,659.0,0
1990-08-12 14:00:00+00:00,16.41,612.0,0
1990-08-12 15:00:00+00:00,15.87,432.0,0
1990-08-12 16:00:00+00:00,14.64,338.0,0
1990-08-12 17:00:00+00:00,13.97,186.0,0
1990-08-12 18:00:00+00:00,13.2,24.0,0
1990-08-12 19:00:00+00:00,12.06,0.0,0
1990-08-12 20:00:00+00:00,11.54,0.0,0
1990-08-12 21:00:00+00:00,10.81,0.0,0
1990-08-12 22:00:00+00:00,10.14,0.0,0
1990-08-12 23:00:00+00:00,9.4,0.0,0
1990-08-13 00:00:00+00:00,8.89,0.0,1
1990-08-13 01:00:00+00:00,8.75,0.0,1
1990-08-13 02:00:00+00:00,7.94,0.0,1
1990-08-13 03:00:00+00:00,7.5,0.0,1
1990-08-13 04:00:00+00:00,6.82,0.0,1
1990-08-13 05:00:00+00:00,6.22,63.0,1
1990-08-13 06:00:00+00:00,7.15,225.0,1
1990-08-13 07:00:00+00:00,11.22,397.0,1
1990-08-13 08:00:00+00:00,13.17,534.0,1
1990-08-13 09:00:00+00:00,14.92,490.0,1
1990-08-13 10:00:00+00:00,15.98,499.0,1
1990-08-13 11:00:00+00:00,16.63,501.0,1
1990-08-13 12:00:00+00:00,16.98,461.0,1
1990-08-13 13:00:00+00:00,16.98,256.0,1
1990-08-13 14:00:00+00:00,16.08,273.0,1
1990-08-13 15:00:00+00:00,15.56,131.0,1
1990-08-13 16:00:00+00:00,15.16,303.0,1
1990-08-13 17:00:00+00:00,14.23,109.0,1
1990-08-13 18:00:00+00:00,13.37,25.0,1
1990-08-13 19:00:00+00:00,12.94,0.0,1
1990-08-13 20:00:00+00:00,12.44,0.0,1
1990-08-13 21:00:00+00:00,11.93,0.0,1
1990-08-13 22:00:00+00:00,11.46,0.0,1
1990-08-13 23:00:00+00:00,10.97,0.0,1
1990-08-14 00:00:00+00:00,10.56,0.0,1
1990-08-14 01:00:00+00:00,10.15,0.0,1
1990-08-14 02:00:00+00:00,9.96,0.0,1
1990-08-14 03:00:00+00:00,9.89,0.0,1
1990-08-14 04:00:00+00:00,9.8,0.0,1
1990-08-14 05:00:00+00:00,9.67,71.0,1
1990-08-14 06:00:00+00:00,9.75,217.0,1
1990-08-14 07:00:00+00:00,12.45,385.0,1
1990-08-14 08:00:00+00:00,14.75,535.0,1
1990-08-14 09:00:00+00:00,15.97,621.0,1
1990-08-14 10:00:00+00:00,17.16,724.0,1
1990-08-14 11:00:00+00:00,17.77,609.0,1
1990-08-14 12:00:00+00:00,18.03,578.0,1
1990-08-14 13:00:00+00:00,17.88,479.0,1
1990-08-14 14:00:00+00:00,17.72,145.0,1
1990-08-14 15:00:00+00:00,17.33,449.0,1
1990-08-14 16:00:00+00:00,16.86,329.0,1
1990-08-14 17:00:00+00:00,15.04,174.0,1
1990-08-14 18:00:00+00:00,14.2,24.0,1
1990-08-14 19:00:00+00:00,15.98,0.0,1
1990-08-14 20:00:00+00:00,15.35,0.0,1
1990-08-14 21:00:00+00:00,14.65,0.0,1
1990-08-14 22:00:00+00:00,14.05,0.0,1
1990-08-14 23:00:00+00:00,13.65,0.0,1
1990-08-15 00:00:00+00:00,13.35,0.0,1
1990-08-15 01:00:00+00:00,13.41,0.0,1
1990-08-15 02:00:00+00:00,13.51,0.0,1
1990-08-15 03:00:00+00:00,13.45,0.0,1
1990-08-15 04:00:00+00:00,13.28,0.0,1
1990-08-15 05:00:00+00:00,13.03,37.0,1
1990-08-15 06:00:00+00:00,13.19,233.0,1
1990-08-15 07:00:00+00:00,15.39,409.0,1
1990-08-15 08:00:00+00:00,17.82,580.0,1
1990-08-15 09:00:00+00:00,19.22,717.0,1
1990-08-15 10:00:00+00:00,20.59,816.0,1
1990-08-15 11:00:00+00:00,21.76,856.0,1
1990-08-15 12:00:00+00:00,22.63,846.0,1
1990-08-15 13:00:00+00:00,22.82,665.0,1
1990-08-15 14:00:00+00:00,22.56,566.0,1
1990-08-15 15:00:00+00:00,21.98,430.0,1
1990-08-15 16:00:00+00:00,21.38,146.0,1
1990-08-15 17:00:00+00:00,19.78,39.0,1
1990-08-15 18:00:00+00:00,19.51,25.0,1
1990-08-15 19:00:00+00:00,18.26,0.0,1
1990-08-15 20:00:00+00:00,17.75,0.0,1
1990-08-15 21:00:00+00:00,17.13,0.0,1
1990-08-15 22:00:00+00:00,16.43,0.0,1
1990-08-15 23:00:00+00:00,15.75,0.0,1
1990-08-16 00:00:00+00:00,15.29,0.0,1
1990-08-16 01:00:00+00:00,14.42,0.0,1
1990-08-16 02:00:00+00:00,14.06,0.0,1
1990-08-16 03:00:00+00:00,13.57,0.0,1
1990-08-16 04:00:00+00:00,13.15,0.0,1
1990-08-16 05:00:00+00:00,12.48,9.0,1
1990-08-16 06:00:00+00:00,12.32,57.0,1
1990-08-16 07:00:00+00:00,11.77,122.0,1
1990-08-16 08:00:00+00:00,12.48,332.0,1
1990-08-16 09:00:00+00:00,13.66,85.0,1
1990-08-16 10:00:00+00:00,13.48,85.0,1
1990-08-16 11:00:00+00:00,13.63,407.0,1
1990-08-16 12:00:00+00:00,15.02,510.0,1
1990-08-16 13:00:00+00:00,14.41,595.0,1
1990-08-16 14:00:00+00:00,14.0,297.0,1
1990-08-16 15:00:00+00:00,13.81,140.0,1
1990-08-16 16:00:00+00:00,12.28,274.0,1
1990-08-16 17:00:00+00:00,11.26,119.0,1
1990-08-16 18:00:00+00:00,10.3,5.0,1
1990-08-16 19:00:00+00:00,9.6,0.0,1
1990-08-16 20:00:00+00:00,9.11,0.0,1
1990-08-16 21:00:00+00:00,8.6,0.0,1
1990-08-16 22:00:00+00:00,8.29,0.0,1
1990-08-16 23:00:00+00:00,7.69,0.0,1
1990-08-17 00:00:00+00:00,7.59,0.0,1
1990-08-17 01:00:00+00:00,7.26,0.0,1
1990-08-17 02:00:00+00:00,7.11,0.0,1
1990-08-17 03:00:00+00:00,6.86,0.0,1
1990-08-17 04:00:00+00:00,6.59,0.0,1
1990-08-17 05:00:00+00:00,6.39,20.0,1
1990-08-17 06:00:00+00:00,6.51,142.0,1
1990-08-17 07:00:00+00:00,7.11,247.0,1
1990-08-17 08:00:00+00:00,7.79,271.0,1
1990-08-17 09:00:00+00:00,9.31,349.0,1
1990-08-17 10:00:00+00:00,10.0,228.0,1
1990-08-17 11:00:00+00:00,11.12,305.0,1
1990-08-17 12:00:00+00:00,11.78,184.0,1
1990-08-17 13:00:00+00:00,12.29,338.0,1
1990-08-17 14:00:00+00:00,12.4,256.0,1
1990-08-17 15:00:00+00:00,12.26,409.0,1
1990-08-17 16:00:00+00:00,11.6,254.0,1
1990-08-17 17:00:00+00:00,10.84,88.0,1
1990-08-17 18:00:00+00:00,9.75,17.0,1
1990-08-17 19:00:00+00:00,9.06,0.0,1
1990-08-17 20:00:00+00:00,8.07,0.0,1
1990-08-17 21:00:00+00:00,7.75,0.0,1
1990-08-17 22:00:00+00:00,7.63,0.0,1
1990-08-17 23:00:00+00:00,7.62,0.0,1
1990-08-18 00:00:00+00:00,7.57,0.0,0
1990-08-18 01:00:00+00:00,7.39,0.0,0
1990-08-18 02:00:00+00:00,7.37,0.0,0
1990-08-18 03:00:00+00:00,7.12,0.0,0
1990-08-18 04:00:00+00:00,6.88,0.0,0
1990-08-18 05:00:00+00:00,6.63,26.0,0
1990-08-18 06:00:00+00:00,7.22,153.0,0
1990-08-18 07:00:00+00:00,9.37,372.0,0
1990-08-18 08:00:00+00:00,11.07,546.0,0
1990-08-18 09:00:00+00:00,12.84,710.0,0
1990-08-18 10:00:00+00:00,14.56,822.0,0
1990-08-18 11:00:00+00:00,15.77,872.0,0
1990-08-18 12:00:00+00:00,16.14,842.0,0
1990-08-18 13:00:00+00:00,16.24,780.0,0
1990-08-18 14:00:00+00:00,15.7,607.0,0
1990-08-18 15:00:00+00:00,15.25,454.0,0
1990-08-18 16:00:00+00:00,14.29,298.0,0
1990-08-18 17:00:00+00:00,13.41,122.0,0
1990-08-18 18:00:00+00:00,12.49,20.0,0
1990-08-18 19:00:00+00:00,11.88,0.0,0
1990-08-18 20:00:00+00:00,11.57,0.0,0
1990-08-18 21:00:00+00:00,11.17,0.0,0
1990-08-18 22:00:00+00:00,10.81,0.0,0
1990-08-18 23:00:00+00:00,10.36,0.0,0
1990-08-19 00:00:00+00:00,9.83,0.0,0
1990-08-19 01:00:00+00:00,9.63,0.0,0
1990-08-19 02:00:00+00:00,8.92,0.0,0
1990-08-19 03:00:00+00:00,8.27,0.0,0
1990-08-19 04:00:00+00:00,8.03,0.0,0
1990-08-19 05:00:00+00:00,7.41,44.0,0
1990-08-19 06:00:00+00:00,8.14,211.0,0
1990-08-19 07:00:00+00:00,11.17,322.0,0
1990-08-19 08:00:00+00:00,12.53,433.0,0
1990-08-19 09:00:00+00:00,13.85,667.0,0
1990-08-19 10:00:00+00:00,14.61,90.0,0
1990-08-19 11:00:00+00:00,12.98,564.0,0
1990-08-19 12:00:00+00:00,14.32,528.0,0
1990-08-19 13:00:00+00:00,13.62,212.0,0
1990-08-19 14:00:00+00:00,13.33,318.0,0
1990-08-19 15:00:00+00:00,12.45,238.0,0
1990-08-19 16:00:00+00:00,11.91,254.0,0
1990-08-19 17:00:00+00:00,11.5,136.0,0
1990-08-19 18:00:00+00:00,10.47,14.0,0
1990-08-19 19:00:00+00:00,11.39,0.0,0
1990-08-19 20:00:00+00:00,10.57,0.0,0
1990-08-19 21:00:00+00:00,9.57,0.0,0
1990-08-19 22:00:00+00:00,8.74,0.0,0
1990-08-19 23:00:00+00:00,7.96,0.0,0
1990-08-20 00:00:00+00:00,7.46,0.0,1
1990-08-20 01:00:00+00:00,6.77,0.0,1
1990-08-20 02:00:00+00:00,6.54,0.0,1
1990-08-20 03:00:00+00:00,6.38,0.0,1
1990-08-20 04:00:00+00:00,6.16,0.0,1
1990-08-20 05:00:00+00:00,6.14,45.0,1
1990-08-20 06:00:00+00:00,5.75,88.0,1
1990-08-20 07:00:00+00:00,6.77,167.0,1
1990-08-20 08:00:00+00:00,7.56,211.0,1
1990-08-20 09:00:00+00:00,8.64,335.0,1
1990-08-20 10:00:00+00:00,9.2,189.0,1
1990-08-20 11:00:00+00:00,7.92,88.0,1
1990-08-20 12:00:00+00:00,7.91,172.0,1
1990-08-20 13:00:00+00:00,7.25,133.0,1
1990-08-20 14:00:00+00:00,6.94,105.0,1
1990-08-20 15:00:00+00:00,7.34,96.0,1
1990-08-20 16:00:00+00:00,6.01,52.0,1
1990-08-20 17:00:00+00:00,5.39,97.0,1
1990-08-20 18:00:00+00:00,4.75,5.0,1
1990-08-20 19:00:00+00:00,4.94,0.0,1
1990-08-20 20:00:00+00:00,4.63,0.0,1
1990-08-20 21:00:00+00:00,4.6,0.0,1
1990-08-20 22:00:00+00:00,4.08,0.0,1
1990-08-20 23:00:00+00:00,3.31,0.0,1
1990-08-21 00:00:00+00:00,2.36,0.0,1
1990-08-21 01:00:00+00:00,1.7,0.0,1
1990-08-21 02:00:00+00:00,1.37,0.0,1
1990-08-21 03:00:00+00:00,1.12,0.0,1
1990-08-21 04:00:00+00:00,1.3,0.0,1
1990-08-21 05:00:00+00:00,2.02,16.0,1
1990-08-21 06:00:00+00:00,3.46,23.0,1
1990-08-21 07:00:00+00:00,4.86,38.0,1
1990-08-21 08:00:00+00:00,5.72,80.0,1
1990-08-21 09:00:00+00:00,6.87,101.0,1
1990-08-21 10:00:00+00:00,7.04,150.0,1
1990-08-21 11:00:00+00:00,7.4,214.0,1
1990-08-21 12:00:00+00:00,7.24,264.0,1
1990-08-21 13:00:00+00:00,8.13,154.0,1
1990-08-21 14:00:00+00:00,9.14,289.0,1
1990-08-21 15:00:00+00:00,9.39,254.0,1
1990-08-21 16:00:00+00:00,8.43,211.0,1
1990-08-21 17:00:00+00:00,8.01,92.0,1
1990-08-21 18:00:00+00:00,7.53,13.0,1
1990-08-21 19:00:00+00:00,5.99,0.0,1
1990-08-21 20:00:00+00:00,5.86,0.0,1
1990-08-21 21:00:00+00:00,5.6,0.0,1
1990-08-21 22:00:00+00:00,5.4,0.0,1
1990-08-21 23:00:00+00:00,5.38,0.0,1
1990-08-22 00:00:00+00:00,5.08,0.0,1
1990-08-22 01:00:00+00:00,5.15,0.0,1
1990-08-22 02:00:00+00:00,4.58,0.0,1
1990-08-22 03:00:00+00:00,3.94,0.0,1
1990-08-22 04:00:00+00:00,2.53,0.0,1
1990-08-22 05:00:00+00:00,1.62,37.0,1
1990-08-22 06:00:00+00:00,3.4,150.0,1
1990-08-22 07:00:00+00:00,5.72,288.0,1
1990-08-22 08:00:00+00:00,8.0,366.0,1
1990-08-22 09:00:00+00:00,10.08,537.0,1
1990-08-22 10:00:00+00:00,11.38,552.0,1
1990-08-22 11:00:00+00:00,12.42,646.0,1
1990-08-22 12:00:00+00:00,12.94,696.0,1
1990-08-22 13:00:00+00:00,13.25,531.0,1
1990-08-22 14:00:00+00:00,13.06,490.0,1
1990-08-22 15:00:00+00:00,12.77,238.0,1
1990-08-22 16:00:00+00:00,12.13,124.0,1
1990-08-22 17:00:00+00:00,11.21,92.0,1
1990-08-22 18:00:00+00:00,10.44,12.0,1
1990-08-22 19:00:00+00:00,8.99,0.0,1
1990-08-22 20:00:00+00:00,8.45,0.0,1
1990-08-22 21:00:00+00:00,7.93,0.0,1
1990-08-22 22:00:00+00:00,7.7,0.0,1
1990-08-22 23:00:00+00:00,7.55,0.0,1
1990-08-23 00:00:00+00:00,7.39,0.0,1
1990-08-23 01:00:00+00:00,6.96,0.0,1
1990-08-23 02:00:00+00:00,6.71,0.0,1
1990-08-23 03:00:00+00:00,6.3,0.0,1
1990-08-23 04:00:00+00:00,5.76,0.0,1
1990-08-23 05:00:00+00:00,5.1,26.0,1
1990-08-23 06:00:00+00:00,5.12,195.0,1
1990-08-23 07:00:00+00:00,6.89,365.0,1
1990-08-23 08:00:00+00:00,8.45,515.0,1
1990-08-23 09:00:00+00:00,10.69,622.0,1
1990-08-23 10:00:00+00:00,11.61,640.0,1
1990-08-23 11:00:00+00:00,12.57,560.0,1
1990-08-23 12:00:00+00:00,13.34,565.0,1
1990-08-23 13:00:00+00:00,13.76,596.0,1
1990-08-23 14:00:00+00:00,13.67,371.0,1
1990-08-23 15:00:00+00:00,12.96,314.0,1
1990-08-23 16:00:00+00:00,11.03,258.0,1
1990-08-23 17:00:00+00:00,10.42,74.0,1
1990-08-23 18:00:00+00:00,10.32,10.0,1
1990-08-23 19:00:00+00:00,10.9,0.0,1
1990-08-23 20:00:00+00:00,10.47,0.0,1
1990-08-23 21:00:00+00:00,10.12,0.0,1
1990-08-23 22:00:00+00:00,9.78,0.0,1
1990-08-23 23:00:00+00:00,9.42,0.0,1
1990-08-24 00:00:00+00:00,7.5,0.0,1
1990-08-24 01:00:00+00:00,5.56,0.0,1
1990-08-24 02:00:00+00:00,4.13,0.0,1
1990-08-24 03:00:00+00:00,3.52,0.0,1
1990-08-24 04:00:00+00:00,2.39,0.0,1
1990-08-24 05:00:00+00:00,2.24,24.0,1
1990-08-24 06:00:00+00:00,3.76,193.0,1
1990-08-24 07:00:00+00:00,7.62,279.0,1
1990-08-24 08:00:00+00:00,11.06,560.0,1
1990-08-24 09:00:00+00:00,13.19,710.0,1
1990-08-24 10:00:00+00:00,14.84,784.0,1
1990-08-24 11:00:00+00:00,16.0,727.0,1
1990-08-24 12:00:00+00:00,16.45,704.0,1
1990-08-24 13:00:00+00:00,16.7,699.0,1
1990-08-24 14:00:00+00:00,16.63,629.0,1
1990-08-24 15:00:00+00:00,16.63,463.0,1
1990-08-24 16:00:00+00:00,16.02,305.0,1
1990-08-24 17:00:00+00:00,15.36,84.0,1
1990-08-24 18:00:00+00:00,14.44,7.0,1
1990-08-24 19:00:00+00:00,13.87,0.0,1
1990-08-24 20:00:00+00:00,13.19,0.0,1
1990-08-24 21:00:00+00:00,12.63,0.0,1
1990-08-24 22:00:00+00:00,11.72,0.0,1
1990-08-24 23:00:00+00:00,10.35,0.0,1
1990-08-25 00:00:00+00:00,9.71,0.0,0
1990-08-25 01:00:00+00:00,8.02,0.0,0
1990-08-25 02:00:00+00:00,6.27,0.0,0
1990-08-25 03:00:00+00:00,5.55,0.0,0
1990-08-25 04:00:00+00:00,4.74,0.0,0
1990-08-25 05:00:00+00:00,4.35,23.0,0
1990-08-25 06:00:00+00:00,5.5,200.0,0
1990-08-25 07:00:00+00:00,9.19,383.0,0
1990-08-25 08:00:00+00:00,13.47,559.0,0
1990-08-25 09:00:00+00:00,15.96,693.0,0
1990-08-25 10:00:00+00:00,17.49,792.0,0
1990-08-25 11:00:00+00:00,18.42,840.0,0
1990-08-25 12:00:00+00:00,18.97,834.0,0
1990-08-25 13:00:00+00:00,19.28,781.0,0
1990-08-25 14:00:00+00:00,19.24,662.0,0
1990-08-25 15:00:00+00:00,18.86,515.0,0
1990-08-25 16:00:00+00:00,18.33,333.0,0
1990-08-25 17:00:00+00:00,17.47,64.0,0
1990-08-25 18:00:00+00:00,16.3,6.0,0
1990-08-25 19:00:00+00:00,15.9,0.0,0
1990-08-25 20:00:00+00:00,15.03,0.0,0
1990-08-25 21:00:00+00:00,14.11,0.0,0
1990-08-25 22:00:00+00:00,13.11,0.0,0
1990-08-25 23:00:00+00:00,12.13,0.0,0
1990-08-26 00:00:00+00:00,11.33,0.0,0
1990-08-26 01:00:00+00:00,10.75,0.0,0
1990-08-26 02:00:00+00:00,10.51,0.0,0
1990-08-26 03:00:00+00:00,9.95,0.0,0
1990-08-26 04:00:00+00:00,7.94,0.0,0
1990-08-26 05:00:00+00:00,7.56,22.0,0
1990-08-26 06:00:00+00:00,7.99,183.0,0
1990-08-26 07:00:00+00:00,10.73,360.0,0
1990-08-26 08:00:00+00:00,15.46,530.0,0
1990-08-26 09:00:00+00:00,18.37,670.0,0
1990-08-26 10:00:00+00:00,19.87,423.0,0
1990-08-26 11:00:00+00:00,20.57,635.0,0
1990-08-26 12:00:00+00:00,20.91,366.0,0
1990-08-26 13:00:00+00:00,21.19,750.0,0
1990-08-26 14:00:00+00:00,20.52,551.0,0
1990-08-26 15:00:00+00:00,19.79,498.0,0
1990-08-26 16:00:00+00:00,18.72,259.0,0
1990-08-26 17:00:00+00:00,17.88,57.0,0
1990-08-26 18:00:00+00:00,17.49,0.0,0
1990-08-26 19:00:00+00:00,17.55,0.0,0
1990-08-26 20:00:00+00:00,16.57,0.0,0
1990-08-26 21:00:00+00:00,15.64,0.0,0
1990-08-26 22:00:00+00:00,14.62,0.0,0
1990-08-26 23:00:00+00:00,13.52,0.0,0
1990-08-27 00:00:00+00:00,12.63,0.0,1
1990-08-27 01:00:00+00:00,11.8,0.0,1
1990-08-27 02:00:00+00:00,9.91,0.0,1
1990-08-27 03:00:00+00:00,8.05,0.0,1
1990-08-27 04:00:00+00:00,6.87,0.0,1
1990-08-27 05:00:00+00:00,6.51,19.0,1
1990-08-27 06:00:00+00:00,8.43,102.0,1
1990-08-27 07:00:00+00:00,13.33,207.0,1
1990-08-27 08:00:00+00:00,17.13,378.0,1
1990-08-27 09:00:00+00:00,19.31,579.0,1
1990-08-27 10:00:00+00:00,19.95,658.0,1
1990-08-27 11:00:00+00:00,20.15,720.0,1
1990-08-27 12:00:00+00:00,19.67,718.0,1
1990-08-27 13:00:00+00:00,20.1,754.0,1
1990-08-27 14:00:00+00:00,19.89,633.0,1
1990-08-27 15:00:00+00:00,19.33,496.0,1
1990-08-27 16:00:00+00:00,17.91,274.0,1
1990-08-27 17:00:00+00:00,16.97,79.0,1
1990-08-27 18:00:00+00:00,16.19,0.0,1
1990-08-27 19:00:00+00:00,17.3,0.0,1
1990-08-27 20:00:00+00:00,16.43,0.0,1
1990-08-27 21:00:00+00:00,15.61,0.0,1
1990-08-27 22:00:00+00:00,14.88,0.0,1
1990-08-27 23:00:00+00:00,14.0,0.0,1
1990-08-28 00:00:00+00:00,13.51,0.0,1
1990-08-28 01:00:00+00:00,12.9,0.0,1
1990-08-28 02:00:00+00:00,12.22,0.0,1
1990-08-28 03:00:00+00:00,11.59,0.0,1
1990-08-28 04:00:00+00:00,10.85,0.0,1
1990-08-28 05:00:00+00:00,10.04,18.0,1
1990-08-28 06:00:00+00:00,10.53,172.0,1
1990-08-28 07:00:00+00:00,11.66,350.0,1
1990-08-28 08:00:00+00:00,15.56,352.0,1
1990-08-28 09:00:00+00:00,17.59,534.0,1
1990-08-28 10:00:00+00:00,16.69,558.0,1
1990-08-28 11:00:00+00:00,17.35,456.0,1
1990-08-28 12:00:00+00:00,18.88,625.0,1
1990-08-28 13:00:00+00:00,16.8,114.0,1
1990-08-28 14:00:00+00:00,15.92,84.0,1
1990-08-28 15:00:00+00:00,14.62,47.0,1
1990-08-28 16:00:00+00:00,14.87,72.0,1
1990-08-28 17:00:00+00:00,14.63,75.0,1
1990-08-28 18:00:00+00:00,14.32,0.0,1
1990-08-28 19:00:00+00:00,13.51,0.0,1
1990-08-28 20:00:00+00:00,13.6,0.0,1
1990-08-28 21:00:00+00:00,12.7,0.0,1
1990-08-28 22:00:00+00:00,11.91,0.0,1
1990-08-28 23:00:00+00:00,11.07,0.0,1
1990-08-29 00:00:00+00:00,10.05,0.0,1
1990-08-29 01:00:00+00:00,10.01,0.0,1
1990-08-29 02:00:00+00:00,9.59,0.0,1
1990-08-29 03:00:00+00:00,9.86,0.0,1
1990-08-29 04:00:00+00:00,9.47,0.0,1
1990-08-29 05:00:00+00:00,10.24,4.0,1
1990-08-29 06:00:00+00:00,10.43,26.0,1
1990-08-29 07:00:00+00:00,9.97,33.0,1
1990-08-29 08:00:00+00:00,13.08,65.0,1
1990-08-29 09:00:00+00:00,13.99,60.0,1
1990-08-29 10:00:00+00:00,15.15,209.0,1
1990-08-29 11:00:00+00:00,14.46,484.0,1
1990-08-29 12:00:00+00:00,15.48,103.0,1
1990-08-29 13:00:00+00:00,15.77,79.0,1
1990-08-29 14:00:00+00:00,15.12,98.0,1
1990-08-29 15:00:00+00:00,15.23,92.0,1
1990-08-29 16:00:00+00:00,14.5,38.0,1
1990-08-29 17:00:00+00:00,14.3,65.0,1
1990-08-29 18:00:00+00:00,13.69,0.0,1
1990-08-29 19:00:00+00:00,12.34,0.0,1
1990-08-29 20:00:00+00:00,12.15,0.0,1
1990-08-29 21:00:00+00:00,11.8,0.0,1
1990-08-29 22:00:00+00:00,11.33,0.0,1
1990-08-29 23:00:00+00:00,11.28,0.0,1
1990-08-30 00:00:00+00:00,10.84,0.0,1
1990-08-30 01:00:00+00:00,10.46,0.0,1
1990-08-30 02:00:00+00:00,10.26,0.0,1
1990-08-30 03:00:00+00:00,9.91,0.0,1
1990-08-30 04:00:00+00:00,9.68,0.0,1
1990-08-30 05:00:00+00:00,9.65,16.0,1
1990-08-30 06:00:00+00:00,9.65,22.0,1
1990-08-30 07:00:00+00:00,9.47,244.0,1
1990-08-30 08:00:00+00:00,9.8,167.0,1
1990-08-30 09:00:00+00:00,10.51,171.0,1
1990-08-30 10:00:00+00:00,10.8,204.0,1
1990-08-30 11:00:00+00:00,11.14,181.0,1
1990-08-30 12:00:00+00:00,10.97,210.0,1
1990-08-30 13:00:00+00:00,11.01,239.0,1
1990-08-30 14:00:00+00:00,10.34,175.0,1
1990-08-30 15:00:00+00:00,9.99,313.0,1
1990-08-30 16:00:00+00:00,9.46,157.0,1
1990-08-30 17:00:00+00:00,8.61,62.0,1
1990-08-30 18:00:00+00:00,8.18,0.0,1
1990-08-30 19:00:00+00:00,7.71,0.0,1
1990-08-30 20:00:00+00:00,7.41,0.0,1
1990-08-30 21:00:00+00:00,7.09,0.0,1
1990-08-30 22:00:00+00:00,6.83,0.0,1
1990-08-30 23:00:00+00:00,6.8,0.0,1
1990-08-31 00:00:00+00:00,6.56,0.0,1
1990-08-31 01:00:00+00:00,6.11,0.0,1
1990-08-31 02:00:00+00:00,5.68,0.0,1
1990-08-31 03:00:00+00:00,5.45,0.0,1
1990-08-31 04:00:00+00:00,4.9,0.0,1
1990-08-31 05:00:00+00:00,4.6,15.0,1
1990-08-31 06:00:00+00:00,4.55,113.0,1
1990-08-31 07:00:00+00:00,6.49,202.0,1
1990-08-31 08:00:00+00:00,7.45,296.0,1
1990-08-31 09:00:00+00:00,9.25,505.0,1
1990-08-31 10:00:00+00:00,10.58,596.0,1
1990-08-31 11:00:00+00:00,11.69,650.0,1
1990-08-31 12:00:00+00:00,12.43,665.0,1
1990-08-31 13:00:00+00:00,12.94,687.0,1
1990-08-31 14:00:00+00:00,12.91,601.0,1
1990-08-31 15:00:00+00:00,12.36,473.0,1
1990-08-31 16:00:00+00:00,10.41,298.0,1
1990-08-31 17:00:00+00:00,9.63,57.0,1
1990-08-31 18:00:00+00:00,8.85,0.0,1
1990-08-31 19:00:00+00:00,8.07,0.0,1
1990-08-31 20:00:00+00:00,7.29,0.0,1
1990-08-31 21:00:00+00:00,6.51,0.0,1
1990-08-31 22:00:00+00:00,5.73,0.0,1
1990-08-31 23:00:00+00:00,4.95,0.0,1
1990-09-01 00:00:00+00:00,4.17,0.0,0
1990-09-01 01:00:00+00:00,3.39,0.0,0
1990-09-01 02:00:00+00:00,2.61,0.0,0
1990-09-01 03:00:00+00:00,1.83,0.0,0
1990-09-01 04:00:00+00:00,1.05,0.0,0
1990-09-01 05:00:00+00:00,0.27,12.0,0
1990-09-01 06:00:00+00:00,-0.51,57.0,0
1990-09-01 07:00:00+00:00,-1.29,95.0,0
1990-09-01 08:00:00+00:00,1.51,258.0,0
1990-09-01 09:00:00+00:00,1.79,252.0,0
1990-09-01 10:00:00+00:00,2.92,272.0,0
1990-09-01 11:00:00+00:00,3.53,185.0,0
1990-09-01 12:00:00+00:00,4.15,210.0,0
1990-09-01 13:00:00+00:00,5.02,161.0,0
1990-09-01 14:00:00+00:00,5.67,156.0,0
1990-09-01 15:00:00+00:00,5.48,126.0,0
1990-09-01 16:00:00+00:00,5.96,240.0,0
1990-09-01 17:00:00+00:00,5.82,63.0,0
1990-09-01 18:00:00+00:00,5.54,0.0,0
1990-09-01 19:00:00+00:00,4.97,0.0,0
1990-09-01 20:00:00+00:00,4.93,0.0,0
1990-09-01 21:00:00+00:00,5.0,0.0,0
1990-09-01 22:00:00+00:00,4.8,0.0,0
1990-09-01 23:00:00+00:00,4.62,0.0,0
1990-09-02 00:00:00+00:00,4.45,0.0,0
1990-09-02 01:00:00+00:00,4.76,0.0,0
1990-09-02 02:00:00+00:00,4.87,0.0,0
1990-09-02 03:00:00+00:00,4.82,0.0,0
1990-09-02 04:00:00+00:00,4.2,0.0,0
1990-09-02 05:00:00+00:00,3.27,5.0,0
1990-09-02 06:00:00+00:00,3.24,35.0,0
1990-09-02 07:00:00+00:00,5.67,328.0,0
1990-09-02 08:00:00+00:00,8.92,507.0,0
1990-09-02 09:00:00+00:00,10.78,622.0,0
1990-09-02 10:00:00+00:00,11.82,697.0,0
1990-09-02 11:00:00+00:00,12.1,770.0,0
1990-09-02 12:00:00+00:00,12.88,761.0,0
1990-09-02 13:00:00+00:00,14.02,668.0,0
1990-09-02 14:00:00+00:00,13.76,431.0,0
1990-09-02 15:00:00+00:00,13.29,373.0,0
1990-09-02 16:00:00+00:00,12.18,162.0,0
1990-09-02 17:00:00+00:00,11.41,10.0,0
1990-09-02 18:00:00+00:00,10.56,0.0,0
1990-09-02 19:00:00+00:00,9.78,0.0,0
1990-09-02 20:00:00+00:00,9.46,0.0,0
1990-09-02 21:00:00+00:00,9.22,0.0,0
1990-09-02 22:00:00+00:00,9.02,0.0,0
1990-09-02 23:00:00+00:00,8.82,0.0,0
1990-09-03 00:00:00+00:00,8.69,0.0,1
1990-09-03 01:00:00+00:00,8.4,0.0,1
1990-09-03 02:00:00+00:00,7.94,0.0,1
1990-09-03 03:00:00+00:00,7.94,0.0,1
1990-09-03 04:00:00+00:00,7.88,0.0,1
1990-09-03 05:00:00+00:00,7.78,6.0,1
1990-09-03 06:00:00+00:00,7.73,77.0,1
1990-09-03 07:00:00+00:00,8.03,53.0,1
1990-09-03 08:00:00+00:00,10.12,317.0,1
1990-09-03 09:00:00+00:00,12.53,441.0,1
1990-09-03 10:00:00+00:00,13.27,486.0,1
1990-09-03 11:00:00+00:00,14.08,477.0,1
1990-09-03 12:00:00+00:00,15.75,287.0,1
1990-09-03 13:00:00+00:00,16.48,317.0,1
1990-09-03 14:00:00+00:00,17.05,463.0,1
1990-09-03 15:00:00+00:00,16.68,392.0,1
1990-09-03 16:00:00+00:00,15.87,248.0,1
1990-09-03 17:00:00+00:00,14.71,60.0,1
1990-09-03 18:00:00+00:00,14.24,0.0,1
1990-09-03 19:00:00+00:00,12.53,0.0,1
1990-09-03 20:00:00+00:00,12.32,0.0,1
1990-09-03 21:00:00+00:00,12.21,0.0,1
1990-09-03 22:00:00+00:00,11.94,0.0,1
1990-09-03 23:00:00+00:00,11.62,0.0,1
1990-09-04 00:00:00+00:00,11.34,0.0,1
1990-09-04 01:00:00+00:00,11.26,0.0,1
1990-09-04 02:00:00+00:00,10.94,0.0,1
1990-09-04 03:00:00+00:00,10.83,0.0,1
1990-09-04 04:00:00+00:00,10.58,0.0,1
1990-09-04 05:00:00+00:00,10.45,3.0,1
1990-09-04 06:00:00+00:00,10.37,149.0,1
1990-09-04 07:00:00+00:00,10.95,294.0,1
1990-09-04 08:00:00+00:00,13.47,498.0,1
1990-09-04 09:00:00+00:00,14.41,659.0,1
1990-09-04 10:00:00+00:00,15.78,752.0,1
1990-09-04 11:00:00+00:00,16.75,755.0,1
1990-09-04 12:00:00+00:00,17.15,661.0,1
1990-09-04 13:00:00+00:00,16.8,626.0,1
1990-09-04 14:00:00+00:00,15.98,352.0,1
1990-09-04 15:00:00+00:00,15.41,370.0,1
1990-09-04 16:00:00+00:00,14.95,115.0,1
1990-09-04 17:00:00+00:00,14.28,56.0,1
1990-09-04 18:00:00+00:00,13.4,0.0,1
1990-09-04 19:00:00+00:00,12.47,0.0,1
1990-09-04 20:00:00+00:00,11.99,0.0,1
1990-09-04 21:00:00+00:00,11.24,0.0,1
1990-09-04 22:00:00+00:00,10.43,0.0,1
1990-09-04 23:00:00+00:00,9.11,0.0,1
1990-09-05 00:00:00+00:00,6.48,0.0,1
1990-09-05 01:00:00+00:00,4.93,0.0,1
1990-09-05 02:00:00+00:00,4.22,0.0,1
1990-09-05 03:00:00+00:00,3.77,0.0,1
1990-09-05 04:00:00+00:00,3.42,0.0,1
1990-09-05 05:00:00+00:00,3.1,6.0,1
1990-09-05 06:00:00+00:00,4.16,164.0,1
1990-09-05 07:00:00+00:00,8.25,346.0,1
1990-09-05 08:00:00+00:00,12.29,520.0,1
1990-09-05 09:00:00+00:00,14.43,620.0,1
1990-09-05 10:00:00+00:00,15.6,760.0,1
1990-09-05 11:00:00+00:00,16.1,789.0,1
1990-09-05 12:00:00+00:00,16.64,756.0,1
1990-09-05 13:00:00+00:00,16.53,625.0,1
1990-09-05 14:00:00+00:00,16.19,515.0,1
1990-09-05 15:00:00+00:00,15.36,358.0,1
1990-09-05 16:00:00+00:00,14.67,40.0,1
1990-09-05 17:00:00+00:00,13.41,9.0,1
1990-09-05 18:00:00+00:00,12.13,0.0,1
1990-09-05 19:00:00+00:00,11.19,0.0,1
1990-09-05 20:00:00+00:00,10.84,0.0,1
1990-09-05 21:00:00+00:00,10.54,0.0,1
1990-09-05 22:00:00+00:00,10.17,0.0,1
1990-09-05 23:00:00+00:00,9.74,0.0,1
1990-09-06 00:00:00+00:00,9.57,0.0,1
1990-09-06 01:00:00+00:00,9.0,0.0,1
1990-09-06 02:00:00+00:00,8.72,0.0,1
1990-09-06 03:00:00+00:00,8.35,0.0,1
1990-09-06 04:00:00+00:00,7.92,0.0,1
1990-09-06 05:00:00+00:00,7.54,5.0,1
1990-09-06 06:00:00+00:00,7.24,88.0,1
1990-09-06 07:00:00+00:00,8.82,236.0,1
1990-09-06 08:00:00+00:00,10.39,401.0,1
1990-09-06 09:00:00+00:00,12.44,577.0,1
1990-09-06 10:00:00+00:00,14.48,696.0,1
1990-09-06 11:00:00+00:00,15.81,794.0,1
1990-09-06 12:00:00+00:00,16.59,787.0,1
1990-09-06 13:00:00+00:00,17.06,713.0,1
1990-09-06 14:00:00+00:00,17.31,605.0,1
1990-09-06 15:00:00+00:00,16.92,450.0,1
1990-09-06 16:00:00+00:00,16.1,270.0,1
1990-09-06 17:00:00+00:00,14.76,44.0,1
1990-09-06 18:00:00+00:00,13.36,0.0,1
1990-09-06 19:00:00+00:00,12.81,0.0,1
1990-09-06 20:00:00+00:00,12.26,0.0,1
1990-09-06 21:00:00+00:00,11.85,0.0,1
1990-09-06 22:00:00+00:00,11.51,0.0,1
1990-09-06 23:00:00+00:00,10.99,0.0,1
1990-09-07 00:00:00+00:00,10.05,0.0,1
1990-09-07 01:00:00+00:00,8.31,0.0,1
1990-09-07 02:00:00+00:00,6.68,0.0,1
1990-09-07 03:00:00+00:00,5.38,0.0,1
1990-09-07 04:00:00+00:00,4.87,0.0,1
1990-09-07 05:00:00+00:00,4.67,0.0,1
1990-09-07 06:00:00+00:00,5.03,148.0,1
1990-09-07 07:00:00+00:00,7.41,341.0,1
1990-09-07 08:00:00+00:00,11.65,525.0,1
1990-09-07 09:00:00+00:00,14.93,670.0,1
1990-09-07 10:00:00+00:00,16.74,762.0,1
1990-09-07 11:00:00+00:00,17.88,825.0,1
1990-09-07 12:00:00+00:00,18.54,828.0,1
1990-09-07 13:00:00+00:00,18.78,747.0,1
1990-09-07 14:00:00+00:00,18.62,610.0,1
1990-09-07 15:00:00+00:00,17.95,446.0,1
1990-09-07 16:00:00+00:00,16.93,255.0,1
1990-09-07 17:00:00+00:00,15.66,42.0,1
1990-09-07 18:00:00+00:00,14.18,0.0,1
1990-09-07 19:00:00+00:00,13.88,0.0,1
1990-09-07 20:00:00+00:00,13.07,0.0,1
1990-09-07 21:00:00+00:00,12.37,0.0,1
1990-09-07 22:00:00+00:00,11.39,0.0,1
1990-09-07 23:00:00+00:00,9.65,0.0,1
1990-09-08 00:00:00+00:00,7.82,0.0,0
1990-09-08 01:00:00+00:00,6.74,0.0,0
1990-09-08 02:00:00+00:00,5.86,0.0,0
1990-09-08 03:00:00+00:00,5.53,0.0,0
1990-09-08 04:00:00+00:00,5.05,0.0,0
1990-09-08 05:00:00+00:00,4.12,0.0,0
1990-09-08 06:00:00+00:00,4.72,155.0,0
1990-09-08 07:00:00+00:00,9.54,339.0,0
1990-09-08 08:00:00+00:00,13.81,514.0,0
1990-09-08 09:00:00+00:00,16.33,656.0,0
1990-09-08 10:00:00+00:00,17.91,755.0,0
1990-09-08 11:00:00+00:00,19.09,804.0,0
1990-09-08 12:00:00+00:00,19.8,801.0,0
1990-09-08 13:00:00+00:00,19.96,701.0,0
1990-09-08 14:00:00+00:00,19.51,564.0,0
1990-09-08 15:00:00+00:00,19.04,403.0,0
1990-09-08 16:00:00+00:00,17.86,181.0,0
1990-09-08 17:00:00+00:00,16.72,46.0,0
1990-09-08 18:00:00+00:00,15.47,0.0,0
1990-09-08 19:00:00+00:00,15.32,0.0,0
1990-09-08 20:00:00+00:00,14.75,0.0,0
1990-09-08 21:00:00+00:00,14.21,0.0,0
1990-09-08 22:00:00+00:00,13.65,0.0,0
1990-09-08 23:00:00+00:00,12.94,0.0,0
1990-09-09 00:00:00+00:00,12.56,0.0,0
1990-09-09 01:00:00+00:00,12.55,0.0,0
1990-09-09 02:00:00+00:00,12.13,0.0,0
1990-09-09 03:00:00+00:00,11.36,0.0,0
1990-09-09 04:00:00+00:00,10.6,0.0,0
1990-09-09 05:00:00+00:00,9.99,0.0,0
1990-09-09 06:00:00+00:00,9.52,147.0,0
1990-09-09 07:00:00+00:00,11.59,323.0,0
1990-09-09 08:00:00+00:00,13.23,495.0,0
1990-09-09 09:00:00+00:00,15.19,610.0,0
1990-09-09 10:00:00+00:00,16.61,640.0,0
1990-09-09 11:00:00+00:00,17.9,617.0,0
1990-09-09 12:00:00+00:00,18.93,449.0,0
1990-09-09 13:00:00+00:00,18.37,354.0,0
1990-09-09 14:00:00+00:00,17.17,388.0,0
1990-09-09 15:00:00+00:00,16.0,410.0,0
1990-09-09 16:00:00+00:00,14.84,132.0,0
1990-09-09 17:00:00+00:00,13.93,7.0,0
1990-09-09 18:00:00+00:00,13.42,0.0,0
1990-09-09 19:00:00+00:00,11.56,0.0,0
1990-09-09 20:00:00+00:00,11.26,0.0,0
1990-09-09 21:00:00+00:00,10.48,0.0,0
1990-09-09 22:00:00+00:00,9.85,0.0,0
1990-09-09 23:00:00+00:00,9.56,0.0,0
1990-09-10 00:00:00+00:00,9.19,0.0,1
1990-09-10 01:00:00+00:00,9.0,0.0,1
1990-09-10 02:00:00+00:00,8.79,0.0,1
1990-09-10 03:00:00+00:00,8.61,0.0,1
1990-09-10 04:00:00+00:00,8.1,0.0,1
1990-09-10 05:00:00+00:00,4.95,0.0,1
1990-09-10 06:00:00+00:00,5.81,145.0,1
1990-09-10 07:00:00+00:00,9.22,328.0,1
1990-09-10 08:00:00+00:00,11.1,490.0,1
1990-09-10 09:00:00+00:00,13.52,597.0,1
1990-09-10 10:00:00+00:00,15.5,605.0,1
1990-09-10 11:00:00+00:00,16.7,700.0,1
1990-09-10 12:00:00+00:00,17.38,465.0,1
1990-09-10 13:00:00+00:00,17.84,361.0,1
1990-09-10 14:00:00+00:00,17.31,390.0,1
1990-09-10 15:00:00+00:00,16.17,234.0,1
1990-09-10 16:00:00+00:00,15.53,152.0,1
1990-09-10 17:00:00+00:00,14.81,39.0,1
1990-09-10 18:00:00+00:00,14.56,0.0,1
1990-09-10 19:00:00+00:00,14.31,0.0,1
1990-09-10 20:00:00+00:00,14.0,0.0,1
1990-09-10 21:00:00+00:00,13.73,0.0,1
1990-09-10 22:00:00+00:00,13.35,0.0,1
1990-09-10 23:00:00+00:00,13.1,0.0,1
1990-09-11 00:00:00+00:00,12.68,0.0,1
1990-09-11 01:00:00+00:00,12.23,0.0,1
1990-09-11 02:00:00+00:00,11.73,0.0,1
1990-09-11 03:00:00+00:00,11.21,0.0,1
1990-09-11 04:00:00+00:00,10.7,0.0,1
1990-09-11 05:00:00+00:00,10.29,0.0,1
1990-09-11 06:00:00+00:00,10.05,131.0,1
1990-09-11 07:00:00+00:00,10.58,286.0,1
1990-09-11 08:00:00+00:00,14.14,402.0,1
1990-09-11 09:00:00+00:00,15.43,553.0,1
1990-09-11 10:00:00+00:00,16.51,719.0,1
1990-09-11 11:00:00+00:00,17.34,758.0,1
1990-09-11 12:00:00+00:00,17.49,701.0,1
1990-09-11 13:00:00+00:00,16.41,368.0,1
1990-09-11 14:00:00+00:00,15.11,302.0,1
1990-09-11 15:00:00+00:00,14.77,155.0,1
1990-09-11 16:00:00+00:00,14.18,106.0,1
1990-09-11 17:00:00+00:00,13.79,38.0,1
1990-09-11 18:00:00+00:00,13.3,0.0,1
1990-09-11 19:00:00+00:00,12.67,0.0,1
1990-09-11 20:00:00+00:00,11.89,0.0,1
1990-09-11 21:00:00+00:00,11.24,0.0,1
1990-09-11 22:00:00+00:00,11.0,0.0,1
1990-09-11 23:00:00+00:00,10.64,0.0,1
1990-09-12 00:00:00+00:00,9.89,0.0,1
1990-09-12 01:00:00+00:00,9.11,0.0,1
1990-09-12 02:00:00+00:00,8.83,0.0,1
1990-09-12 03:00:00+00:00,8.82,0.0,1
1990-09-12 04:00:00+00:00,8.9,0.0,1
1990-09-12 05:00:00+00:00,8.84,0.0,1
1990-09-12 06:00:00+00:00,8.85,12.0,1
1990-09-12 07:00:00+00:00,8.47,51.0,1
1990-09-12 08:00:00+00:00,8.9,55.0,1
1990-09-12 09:00:00+00:00,8.36,113.0,1
1990-09-12 10:00:00+00:00,7.74,137.0,1
1990-09-12 11:00:00+00:00,4.56,218.0,1
1990-09-12 12:00:00+00:00,3.93,178.0,1
1990-09-12 13:00:00+00:00,3.88,217.0,1
1990-09-12 14:00:00+00:00,4.3,110.0,1
1990-09-12 15:00:00+00:00,4.29,95.0,1
1990-09-12 16:00:00+00:00,4.21,90.0,1
1990-09-12 17:00:00+00:00,2.51,14.0,1
1990-09-12 18:00:00+00:00,1.76,0.0,1
1990-09-12 19:00:00+00:00,1.53,0.0,1
1990-09-12 20:00:00+00:00,1.15,0.0,1
1990-09-12 21:00:00+00:00,0.98,0.0,1
1990-09-12 22:00:00+00:00,0.91,0.0,1
1990-09-12 23:00:00+00:00,0.76,0.0,1
1990-09-13 00:00:00+00:00,0.69,0.0,1
1990-09-13 01:00:00+00:00,0.69,0.0,1
1990-09-13 02:00:00+00:00,0.67,0.0,1
1990-09-13 03:00:00+00:00,0.57,0.0,1
1990-09-13 04:00:00+00:00,0.13,0.0,1
1990-09-13 05:00:00+00:00,-0.06,0.0,1
1990-09-13 06:00:00+00:00,-0.11,63.0,1
1990-09-13 07:00:00+00:00,1.02,190.0,1
1990-09-13 08:00:00+00:00,2.3,333.0,1
1990-09-13 09:00:00+00:00,3.53,198.0,1
1990-09-13 10:00:00+00:00,4.48,407.0,1
1990-09-13 11:00:00+00:00,5.56,329.0,1
1990-09-13 12:00:00+00:00,6.39,355.0,1
1990-09-13 13:00:00+00:00,6.88,478.0,1
1990-09-13 14:00:00+00:00,6.98,426.0,1
1990-09-13 15:00:00+00:00,6.7,354.0,1
1990-09-13 16:00:00+00:00,6.13,217.0,1
1990-09-13 17:00:00+00:00,5.33,32.0,1
1990-09-13 18:00:00+00:00,4.23,0.0,1
1990-09-13 19:00:00+00:00,3.09,0.0,1
1990-09-13 20:00:00+00:00,3.03,0.0,1
1990-09-13 21:00:00+00:00,2.73,0.0,1
1990-09-13 22:00:00+00:00,2.39,0.0,1
1990-09-13 23:00:00+00:00,2.14,0.0,1
1990-09-14 00:00:00+00:00,1.7,0.0,1
1990-09-14 01:00:00+00:00,0.37,0.0,1
1990-09-14 02:00:00+00:00,-0.2,0.0,1
1990-09-14 03:00:00+00:00,-0.67,0.0,1
1990-09-14 04:00:00+00:00,-0.87,0.0,1
1990-09-14 05:00:00+00:00,-1.07,0.0,1
1990-09-14 06:00:00+00:00,-1.04,97.0,1
1990-09-14 07:00:00+00:00,0.88,295.0,1
1990-09-14 08:00:00+00:00,3.66,364.0,1
1990-09-14 09:00:00+00:00,6.06,622.0,1
1990-09-14 10:00:00+00:00,8.04,725.0,1
1990-09-14 11:00:00+00:00,9.57,772.0,1
1990-09-14 12:00:00+00:00,10.72,770.0,1
1990-09-14 13:00:00+00:00,11.32,699.0,1
1990-09-14 14:00:00+00:00,11.29,568.0,1
1990-09-14 15:00:00+00:00,10.83,417.0,1
1990-09-14 16:00:00+00:00,10.02,236.0,1
1990-09-14 17:00:00+00:00,8.89,26.0,1
1990-09-14 18:00:00+00:00,7.85,0.0,1
1990-09-14 19:00:00+00:00,7.09,0.0,1
1990-09-14 20:00:00+00:00,6.35,0.0,1
1990-09-14 21:00:00+00:00,5.52,0.0,1
1990-09-14 22:00:00+00:00,4.65,0.0,1
1990-09-14 23:00:00+00:00,3.7,0.0,1
1990-09-15 00:00:00+00:00,2.54,0.0,0
1990-09-15 01:00:00+00:00,1.53,0.0,0
1990-09-15 02:00:00+00:00,-0.16,0.0,0
1990-09-15 03:00:00+00:00,-0.21,0.0,0
1990-09-15 04:00:00+00:00,-0.51,0.0,0
1990-09-15 05:00:00+00:00,-0.99,0.0,0
1990-09-15 06:00:00+00:00,-0.36,0.0,0
1990-09-15 07:00:00+00:00,3.96,317.0,0
1990-09-15 08:00:00+00:00,7.2,487.0,0
1990-09-15 09:00:00+00:00,8.99,631.0,0
1990-09-15 10:00:00+00:00,10.71,728.0,0
1990-09-15 11:00:00+00:00,12.08,771.0,0
1990-09-15 12:00:00+00:00,12.96,773.0,0
1990-09-15 13:00:00+00:00,13.62,693.0,0
1990-09-15 14:00:00+00:00,13.74,565.0,0
1990-09-15 15:00:00+00:00,13.36,408.0,0
1990-09-15 16:00:00+00:00,12.39,233.0,0
1990-09-15 17:00:00+00:00,11.05,24.0,0
1990-09-15 18:00:00+00:00,9.63,0.0,0
1990-09-15 19:00:00+00:00,9.38,0.0,0
1990-09-15 20:00:00+00:00,8.73,0.0,0
1990-09-15 21:00:00+00:00,7.92,0.0,0
1990-09-15 22:00:00+00:00,7.13,0.0,0
1990-09-15 23:00:00+00:00,6.18,0.0,0
1990-09-16 00:00:00+00:00,5.21,0.0,0
1990-09-16 01:00:00+00:00,5.7,0.0,0
1990-09-16 02:00:00+00:00,5.78,0.0,0
1990-09-16 03:00:00+00:00,5.72,0.0,0
1990-09-16 04:00:00+00:00,5.17,0.0,0
1990-09-16 05:00:00+00:00,4.64,0.0,0
1990-09-16 06:00:00+00:00,3.95,131.0,0
1990-09-16 07:00:00+00:00,5.22,312.0,0
1990-09-16 08:00:00+00:00,9.58,483.0,0
1990-09-16 09:00:00+00:00,13.15,624.0,0
1990-09-16 10:00:00+00:00,15.42,721.0,0
1990-09-16 11:00:00+00:00,16.69,760.0,0
1990-09-16 12:00:00+00:00,17.41,765.0,0
1990-09-16 13:00:00+00:00,17.69,685.0,0
1990-09-16 14:00:00+00:00,17.57,557.0,0
1990-09-16 15:00:00+00:00,16.9,402.0,0
1990-09-16 16:00:00+00:00,15.81,223.0,0
1990-09-16 17:00:00+00:00,14.6,23.0,0
1990-09-16 18:00:00+00:00,13.37,0.0,0
1990-09-16 19:00:00+00:00,13.03,0.0,0
1990-09-16 20:00:00+00:00,12.18,0.0,0
1990-09-16 21:00:00+00:00,11.38,0.0,0
1990-09-16 22:00:00+00:00,9.89,0.0,0
1990-09-16 23:00:00+00:00,5.55,0.0,0
1990-09-17 00:00:00+00:00,3.81,0.0,1
1990-09-17 01:00:00+00:00,3.25,0.0,1
1990-09-17 02:00:00+00:00,3.09,0.0,1
1990-09-17 03:00:00+00:00,2.9,0.0,1
1990-09-17 04:00:00+00:00,2.97,0.0,1
1990-09-17 05:00:00+00:00,2.76,0.0,1
1990-09-17 06:00:00+00:00,2.94,80.0,1
1990-09-17 07:00:00+00:00,6.13,241.0,1
1990-09-17 08:00:00+00:00,10.66,391.0,1
1990-09-17 09:00:00+00:00,13.77,612.0,1
1990-09-17 10:00:00+00:00,15.35,718.0,1
1990-09-17 11:00:00+00:00,16.37,752.0,1
1990-09-17 12:00:00+00:00,17.0,713.0,1
1990-09-17 13:00:00+00:00,17.22,330.0,1
1990-09-17 14:00:00+00:00,16.82,508.0,1
1990-09-17 15:00:00+00:00,16.3,395.0,1
1990-09-17 16:00:00+00:00,15.12,200.0,1
1990-09-17 17:00:00+00:00,14.01,23.0,1
1990-09-17 18:00:00+00:00,13.34,0.0,1
1990-09-17 19:00:00+00:00,13.27,0.0,1
1990-09-17 20:00:00+00:00,12.47,0.0,1
1990-09-17 21:00:00+00:00,11.65,0.0,1
1990-09-17 22:00:00+00:00,10.62,0.0,1
1990-09-17 23:00:00+00:00,7.66,0.0,1
1990-09-18 00:00:00+00:00,3.85,0.0,1
1990-09-18 01:00:00+00:00,2.65,0.0,1
1990-09-18 02:00:00+00:00,2.15,0.0,1
1990-09-18 03:00:00+00:00,2.07,0.0,1
1990-09-18 04:00:00+00:00,1.85,0.0,1
1990-09-18 05:00:00+00:00,1.5,0.0,1
1990-09-18 06:00:00+00:00,1.83,118.0,1
1990-09-18 07:00:00+00:00,6.12,247.0,1
1990-09-18 08:00:00+00:00,11.34,375.0,1
1990-09-18 09:00:00+00:00,14.75,535.0,1
1990-09-18 10:00:00+00:00,16.56,648.0,1
1990-09-18 11:00:00+00:00,17.43,596.0,1
1990-09-18 12:00:00+00:00,17.79,214.0,1
1990-09-18 13:00:00+00:00,17.13,322.0,1
1990-09-18 14:00:00+00:00,16.38,152.0,1
1990-09-18 15:00:00+00:00,15.59,68.0,1
1990-09-18 16:00:00+00:00,14.86,59.0,1
1990-09-18 17:00:00+00:00,13.47,18.0,1
1990-09-18 18:00:00+00:00,12.34,0.0,1
1990-09-18 19:00:00+00:00,10.83,0.0,1
1990-09-18 20:00:00+00:00,10.59,0.0,1
1990-09-18 21:00:00+00:00,10.24,0.0,1
1990-09-18 22:00:00+00:00,9.71,0.0,1
1990-09-18 23:00:00+00:00,9.4,0.0,1
1990-09-19 00:00:00+00:00,8.76,0.0,1
1990-09-19 01:00:00+00:00,8.08,0.0,1
1990-09-19 02:00:00+00:00,7.6,0.0,1
1990-09-19 03:00:00+00:00,7.09,0.0,1
1990-09-19 04:00:00+00:00,6.87,0.0,1
1990-09-19 05:00:00+00:00,6.57,0.0,1
1990-09-19 06:00:00+00:00,6.39,63.0,1
1990-09-19 07:00:00+00:00,6.76,126.0,1
1990-09-19 08:00:00+00:00,6.85,167.0,1
1990-09-19 09:00:00+00:00,6.81,152.0,1
1990-09-19 10:00:00+00:00,6.87,202.0,1
1990-09-19 11:00:00+00:00,5.94,297.0,1
1990-09-19 12:00:00+00:00,7.86,317.0,1
1990-09-19 13:00:00+00:00,5.55,279.0,1
1990-09-19 14:00:00+00:00,6.46,272.0,1
1990-09-19 15:00:00+00:00,6.56,188.0,1
1990-09-19 16:00:00+00:00,5.92,95.0,1
1990-09-19 17:00:00+00:00,4.9,18.0,1
1990-09-19 18:00:00+00:00,4.19,0.0,1
1990-09-19 19:00:00+00:00,3.35,0.0,1
1990-09-19 20:00:00+00:00,2.52,0.0,1
1990-09-19 21:00:00+00:00,2.13,0.0,1
1990-09-19 22:00:00+00:00,1.72,0.0,1
1990-09-19 23:00:00+00:00,1.51,0.0,1
1990-09-20 00:00:00+00:00,1.21,0.0,1
1990-09-20 01:00:00+00:00,0.53,0.0,1
1990-09-20 02:00:00+00:00,-0.12,0.0,1
1990-09-20 03:00:00+00:00,-0.79,0.0,1
1990-09-20 04:00:00+00:00,-1.41,0.0,1
1990-09-20 05:00:00+00:00,-2.29,0.0,1
1990-09-20 06:00:00+00:00,-2.4,44.0,1
1990-09-20 07:00:00+00:00,0.67,289.0,1
1990-09-20 08:00:00+00:00,4.69,476.0,1
1990-09-20 09:00:00+00:00,7.9,621.0,1
1990-09-20 10:00:00+00:00,9.67,710.0,1
1990-09-20 11:00:00+00:00,11.67,752.0,1
1990-09-20 12:00:00+00:00,12.73,751.0,1
1990-09-20 13:00:00+00:00,13.28,663.0,1
1990-09-20 14:00:00+00:00,13.19,507.0,1
1990-09-20 15:00:00+00:00,12.6,381.0,1
1990-09-20 16:00:00+00:00,11.64,89.0,1
1990-09-20 17:00:00+00:00,10.53,15.0,1
1990-09-20 18:00:00+00:00,9.82,0.0,1
1990-09-20 19:00:00+00:00,9.31,0.0,1
1990-09-20 20:00:00+00:00,8.6,0.0,1
1990-09-20 21:00:00+00:00,7.64,0.0,1
1990-09-20 22:00:00+00:00,6.44,0.0,1
1990-09-20 23:00:00+00:00,5.6,0.0,1
1990-09-21 00:00:00+00:00,4.57,0.0,1
1990-09-21 01:00:00+00:00,4.49,0.0,1
1990-09-21 02:00:00+00:00,3.86,0.0,1
1990-09-21 03:00:00+00:00,2.43,0.0,1
1990-09-21 04:00:00+00:00,1.5,0.0,1
1990-09-21 05:00:00+00:00,0.81,0.0,1
1990-09-21 06:00:00+00:00,0.66,45.0,1
1990-09-21 07:00:00+00:00,3.85,289.0,1
1990-09-21 08:00:00+00:00,8.74,458.0,1
1990-09-21 09:00:00+00:00,11.8,589.0,1
1990-09-21 10:00:00+00:00,13.9,679.0,1
1990-09-21 11:00:00+00:00,15.33,714.0,1
1990-09-21 12:00:00+00:00,16.21,694.0,1
1990-09-21 13:00:00+00:00,16.64,569.0,1
1990-09-21 14:00:00+00:00,16.56,504.0,1
1990-09-21 15:00:00+00:00,16.1,254.0,1
1990-09-21 16:00:00+00:00,15.22,45.0,1
1990-09-21 17:00:00+00:00,14.85,14.0,1
1990-09-21 18:00:00+00:00,14.5,0.0,1
1990-09-21 19:00:00+00:00,13.72,0.0,1
1990-09-21 20:00:00+00:00,12.96,0.0,1
1990-09-21 21:00:00+00:00,12.29,0.0,1
1990-09-21 22:00:00+00:00,11.58,0.0,1
1990-09-21 23:00:00+00:00,10.64,0.0,1
1990-09-22 00:00:00+00:00,10.24,0.0,0
1990-09-22 01:00:00+00:00,9.62,0.0,0
1990-09-22 02:00:00+00:00,8.97,0.0,0
1990-09-22 03:00:00+00:00,8.61,0.0,0
1990-09-22 04:00:00+00:00,8.29,0.0,0
1990-09-22 05:00:00+00:00,8.17,0.0,0
1990-09-22 06:00:00+00:00,8.06,43.0,0
1990-09-22 07:00:00+00:00,9.04,59.0,0
1990-09-22 08:00:00+00:00,10.15,68.0,0
1990-09-22 09:00:00+00:00,11.44,56.0,0
1990-09-22 10:00:00+00:00,12.62,100.0,0
1990-09-22 11:00:00+00:00,13.15,77.0,0
1990-09-22 12:00:00+00:00,13.89,334.0,0
1990-09-22 13:00:00+00:00,12.84,329.0,0
1990-09-22 14:00:00+00:00,13.07,391.0,0
1990-09-22 15:00:00+00:00,12.44,309.0,0
1990-09-22 16:00:00+00:00,12.25,70.0,0
1990-09-22 17:00:00+00:00,11.61,11.0,0
1990-09-22 18:00:00+00:00,10.93,0.0,0
1990-09-22 19:00:00+00:00,9.8,0.0,0
1990-09-22 20:00:00+00:00,9.0,0.0,0
1990-09-22 21:00:00+00:00,8.36,0.0,0
1990-09-22 22:00:00+00:00,7.61,0.0,0
1990-09-22 23:00:00+00:00,6.81,0.0,0
1990-09-23 00:00:00+00:00,6.13,0.0,0
1990-09-23 01:00:00+00:00,5.21,0.0,0
1990-09-23 02:00:00+00:00,4.26,0.0,0
1990-09-23 03:00:00+00:00,3.37,0.0,0
1990-09-23 04:00:00+00:00,2.49,0.0,0
1990-09-23 05:00:00+00:00,1.79,0.0,0
1990-09-23 06:00:00+00:00,1.93,44.0,0
1990-09-23 07:00:00+00:00,6.18,275.0,0
1990-09-23 08:00:00+00:00,10.54,390.0,0
1990-09-23 09:00:00+00:00,13.55,526.0,0
1990-09-23 10:00:00+00:00,15.87,563.0,0
1990-09-23 11:00:00+00:00,17.42,695.0,0
1990-09-23 12:00:00+00:00,18.34,694.0,0
1990-09-23 13:00:00+00:00,18.87,601.0,0
1990-09-23 14:00:00+00:00,19.03,335.0,0
1990-09-23 15:00:00+00:00,18.65,181.0,0
1990-09-23 16:00:00+00:00,17.47,62.0,0
1990-09-23 17:00:00+00:00,16.25,9.0,0
1990-09-23 18:00:00+00:00,14.56,0.0,0
1990-09-23 19:00:00+00:00,12.62,0.0,0
1990-09-23 20:00:00+00:00,11.41,0.0,0
1990-09-23 21:00:00+00:00,10.34,0.0,0
1990-09-23 22:00:00+00:00,9.61,0.0,0
1990-09-23 23:00:00+00:00,9.09,0.0,0
1990-09-24 00:00:00+00:00,8.76,0.0,1
1990-09-24 01:00:00+00:00,8.06,0.0,1
1990-09-24 02:00:00+00:00,7.76,0.0,1
1990-09-24 03:00:00+00:00,7.6,0.0,1
1990-09-24 04:00:00+00:00,7.55,0.0,1
1990-09-24 05:00:00+00:00,7.81,0.0,1
1990-09-24 06:00:00+00:00,7.9,21.0,1
1990-09-24 07:00:00+00:00,8.21,32.0,1
1990-09-24 08:00:00+00:00,9.38,51.0,1
1990-09-24 09:00:00+00:00,9.86,71.0,1
1990-09-24 10:00:00+00:00,9.96,127.0,1
1990-09-24 11:00:00+00:00,9.28,0.0,1
1990-09-24 12:00:00+00:00,8.7,144.0,1
1990-09-24 13:00:00+00:00,8.6,179.0,1
1990-09-24 14:00:00+00:00,9.09,192.0,1
1990-09-24 15:00:00+00:00,9.14,299.0,1
1990-09-24 16:00:00+00:00,9.36,81.0,1
1990-09-24 17:00:00+00:00,8.67,7.0,1
1990-09-24 18:00:00+00:00,7.65,0.0,1
1990-09-24 19:00:00+00:00,6.52,0.0,1
1990-09-24 20:00:00+00:00,5.69,0.0,1
1990-09-24 21:00:00+00:00,4.88,0.0,1
1990-09-24 22:00:00+00:00,3.45,0.0,1
1990-09-24 23:00:00+00:00,2.32,0.0,1
1990-09-25 00:00:00+00:00,1.57,0.0,1
1990-09-25 01:00:00+00:00,0.9,0.0,1
1990-09-25 02:00:00+00:00,0.04,0.0,1
1990-09-25 03:00:00+00:00,-0.7,0.0,1
1990-09-25 04:00:00+00:00,-0.91,0.0,1
1990-09-25 05:00:00+00:00,-1.31,0.0,1
1990-09-25 06:00:00+00:00,-0.76,49.0,1
1990-09-25 07:00:00+00:00,2.55,203.0,1
1990-09-25 08:00:00+00:00,7.76,262.0,1
1990-09-25 09:00:00+00:00,9.96,566.0,1
1990-09-25 10:00:00+00:00,11.6,653.0,1
1990-09-25 11:00:00+00:00,12.8,661.0,1
1990-09-25 12:00:00+00:00,13.47,662.0,1
1990-09-25 13:00:00+00:00,13.56,523.0,1
1990-09-25 14:00:00+00:00,12.59,369.0,1
1990-09-25 15:00:00+00:00,12.17,212.0,1
1990-09-25 16:00:00+00:00,11.89,85.0,1
1990-09-25 17:00:00+00:00,11.19,0.0,1
1990-09-25 18:00:00+00:00,10.2,0.0,1
1990-09-25 19:00:00+00:00,9.07,0.0,1
1990-09-25 20:00:00+00:00,8.48,0.0,1
1990-09-25 21:00:00+00:00,7.99,0.0,1
1990-09-25 22:00:00+00:00,7.76,0.0,1
1990-09-25 23:00:00+00:00,7.57,0.0,1
1990-09-26 00:00:00+00:00,7.38,0.0,1
1990-09-26 01:00:00+00:00,7.17,0.0,1
1990-09-26 02:00:00+00:00,6.8,0.0,1
1990-09-26 03:00:00+00:00,6.65,0.0,1
1990-09-26 04:00:00+00:00,6.58,0.0,1
1990-09-26 05:00:00+00:00,6.76,0.0,1
1990-09-26 06:00:00+00:00,6.75,37.0,1
1990-09-26 07:00:00+00:00,7.17,204.0,1
1990-09-26 08:00:00+00:00,9.38,320.0,1
1990-09-26 09:00:00+00:00,10.6,467.0,1
1990-09-26 10:00:00+00:00,11.73,378.0,1
1990-09-26 11:00:00+00:00,12.36,276.0,1
1990-09-26 12:00:00+00:00,12.54,545.0,1
1990-09-26 13:00:00+00:00,12.67,464.0,1
1990-09-26 14:00:00+00:00,11.81,124.0,1
1990-09-26 15:00:00+00:00,11.15,95.0,1
1990-09-26 16:00:00+00:00,10.34,80.0,1
1990-09-26 17:00:00+00:00,9.8,0.0,1
1990-09-26 18:00:00+00:00,9.28,0.0,1
1990-09-26 19:00:00+00:00,7.64,0.0,1
1990-09-26 20:00:00+00:00,7.07,0.0,1
1990-09-26 21:00:00+00:00,6.32,0.0,1
1990-09-26 22:00:00+00:00,4.9,0.0,1
1990-09-26 23:00:00+00:00,2.96,0.0,1
1990-09-27 00:00:00+00:00,1.95,0.0,1
1990-09-27 01:00:00+00:00,1.4,0.0,1
1990-09-27 02:00:00+00:00,0.94,0.0,1
1990-09-27 03:00:00+00:00,-0.48,0.0,1
1990-09-27 04:00:00+00:00,-0.96,0.0,1
1990-09-27 05:00:00+00:00,-2.53,0.0,1
1990-09-27 06:00:00+00:00,-2.15,49.0,1
1990-09-27 07:00:00+00:00,0.4,227.0,1
1990-09-27 08:00:00+00:00,4.05,357.0,1
1990-09-27 09:00:00+00:00,5.92,509.0,1
1990-09-27 10:00:00+00:00,7.86,592.0,1
1990-09-27 11:00:00+00:00,10.08,642.0,1
1990-09-27 12:00:00+00:00,10.99,653.0,1
1990-09-27 13:00:00+00:00,11.18,582.0,1
1990-09-27 14:00:00+00:00,10.86,413.0,1
1990-09-27 15:00:00+00:00,9.91,324.0,1
1990-09-27 16:00:00+00:00,8.9,61.0,1
1990-09-27 17:00:00+00:00,7.81,0.0,1
1990-09-27 18:00:00+00:00,6.8,0.0,1
1990-09-27 19:00:00+00:00,5.81,0.0,1
1990-09-27 20:00:00+00:00,5.16,0.0,1
1990-09-27 21:00:00+00:00,4.58,0.0,1
1990-09-27 22:00:00+00:00,3.92,0.0,1
1990-09-27 23:00:00+00:00,3.33,0.0,1
1990-09-28 00:00:00+00:00,2.48,0.0,1
1990-09-28 01:00:00+00:00,1.31,0.0,1
1990-09-28 02:00:00+00:00,-0.01,0.0,1
1990-09-28 03:00:00+00:00,-1.51,0.0,1
1990-09-28 04:00:00+00:00,-2.15,0.0,1
1990-09-28 05:00:00+00:00,-2.79,0.0,1
1990-09-28 06:00:00+00:00,-2.73,44.0,1
1990-09-28 07:00:00+00:00,0.25,263.0,1
1990-09-28 08:00:00+00:00,5.15,429.0,1
1990-09-28 09:00:00+00:00,8.94,523.0,1
1990-09-28 10:00:00+00:00,11.32,636.0,1
1990-09-28 11:00:00+00:00,13.03,647.0,1
1990-09-28 12:00:00+00:00,13.99,651.0,1
1990-09-28 13:00:00+00:00,14.26,603.0,1
1990-09-28 14:00:00+00:00,14.39,477.0,1
1990-09-28 15:00:00+00:00,13.98,312.0,1
1990-09-28 16:00:00+00:00,13.05,52.0,1
1990-09-28 17:00:00+00:00,12.31,0.0,1
1990-09-28 18:00:00+00:00,11.42,0.0,1
1990-09-28 19:00:00+00:00,10.09,0.0,1
1990-09-28 20:00:00+00:00,9.34,0.0,1
1990-09-28 21:00:00+00:00,8.73,0.0,1
1990-09-28 22:00:00+00:00,8.23,0.0,1
1990-09-28 23:00:00+00:00,7.81,0.0,1
1990-09-29 00:00:00+00:00,7.43,0.0,0
1990-09-29 01:00:00+00:00,7.09,0.0,0
1990-09-29 02:00:00+00:00,6.57,0.0,0
1990-09-29 03:00:00+00:00,6.57,0.0,0
1990-09-29 04:00:00+00:00,6.43,0.0,0
1990-09-29 05:00:00+00:00,4.83,0.0,0
1990-09-29 06:00:00+00:00,3.92,43.0,0
1990-09-29 07:00:00+00:00,6.58,62.0,0
1990-09-29 08:00:00+00:00,8.27,125.0,0
1990-09-29 09:00:00+00:00,9.05,146.0,0
1990-09-29 10:00:00+00:00,9.94,265.0,0
1990-09-29 11:00:00+00:00,10.49,319.0,0
1990-09-29 12:00:00+00:00,11.14,283.0,0
1990-09-29 13:00:00+00:00,11.39,110.0,0
1990-09-29 14:00:00+00:00,11.44,125.0,0
1990-09-29 15:00:00+00:00,11.01,55.0,0
1990-09-29 16:00:00+00:00,10.56,37.0,0
1990-09-29 17:00:00+00:00,10.05,0.0,0
1990-09-29 18:00:00+00:00,9.56,0.0,0
1990-09-29 19:00:00+00:00,8.33,0.0,0
1990-09-29 20:00:00+00:00,8.27,0.0,0
1990-09-29 21:00:00+00:00,8.03,0.0,0
1990-09-29 22:00:00+00:00,7.64,0.0,0
1990-09-29 23:00:00+00:00,7.47,0.0,0
1990-09-30 00:00:00+00:00,7.26,0.0,0
1990-09-30 01:00:00+00:00,6.96,0.0,0
1990-09-30 02:00:00+00:00,6.56,0.0,0
1990-09-30 03:00:00+00:00,6.33,0.0,0
1990-09-30 04:00:00+00:00,6.35,0.0,0
1990-09-30 05:00:00+00:00,6.45,0.0,0
1990-09-30 06:00:00+00:00,6.71,42.0,0
1990-09-30 07:00:00+00:00,5.1,160.0,0
1990-09-30 08:00:00+00:00,6.76,81.0,0
1990-09-30 09:00:00+00:00,8.79,59.0,0
1990-09-30 10:00:00+00:00,11.0,385.0,0
1990-09-30 11:00:00+00:00,11.77,425.0,0
1990-09-30 12:00:00+00:00,12.39,492.0,0
1990-09-30 13:00:00+00:00,11.9,455.0,0
1990-09-30 14:00:00+00:00,11.07,333.0,0
1990-09-30 15:00:00+00:00,9.71,246.0,0
1990-09-30 16:00:00+00:00,9.9,70.0,0
1990-09-30 17:00:00+00:00,9.17,0.0,0
1990-09-30 18:00:00+00:00,8.43,0.0,0
1990-09-30 19:00:00+00:00,7.69,0.0,0
1990-09-30 20:00:00+00:00,6.95,0.0,0
1990-09-30 21:00:00+00:00,6.21,0.0,0
1990-09-30 22:00:00+00:00,5.48,0.0,0
1990-09-30 23:00:00+00:00,4.74,0.0,0
1990-10-01 00:00:00+00:00,4.0,0.0,1
1990-10-01 01:00:00+00:00,3.26,0.0,1
1990-10-01 02:00:00+00:00,2.53,0.0,1
1990-10-01 03:00:00+00:00,1.79,0.0,1
1990-10-01 04:00:00+00:00,1.05,0.0,1
1990-10-01 05:00:00+00:00,0.31,0.0,1
1990-10-01 06:00:00+00:00,-0.43,43.0,1
1990-10-01 07:00:00+00:00,-1.16,148.0,1
1990-10-01 08:00:00+00:00,4.42,252.0,1
1990-10-01 09:00:00+00:00,7.7,280.0,1
1990-10-01 10:00:00+00:00,9.96,469.0,1
1990-10-01 11:00:00+00:00,11.06,558.0,1
1990-10-01 12:00:00+00:00,11.57,609.0,1
1990-10-01 13:00:00+00:00,11.81,554.0,1
1990-10-01 14:00:00+00:00,11.64,371.0,1
1990-10-01 15:00:00+00:00,11.27,234.0,1
1990-10-01 16:00:00+00:00,10.34,66.0,1
1990-10-01 17:00:00+00:00,9.36,0.0,1
1990-10-01 18:00:00+00:00,8.4,0.0,1
1990-10-01 19:00:00+00:00,7.28,0.0,1
1990-10-01 20:00:00+00:00,6.08,0.0,1
1990-10-01 21:00:00+00:00,4.99,0.0,1
1990-10-01 22:00:00+00:00,3.37,0.0,1
1990-10-01 23:00:00+00:00,2.91,0.0,1
1990-10-02 00:00:00+00:00,2.49,0.0,1
1990-10-02 01:00:00+00:00,1.6,0.0,1
1990-10-02 02:00:00+00:00,0.47,0.0,1
1990-10-02 03:00:00+00:00,-0.57,0.0,1
1990-10-02 04:00:00+00:00,-1.44,0.0,1
1990-10-02 05:00:00+00:00,-1.93,0.0,1
1990-10-02 06:00:00+00:00,-1.76,40.0,1
1990-10-02 07:00:00+00:00,-0.89,237.0,1
1990-10-02 08:00:00+00:00,3.14,409.0,1
1990-10-02 09:00:00+00:00,7.42,557.0,1
1990-10-02 10:00:00+00:00,10.55,658.0,1
1990-10-02 11:00:00+00:00,12.32,696.0,1
1990-10-02 12:00:00+00:00,13.25,669.0,1
1990-10-02 13:00:00+00:00,13.64,596.0,1
1990-10-02 14:00:00+00:00,13.19,469.0,1
1990-10-02 15:00:00+00:00,12.88,310.0,1
1990-10-02 16:00:00+00:00,12.03,43.0,1
1990-10-02 17:00:00+00:00,10.81,0.0,1
1990-10-02 18:00:00+00:00,9.8,0.0,1
1990-10-02 19:00:00+00:00,8.67,0.0,1
1990-10-02 20:00:00+00:00,7.4,0.0,1
1990-10-02 21:00:00+00:00,5.26,0.0,1
1990-10-02 22:00:00+00:00,4.13,0.0,1
1990-10-02 23:00:00+00:00,4.03,0.0,1
1990-10-03 00:00:00+00:00,3.96,0.0,1
1990-10-03 01:00:00+00:00,3.74,0.0,1
1990-10-03 02:00:00+00:00,3.31,0.0,1
1990-10-03 03:00:00+00:00,3.14,0.0,1
1990-10-03 04:00:00+00:00,3.2,0.0,1
1990-10-03 05:00:00+00:00,2.94,0.0,1
1990-10-03 06:00:00+00:00,2.87,35.0,1
1990-10-03 07:00:00+00:00,3.95,249.0,1
1990-10-03 08:00:00+00:00,6.0,401.0,1
1990-10-03 09:00:00+00:00,8.65,529.0,1
1990-10-03 10:00:00+00:00,10.67,634.0,1
1990-10-03 11:00:00+00:00,11.96,660.0,1
1990-10-03 12:00:00+00:00,12.74,623.0,1
1990-10-03 13:00:00+00:00,12.92,517.0,1
1990-10-03 14:00:00+00:00,12.72,430.0,1
1990-10-03 15:00:00+00:00,12.43,226.0,1
1990-10-03 16:00:00+00:00,11.64,59.0,1
1990-10-03 17:00:00+00:00,10.46,0.0,1
1990-10-03 18:00:00+00:00,9.63,0.0,1
1990-10-03 19:00:00+00:00,9.23,0.0,1
1990-10-03 20:00:00+00:00,8.35,0.0,1
1990-10-03 21:00:00+00:00,6.89,0.0,1
1990-10-03 22:00:00+00:00,4.76,0.0,1
1990-10-03 23:00:00+00:00,3.46,0.0,1
1990-10-04 00:00:00+00:00,3.17,0.0,1
1990-10-04 01:00:00+00:00,3.38,0.0,1
1990-10-04 02:00:00+00:00,3.31,0.0,1
1990-10-04 03:00:00+00:00,3.43,0.0,1
1990-10-04 04:00:00+00:00,3.44,0.0,1
1990-10-04 05:00:00+00:00,3.74,0.0,1
1990-10-04 06:00:00+00:00,3.57,30.0,1
1990-10-04 07:00:00+00:00,3.67,240.0,1
1990-10-04 08:00:00+00:00,6.76,401.0,1
1990-10-04 09:00:00+00:00,9.48,499.0,1
1990-10-04 10:00:00+00:00,11.05,524.0,1
1990-10-04 11:00:00+00:00,12.01,451.0,1
1990-10-04 12:00:00+00:00,12.48,458.0,1
1990-10-04 13:00:00+00:00,12.83,457.0,1
1990-10-04 14:00:00+00:00,12.8,242.0,1
1990-10-04 15:00:00+00:00,12.39,239.0,1
1990-10-04 16:00:00+00:00,11.64,62.0,1
1990-10-04 17:00:00+00:00,10.44,0.0,1
1990-10-04 18:00:00+00:00,9.64,0.0,1
1990-10-04 19:00:00+00:00,7.99,0.0,1
1990-10-04 20:00:00+00:00,6.99,0.0,1
1990-10-04 21:00:00+00:00,5.59,0.0,1
1990-10-04 22:00:00+00:00,4.83,0.0,1
1990-10-04 23:00:00+00:00,4.5,0.0,1
1990-10-05 00:00:00+00:00,4.08,0.0,1
1990-10-05 01:00:00+00:00,3.56,0.0,1
1990-10-05 02:00:00+00:00,2.97,0.0,1
1990-10-05 03:00:00+00:00,2.55,0.0,1
1990-10-05 04:00:00+00:00,1.88,0.0,1
1990-10-05 05:00:00+00:00,1.32,0.0,1
1990-10-05 06:00:00+00:00,0.64,32.0,1
1990-10-05 07:00:00+00:00,1.47,207.0,1
1990-10-05 08:00:00+00:00,3.92,372.0,1
1990-10-05 09:00:00+00:00,7.43,465.0,1
1990-10-05 10:00:00+00:00,9.69,489.0,1
1990-10-05 11:00:00+00:00,10.93,455.0,1
1990-10-05 12:00:00+00:00,11.44,309.0,1
1990-10-05 13:00:00+00:00,11.17,305.0,1
1990-10-05 14:00:00+00:00,10.96,239.0,1
1990-10-05 15:00:00+00:00,10.52,69.0,1
1990-10-05 16:00:00+00:00,9.78,55.0,1
1990-10-05 17:00:00+00:00,9.19,0.0,1
1990-10-05 18:00:00+00:00,8.23,0.0,1
1990-10-05 19:00:00+00:00,6.46,0.0,1
1990-10-05 20:00:00+00:00,5.76,0.0,1
1990-10-05 21:00:00+00:00,5.21,0.0,1
1990-10-05 22:00:00+00:00,4.58,0.0,1
1990-10-05 23:00:00+00:00,4.27,0.0,1
1990-10-06 00:00:00+00:00,3.96,0.0,0
1990-10-06 01:00:00+00:00,3.59,0.0,0
1990-10-06 02:00:00+00:00,3.1,0.0,0
1990-10-06 03:00:00+00:00,2.49,0.0,0
1990-10-06 04:00:00+00:00,1.96,0.0,0
1990-10-06 05:00:00+00:00,1.47,0.0,0
1990-10-06 06:00:00+00:00,1.2,35.0,0
1990-10-06 07:00:00+00:00,1.87,204.0,0
1990-10-06 08:00:00+00:00,4.49,354.0,0
1990-10-06 09:00:00+00:00,6.69,479.0,0
1990-10-06 10:00:00+00:00,8.39,583.0,0
1990-10-06 11:00:00+00:00,9.49,620.0,0
1990-10-06 12:00:00+00:00,10.32,610.0,0
1990-10-06 13:00:00+00:00,10.66,553.0,0
1990-10-06 14:00:00+00:00,10.84,422.0,0
1990-10-06 15:00:00+00:00,10.75,285.0,0
1990-10-06 16:00:00+00:00,9.95,44.0,0
1990-10-06 17:00:00+00:00,8.91,0.0,0
1990-10-06 18:00:00+00:00,7.17,0.0,0
1990-10-06 19:00:00+00:00,5.5,0.0,0
1990-10-06 20:00:00+00:00,4.63,0.0,0
1990-10-06 21:00:00+00:00,4.11,0.0,0
1990-10-06 22:00:00+00:00,3.71,0.0,0
1990-10-06 23:00:00+00:00,3.37,0.0,0
1990-10-07 00:00:00+00:00,3.33,0.0,0
1990-10-07 01:00:00+00:00,2.83,0.0,0
1990-10-07 02:00:00+00:00,2.25,0.0,0
1990-10-07 03:00:00+00:00,1.25,0.0,0
1990-10-07 04:00:00+00:00,1.34,0.0,0
1990-10-07 05:00:00+00:00,1.87,0.0,0
1990-10-07 06:00:00+00:00,2.45,32.0,0
1990-10-07 07:00:00+00:00,3.52,216.0,0
1990-10-07 08:00:00+00:00,4.73,237.0,0
1990-10-07 09:00:00+00:00,6.55,239.0,0
1990-10-07 10:00:00+00:00,8.19,308.0,0
1990-10-07 11:00:00+00:00,9.46,225.0,0
1990-10-07 12:00:00+00:00,10.36,428.0,0
1990-10-07 13:00:00+00:00,10.97,399.0,0
1990-10-07 14:00:00+00:00,11.4,160.0,0
1990-10-07 15:00:00+00:00,11.17,159.0,0
1990-10-07 16:00:00+00:00,10.64,52.0,0
1990-10-07 17:00:00+00:00,9.61,0.0,0
1990-10-07 18:00:00+00:00,8.56,0.0,0
1990-10-07 19:00:00+00:00,7.62,0.0,0
1990-10-07 20:00:00+00:00,6.68,0.0,0
1990-10-07 21:00:00+00:00,6.25,0.0,0
1990-10-07 22:00:00+00:00,5.95,0.0,0
1990-10-07 23:00:00+00:00,5.22,0.0,0
1990-10-08 00:00:00+00:00,4.59,0.0,1
1990-10-08 01:00:00+00:00,3.76,0.0,1
1990-10-08 02:00:00+00:00,3.61,0.0,1
1990-10-08 03:00:00+00:00,3.25,0.0,1
1990-10-08 04:00:00+00:00,3.06,0.0,1
1990-10-08 05:00:00+00:00,2.86,0.0,1
1990-10-08 06:00:00+00:00,3.1,24.0,1
1990-10-08 07:00:00+00:00,4.37,206.0,1
1990-10-08 08:00:00+00:00,6.4,154.0,1
1990-10-08 09:00:00+00:00,8.41,291.0,1
1990-10-08 10:00:00+00:00,9.53,572.0,1
1990-10-08 11:00:00+00:00,10.74,455.0,1
1990-10-08 12:00:00+00:00,11.77,611.0,1
1990-10-08 13:00:00+00:00,12.31,429.0,1
1990-10-08 14:00:00+00:00,12.48,252.0,1
1990-10-08 15:00:00+00:00,11.82,227.0,1
1990-10-08 16:00:00+00:00,11.07,42.0,1
1990-10-08 17:00:00+00:00,9.9,0.0,1
1990-10-08 18:00:00+00:00,8.2,0.0,1
1990-10-08 19:00:00+00:00,7.35,0.0,1
1990-10-08 20:00:00+00:00,6.64,0.0,1
1990-10-08 21:00:00+00:00,5.94,0.0,1
1990-10-08 22:00:00+00:00,5.3,0.0,1
1990-10-08 23:00:00+00:00,4.93,0.0,1
1990-10-09 00:00:00+00:00,4.61,0.0,1
1990-10-09 01:00:00+00:00,4.4,0.0,1
1990-10-09 02:00:00+00:00,4.12,0.0,1
1990-10-09 03:00:00+00:00,3.83,0.0,1
1990-10-09 04:00:00+00:00,3.49,0.0,1
1990-10-09 05:00:00+00:00,3.05,0.0,1
1990-10-09 06:00:00+00:00,2.7,24.0,1
1990-10-09 07:00:00+00:00,4.19,226.0,1
1990-10-09 08:00:00+00:00,6.22,394.0,1
1990-10-09 09:00:00+00:00,8.45,523.0,1
1990-10-09 10:00:00+00:00,10.47,616.0,1
1990-10-09 11:00:00+00:00,12.14,648.0,1
1990-10-09 12:00:00+00:00,13.21,616.0,1
1990-10-09 13:00:00+00:00,13.68,540.0,1
1990-10-09 14:00:00+00:00,13.89,410.0,1
1990-10-09 15:00:00+00:00,13.55,270.0,1
1990-10-09 16:00:00+00:00,12.69,48.0,1
1990-10-09 17:00:00+00:00,10.74,0.0,1
1990-10-09 18:00:00+00:00,8.61,0.0,1
1990-10-09 19:00:00+00:00,8.43,0.0,1
1990-10-09 20:00:00+00:00,7.52,0.0,1
1990-10-09 21:00:00+00:00,6.64,0.0,1
1990-10-09 22:00:00+00:00,6.08,0.0,1
1990-10-09 23:00:00+00:00,5.65,0.0,1
1990-10-10 00:00:00+00:00,5.28,0.0,1
1990-10-10 01:00:00+00:00,5.15,0.0,1
1990-10-10 02:00:00+00:00,5.14,0.0,1
1990-10-10 03:00:00+00:00,5.1,0.0,1
1990-10-10 04:00:00+00:00,5.17,0.0,1
1990-10-10 05:00:00+00:00,5.27,0.0,1
1990-10-10 06:00:00+00:00,5.3,26.0,1
1990-10-10 07:00:00+00:00,5.94,161.0,1
1990-10-10 08:00:00+00:00,7.71,157.0,1
1990-10-10 09:00:00+00:00,9.88,124.0,1
1990-10-10 10:00:00+00:00,11.72,423.0,1
1990-10-10 11:00:00+00:00,12.89,481.0,1
1990-10-10 12:00:00+00:00,13.98,242.0,1
1990-10-10 13:00:00+00:00,14.51,215.0,1
1990-10-10 14:00:00+00:00,14.71,205.0,1
1990-10-10 15:00:00+00:00,14.23,126.0,1
1990-10-10 16:00:00+00:00,13.33,42.0,1
1990-10-10 17:00:00+00:00,11.85,0.0,1
1990-10-10 18:00:00+00:00,10.25,0.0,1
1990-10-10 19:00:00+00:00,8.62,0.0,1
1990-10-10 20:00:00+00:00,7.93,0.0,1
1990-10-10 21:00:00+00:00,7.46,0.0,1
1990-10-10 22:00:00+00:00,6.91,0.0,1
1990-10-10 23:00:00+00:00,6.48,0.0,1
1990-10-11 00:00:00+00:00,6.18,0.0,1
1990-10-11 01:00:00+00:00,5.98,0.0,1
1990-10-11 02:00:00+00:00,6.04,0.0,1
1990-10-11 03:00:00+00:00,5.95,0.0,1
1990-10-11 04:00:00+00:00,5.86,0.0,1
1990-10-11 05:00:00+00:00,5.66,0.0,1
1990-10-11 06:00:00+00:00,5.5,24.0,1
1990-10-11 07:00:00+00:00,5.38,88.0,1
1990-10-11 08:00:00+00:00,5.85,116.0,1
1990-10-11 09:00:00+00:00,7.06,216.0,1
1990-10-11 10:00:00+00:00,7.96,362.0,1
1990-10-11 11:00:00+00:00,9.31,478.0,1
1990-10-11 12:00:00+00:00,11.29,436.0,1
1990-10-11 13:00:00+00:00,12.28,369.0,1
1990-10-11 14:00:00+00:00,12.34,298.0,1
1990-10-11 15:00:00+00:00,12.25,165.0,1
1990-10-11 16:00:00+00:00,11.41,42.0,1
1990-10-11 17:00:00+00:00,10.45,0.0,1
1990-10-11 18:00:00+00:00,9.68,0.0,1
1990-10-11 19:00:00+00:00,8.09,0.0,1
1990-10-11 20:00:00+00:00,6.78,0.0,1
1990-10-11 21:00:00+00:00,5.42,0.0,1
1990-10-11 22:00:00+00:00,5.12,0.0,1
1990-10-11 23:00:00+00:00,4.69,0.0,1
1990-10-12 00:00:00+00:00,4.22,0.0,1
1990-10-12 01:00:00+00:00,3.62,0.0,1
1990-10-12 02:00:00+00:00,3.35,0.0,1
1990-10-12 03:00:00+00:00,3.21,0.0,1
1990-10-12 04:00:00+00:00,3.01,0.0,1
1990-10-12 05:00:00+00:00,2.94,0.0,1
1990-10-12 06:00:00+00:00,2.93,23.0,1
1990-10-12 07:00:00+00:00,3.22,185.0,1
1990-10-12 08:00:00+00:00,5.61,363.0,1
1990-10-12 09:00:00+00:00,8.4,503.0,1
1990-10-12 10:00:00+00:00,10.64,498.0,1
1990-10-12 11:00:00+00:00,11.76,383.0,1
1990-10-12 12:00:00+00:00,12.36,445.0,1
1990-10-12 13:00:00+00:00,11.87,262.0,1
1990-10-12 14:00:00+00:00,11.44,206.0,1
1990-10-12 15:00:00+00:00,11.28,114.0,1
1990-10-12 16:00:00+00:00,10.96,39.0,1
1990-10-12 17:00:00+00:00,9.82,0.0,1
1990-10-12 18:00:00+00:00,8.72,0.0,1
1990-10-12 19:00:00+00:00,7.48,0.0,1
1990-10-12 20:00:00+00:00,7.02,0.0,1
1990-10-12 21:00:00+00:00,6.73,0.0,1
1990-10-12 22:00:00+00:00,6.25,0.0,1
1990-10-12 23:00:00+00:00,5.96,0.0,1
1990-10-13 00:00:00+00:00,5.7,0.0,0
1990-10-13 01:00:00+00:00,6.02,0.0,0
1990-10-13 02:00:00+00:00,5.96,0.0,0
1990-10-13 03:00:00+00:00,6.28,0.0,0
1990-10-13 04:00:00+00:00,6.01,0.0,0
1990-10-13 05:00:00+00:00,5.67,0.0,0
1990-10-13 06:00:00+00:00,5.47,20.0,0
1990-10-13 07:00:00+00:00,5.35,85.0,0
1990-10-13 08:00:00+00:00,6.34,203.0,0
1990-10-13 09:00:00+00:00,7.8,229.0,0
1990-10-13 10:00:00+00:00,8.86,107.0,0
1990-10-13 11:00:00+00:00,9.6,182.0,0
1990-10-13 12:00:00+00:00,10.04,93.0,0
1990-10-13 13:00:00+00:00,9.92,199.0,0
1990-10-13 14:00:00+00:00,9.71,169.0,0
1990-10-13 15:00:00+00:00,9.13,68.0,0
1990-10-13 16:00:00+00:00,8.35,30.0,0
1990-10-13 17:00:00+00:00,7.41,0.0,0
1990-10-13 18:00:00+00:00,6.5,0.0,0
1990-10-13 19:00:00+00:00,5.64,0.0,0
1990-10-13 20:00:00+00:00,5.0,0.0,0
1990-10-13 21:00:00+00:00,3.99,0.0,0
1990-10-13 22:00:00+00:00,2.56,0.0,0
1990-10-13 23:00:00+00:00,1.68,0.0,0
1990-10-14 00:00:00+00:00,0.23,0.0,0
1990-10-14 01:00:00+00:00,-0.73,0.0,0
1990-10-14 02:00:00+00:00,-1.88,0.0,0
1990-10-14 03:00:00+00:00,-2.62,0.0,0
1990-10-14 04:00:00+00:00,-3.58,0.0,0
1990-10-14 05:00:00+00:00,-4.47,0.0,0
1990-10-14 06:00:00+00:00,-4.99,20.0,0
1990-10-14 07:00:00+00:00,-4.39,181.0,0
1990-10-14 08:00:00+00:00,-1.41,351.0,0
1990-10-14 09:00:00+00:00,2.33,482.0,0
1990-10-14 10:00:00+00:00,5.64,288.0,0
1990-10-14 11:00:00+00:00,8.47,242.0,0
1990-10-14 12:00:00+00:00,9.85,481.0,0
1990-10-14 13:00:00+00:00,10.44,401.0,0
1990-10-14 14:00:00+00:00,10.62,200.0,0
1990-10-14 15:00:00+00:00,10.36,144.0,0
1990-10-14 16:00:00+00:00,9.47,36.0,0
1990-10-14 17:00:00+00:00,8.07,0.0,0
1990-10-14 18:00:00+00:00,6.74,0.0,0
1990-10-14 19:00:00+00:00,6.25,0.0,0
1990-10-14 20:00:00+00:00,5.44,0.0,0
1990-10-14 21:00:00+00:00,4.66,0.0,0
1990-10-14 22:00:00+00:00,4.41,0.0,0
1990-10-14 23:00:00+00:00,4.18,0.0,0
1990-10-15 00:00:00+00:00,3.8,0.0,1
1990-10-15 01:00:00+00:00,3.54,0.0,1
1990-10-15 02:00:00+00:00,3.25,0.0,1
1990-10-15 03:00:00+00:00,3.06,0.0,1
1990-10-15 04:00:00+00:00,2.83,0.0,1
1990-10-15 05:00:00+00:00,2.51,0.0,1
1990-10-15 06:00:00+00:00,2.0,19.0,1
1990-10-15 07:00:00+00:00,2.83,183.0,1
1990-10-15 08:00:00+00:00,4.12,281.0,1
1990-10-15 09:00:00+00:00,5.73,313.0,1
1990-10-15 10:00:00+00:00,7.19,384.0,1
1990-10-15 11:00:00+00:00,8.92,428.0,1
1990-10-15 12:00:00+00:00,10.68,455.0,1
1990-10-15 13:00:00+00:00,11.21,286.0,1
1990-10-15 14:00:00+00:00,11.46,172.0,1
1990-10-15 15:00:00+00:00,10.76,121.0,1
1990-10-15 16:00:00+00:00,10.04,5.0,1
1990-10-15 17:00:00+00:00,9.43,0.0,1
1990-10-15 18:00:00+00:00,8.75,0.0,1
1990-10-15 19:00:00+00:00,7.37,0.0,1
1990-10-15 20:00:00+00:00,5.46,0.0,1
1990-10-15 21:00:00+00:00,4.41,0.0,1
1990-10-15 22:00:00+00:00,3.52,0.0,1
1990-10-15 23:00:00+00:00,3.11,0.0,1
1990-10-16 00:00:00+00:00,2.47,0.0,1
1990-10-16 01:00:00+00:00,1.9,0.0,1
1990-10-16 02:00:00+00:00,1.86,0.0,1
1990-10-16 03:00:00+00:00,0.9,0.0,1
1990-10-16 04:00:00+00:00,0.15,0.0,1
1990-10-16 05:00:00+00:00,-0.46,0.0,1
1990-10-16 06:00:00+00:00,-1.16,13.0,1
1990-10-16 07:00:00+00:00,1.47,49.0,1
1990-10-16 08:00:00+00:00,3.92,61.0,1
1990-10-16 09:00:00+00:00,5.95,103.0,1
1990-10-16 10:00:00+00:00,7.93,110.0,1
1990-10-16 11:00:00+00:00,9.83,103.0,1
1990-10-16 12:00:00+00:00,11.24,130.0,1
1990-10-16 13:00:00+00:00,11.69,136.0,1
1990-10-16 14:00:00+00:00,11.74,72.0,1
1990-10-16 15:00:00+00:00,11.67,56.0,1
1990-10-16 16:00:00+00:00,11.0,17.0,1
1990-10-16 17:00:00+00:00,9.93,0.0,1
1990-10-16 18:00:00+00:00,8.74,0.0,1
1990-10-16 19:00:00+00:00,6.99,0.0,1
1990-10-16 20:00:00+00:00,6.55,0.0,1
1990-10-16 21:00:00+00:00,6.29,0.0,1
1990-10-16 22:00:00+00:00,6.18,0.0,1
1990-10-16 23:00:00+00:00,5.97,0.0,1
1990-10-17 00:00:00+00:00,5.75,0.0,1
1990-10-17 01:00:00+00:00,5.18,0.0,1
1990-10-17 02:00:00+00:00,3.63,0.0,1
1990-10-17 03:00:00+00:00,3.23,0.0,1
1990-10-17 04:00:00+00:00,3.08,0.0,1
1990-10-17 05:00:00+00:00,3.27,0.0,1
1990-10-17 06:00:00+00:00,3.69,4.0,1
1990-10-17 07:00:00+00:00,5.32,23.0,1
1990-10-17 08:00:00+00:00,6.41,170.0,1
1990-10-17 09:00:00+00:00,7.66,206.0,1
1990-10-17 10:00:00+00:00,8.62,342.0,1
1990-10-17 11:00:00+00:00,9.58,569.0,1
1990-10-17 12:00:00+00:00,10.97,565.0,1
1990-10-17 13:00:00+00:00,11.52,488.0,1
1990-10-17 14:00:00+00:00,11.66,366.0,1
1990-10-17 15:00:00+00:00,11.34,215.0,1
1990-10-17 16:00:00+00:00,10.31,24.0,1
1990-10-17 17:00:00+00:00,8.91,0.0,1
1990-10-17 18:00:00+00:00,7.2,0.0,1
1990-10-17 19:00:00+00:00,5.44,0.0,1
1990-10-17 20:00:00+00:00,2.19,0.0,1
1990-10-17 21:00:00+00:00,1.04,0.0,1
1990-10-17 22:00:00+00:00,0.19,0.0,1
1990-10-17 23:00:00+00:00,-0.77,0.0,1
1990-10-18 00:00:00+00:00,-1.57,0.0,1
1990-10-18 01:00:00+00:00,-2.3,0.0,1
1990-10-18 02:00:00+00:00,-2.58,0.0,1
1990-10-18 03:00:00+00:00,-2.84,0.0,1
1990-10-18 04:00:00+00:00,-2.76,0.0,1
1990-10-18 05:00:00+00:00,-2.62,0.0,1
1990-10-18 06:00:00+00:00,-2.53,12.0,1
1990-10-18 07:00:00+00:00,-0.7,184.0,1
1990-10-18 08:00:00+00:00,4.11,353.0,1
1990-10-18 09:00:00+00:00,8.72,476.0,1
1990-10-18 10:00:00+00:00,11.79,565.0,1
1990-10-18 11:00:00+00:00,14.04,599.0,1
1990-10-18 12:00:00+00:00,15.38,578.0,1
1990-10-18 13:00:00+00:00,15.99,496.0,1
1990-10-18 14:00:00+00:00,16.13,369.0,1
1990-10-18 15:00:00+00:00,15.14,211.0,1
1990-10-18 16:00:00+00:00,14.14,22.0,1
1990-10-18 17:00:00+00:00,12.44,0.0,1
1990-10-18 18:00:00+00:00,10.07,0.0,1
1990-10-18 19:00:00+00:00,7.39,0.0,1
1990-10-18 20:00:00+00:00,5.72,0.0,1
1990-10-18 21:00:00+00:00,4.3,0.0,1
1990-10-18 22:00:00+00:00,2.19,0.0,1
1990-10-18 23:00:00+00:00,-0.57,0.0,1
1990-10-19 00:00:00+00:00,-0.7,0.0,1
1990-10-19 01:00:00+00:00,-1.05,0.0,1
1990-10-19 02:00:00+00:00,-1.35,0.0,1
1990-10-19 03:00:00+00:00,-1.65,0.0,1
1990-10-19 04:00:00+00:00,-1.9,0.0,1
1990-10-19 05:00:00+00:00,-1.96,0.0,1
1990-10-19 06:00:00+00:00,-2.09,10.0,1
1990-10-19 07:00:00+00:00,-1.32,181.0,1
1990-10-19 08:00:00+00:00,2.41,337.0,1
1990-10-19 09:00:00+00:00,6.54,465.0,1
1990-10-19 10:00:00+00:00,10.33,560.0,1
1990-10-19 11:00:00+00:00,12.99,586.0,1
1990-10-19 12:00:00+00:00,14.59,569.0,1
1990-10-19 13:00:00+00:00,15.16,488.0,1
1990-10-19 14:00:00+00:00,15.07,361.0,1
1990-10-19 15:00:00+00:00,14.04,190.0,1
1990-10-19 16:00:00+00:00,12.79,24.0,1
1990-10-19 17:00:00+00:00,10.91,0.0,1
1990-10-19 18:00:00+00:00,9.0,0.0,1
1990-10-19 19:00:00+00:00,8.46,0.0,1
1990-10-19 20:00:00+00:00,7.28,0.0,1
1990-10-19 21:00:00+00:00,6.44,0.0,1
1990-10-19 22:00:00+00:00,5.73,0.0,1
1990-10-19 23:00:00+00:00,5.19,0.0,1
1990-10-20 00:00:00+00:00,5.05,0.0,0
1990-10-20 01:00:00+00:00,5.15,0.0,0
1990-10-20 02:00:00+00:00,4.78,0.0,0
1990-10-20 03:00:00+00:00,4.44,0.0,0
1990-10-20 04:00:00+00:00,4.13,0.0,0
1990-10-20 05:00:00+00:00,3.95,0.0,0
1990-10-20 06:00:00+00:00,3.97,9.0,0
1990-10-20 07:00:00+00:00,3.96,157.0,0
1990-10-20 08:00:00+00:00,6.49,329.0,0
1990-10-20 09:00:00+00:00,11.0,444.0,0
1990-10-20 10:00:00+00:00,13.9,518.0,0
1990-10-20 11:00:00+00:00,15.32,567.0,0
1990-10-20 12:00:00+00:00,16.33,509.0,0
1990-10-20 13:00:00+00:00,16.41,430.0,0
1990-10-20 14:00:00+00:00,16.07,243.0,0
1990-10-20 15:00:00+00:00,15.12,131.0,0
1990-10-20 16:00:00+00:00,14.42,17.0,0
1990-10-20 17:00:00+00:00,13.38,0.0,0
1990-10-20 18:00:00+00:00,12.19,0.0,0
1990-10-20 19:00:00+00:00,11.64,0.0,0
1990-10-20 20:00:00+00:00,10.67,0.0,0
1990-10-20 21:00:00+00:00,9.85,0.0,0
1990-10-20 22:00:00+00:00,9.18,0.0,0
1990-10-20 23:00:00+00:00,8.57,0.0,0
1990-10-21 00:00:00+00:00,7.89,0.0,0
1990-10-21 01:00:00+00:00,7.04,0.0,0
1990-10-21 02:00:00+00:00,6.32,0.0,0
1990-10-21 03:00:00+00:00,5.66,0.0,0
1990-10-21 04:00:00+00:00,5.21,0.0,0
1990-10-21 05:00:00+00:00,5.06,0.0,0
1990-10-21 06:00:00+00:00,5.08,9.0,0
1990-10-21 07:00:00+00:00,4.63,97.0,0
1990-10-21 08:00:00+00:00,6.59,288.0,0
1990-10-21 09:00:00+00:00,7.57,422.0,0
1990-10-21 10:00:00+00:00,8.67,530.0,0
1990-10-21 11:00:00+00:00,9.59,496.0,0
1990-10-21 12:00:00+00:00,10.27,415.0,0
1990-10-21 13:00:00+00:00,10.07,376.0,0
1990-10-21 14:00:00+00:00,9.95,124.0,0
1990-10-21 15:00:00+00:00,9.45,107.0,0
1990-10-21 16:00:00+00:00,8.52,17.0,0
1990-10-21 17:00:00+00:00,6.75,0.0,0
1990-10-21 18:00:00+00:00,6.03,0.0,0
1990-10-21 19:00:00+00:00,4.68,0.0,0
1990-10-21 20:00:00+00:00,3.52,0.0,0
1990-10-21 21:00:00+00:00,1.47,0.0,0
1990-10-21 22:00:00+00:00,0.26,0.0,0
1990-10-21 23:00:00+00:00,-1.11,0.0,0
1990-10-22 00:00:00+00:00,-1.7,0.0,1
1990-10-22 01:00:00+00:00,-2.18,0.0,1
1990-10-22 02:00:00+00:00,-3.03,0.0,1
1990-10-22 03:00:00+00:00,-4.45,0.0,1
1990-10-22 04:00:00+00:00,-4.91,0.0,1
1990-10-22 05:00:00+00:00,-5.4,0.0,1
1990-10-22 06:00:00+00:00,-5.19,6.0,1
1990-10-22 07:00:00+00:00,-5.13,57.0,1
1990-10-22 08:00:00+00:00,-4.85,135.0,1
1990-10-22 09:00:00+00:00,-4.21,211.0,1
1990-10-22 10:00:00+00:00,-3.39,153.0,1
1990-10-22 11:00:00+00:00,-3.01,107.0,1
1990-10-22 12:00:00+00:00,-2.86,56.0,1
1990-10-22 13:00:00+00:00,-2.94,61.0,1
1990-10-22 14:00:00+00:00,-3.24,138.0,1
1990-10-22 15:00:00+00:00,-3.26,120.0,1
1990-10-22 16:00:00+00:00,-3.66,17.0,1
1990-10-22 17:00:00+00:00,-3.62,0.0,1
1990-10-22 18:00:00+00:00,-3.81,0.0,1
1990-10-22 19:00:00+00:00,-4.02,0.0,1
1990-10-22 20:00:00+00:00,-4.07,0.0,1
1990-10-22 21:00:00+00:00,-4.09,0.0,1
1990-10-22 22:00:00+00:00,-3.42,0.0,1
1990-10-22 23:00:00+00:00,-3.24,0.0,1
1990-10-23 00:00:00+00:00,-3.29,0.0,1
1990-10-23 01:00:00+00:00,-4.15,0.0,1
1990-10-23 02:00:00+00:00,-4.24,0.0,1
1990-10-23 03:00:00+00:00,-4.59,0.0,1
1990-10-23 04:00:00+00:00,-4.89,0.0,1
1990-10-23 05:00:00+00:00,-5.3,0.0,1
1990-10-23 06:00:00+00:00,-5.48,0.0,1
1990-10-23 07:00:00+00:00,-4.41,109.0,1
1990-10-23 08:00:00+00:00,-3.31,304.0,1
1990-10-23 09:00:00+00:00,-1.92,461.0,1
1990-10-23 10:00:00+00:00,-1.74,502.0,1
1990-10-23 11:00:00+00:00,-1.32,511.0,1
1990-10-23 12:00:00+00:00,-0.69,567.0,1
1990-10-23 13:00:00+00:00,-0.22,485.0,1
1990-10-23 14:00:00+00:00,0.53,355.0,1
1990-10-23 15:00:00+00:00,0.69,193.0,1
1990-10-23 16:00:00+00:00,0.23,13.0,1
1990-10-23 17:00:00+00:00,-0.46,0.0,1
1990-10-23 18:00:00+00:00,-1.44,0.0,1
1990-10-23 19:00:00+00:00,-2.6,0.0,1
1990-10-23 20:00:00+00:00,-4.08,0.0,1
1990-10-23 21:00:00+00:00,-5.67,0.0,1
1990-10-23 22:00:00+00:00,-6.8,0.0,1
1990-10-23 23:00:00+00:00,-7.43,0.0,1
1990-10-24 00:00:00+00:00,-8.46,0.0,1
1990-10-24 01:00:00+00:00,-8.88,0.0,1
1990-10-24 02:00:00+00:00,-9.49,0.0,1
1990-10-24 03:00:00+00:00,-9.39,0.0,1
1990-10-24 04:00:00+00:00,-9.26,0.0,1
1990-10-24 05:00:00+00:00,-8.81,0.0,1
1990-10-24 06:00:00+00:00,-8.04,0.0,1
1990-10-24 07:00:00+00:00,-4.43,121.0,1
1990-10-24 08:00:00+00:00,-0.72,265.0,1
1990-10-24 09:00:00+00:00,3.37,382.0,1
1990-10-24 10:00:00+00:00,6.01,450.0,1
1990-10-24 11:00:00+00:00,7.55,483.0,1
1990-10-24 12:00:00+00:00,8.37,491.0,1
1990-10-24 13:00:00+00:00,8.49,412.0,1
1990-10-24 14:00:00+00:00,8.13,302.0,1
1990-10-24 15:00:00+00:00,7.36,159.0,1
1990-10-24 16:00:00+00:00,6.44,11.0,1
1990-10-24 17:00:00+00:00,5.33,0.0,1
1990-10-24 18:00:00+00:00,4.02,0.0,1
1990-10-24 19:00:00+00:00,2.11,0.0,1
1990-10-24 20:00:00+00:00,0.43,0.0,1
1990-10-24 21:00:00+00:00,-0.58,0.0,1
1990-10-24 22:00:00+00:00,-1.33,0.0,1
1990-10-24 23:00:00+00:00,-1.89,0.0,1
1990-10-25 00:00:00+00:00,-2.34,0.0,1
1990-10-25 01:00:00+00:00,-2.19,0.0,1
1990-10-25 02:00:00+00:00,-1.93,0.0,1
1990-10-25 03:00:00+00:00,-1.04,0.0,1
1990-10-25 04:00:00+00:00,-0.42,0.0,1
1990-10-25 05:00:00+00:00,0.21,0.0,1
1990-10-25 06:00:00+00:00,0.75,0.0,1
1990-10-25 07:00:00+00:00,-0.77,77.0,1
1990-10-25 08:00:00+00:00,3.14,183.0,1
1990-10-25 09:00:00+00:00,6.65,298.0,1
1990-10-25 10:00:00+00:00,8.32,212.0,1
1990-10-25 11:00:00+00:00,8.94,262.0,1
1990-10-25 12:00:00+00:00,9.0,229.0,1
1990-10-25 13:00:00+00:00,8.67,134.0,1
1990-10-25 14:00:00+00:00,8.52,78.0,1
1990-10-25 15:00:00+00:00,7.85,72.0,1
1990-10-25 16:00:00+00:00,7.13,11.0,1
1990-10-25 17:00:00+00:00,6.24,0.0,1
1990-10-25 18:00:00+00:00,5.22,0.0,1
1990-10-25 19:00:00+00:00,4.2,0.0,1
1990-10-25 20:00:00+00:00,3.45,0.0,1
1990-10-25 21:00:00+00:00,2.91,0.0,1
1990-10-25 22:00:00+00:00,2.55,0.0,1
1990-10-25 23:00:00+00:00,2.52,0.0,1
1990-10-26 00:00:00+00:00,2.14,0.0,1
1990-10-26 01:00:00+00:00,1.74,0.0,1
1990-10-26 02:00:00+00:00,1.27,0.0,1
1990-10-26 03:00:00+00:00,0.72,0.0,1
1990-10-26 04:00:00+00:00,0.26,0.0,1
1990-10-26 05:00:00+00:00,-0.48,0.0,1
1990-10-26 06:00:00+00:00,-1.03,0.0,1
1990-10-26 07:00:00+00:00,-2.24,124.0,1
1990-10-26 08:00:00+00:00,-0.62,253.0,1
1990-10-26 09:00:00+00:00,2.01,370.0,1
1990-10-26 10:00:00+00:00,5.04,478.0,1
1990-10-26 11:00:00+00:00,7.36,511.0,1
1990-10-26 12:00:00+00:00,8.74,493.0,1
1990-10-26 13:00:00+00:00,9.41,431.0,1
1990-10-26 14:00:00+00:00,9.48,301.0,1
1990-10-26 15:00:00+00:00,8.89,159.0,1
1990-10-26 16:00:00+00:00,8.08,9.0,1
1990-10-26 17:00:00+00:00,7.01,0.0,1
1990-10-26 18:00:00+00:00,6.17,0.0,1
1990-10-26 19:00:00+00:00,4.42,0.0,1
1990-10-26 20:00:00+00:00,1.71,0.0,1
1990-10-26 21:00:00+00:00,-0.63,0.0,1
1990-10-26 22:00:00+00:00,-3.62,0.0,1
1990-10-26 23:00:00+00:00,-5.33,0.0,1
1990-10-27 00:00:00+00:00,-5.55,0.0,0
1990-10-27 01:00:00+00:00,-6.09,0.0,0
1990-10-27 02:00:00+00:00,-6.35,0.0,0
1990-10-27 03:00:00+00:00,-6.96,0.0,0
1990-10-27 04:00:00+00:00,-7.43,0.0,0
1990-10-27 05:00:00+00:00,-7.51,0.0,0
1990-10-27 06:00:00+00:00,-7.01,0.0,0
1990-10-27 07:00:00+00:00,-7.12,118.0,0
1990-10-27 08:00:00+00:00,-3.27,289.0,0
1990-10-27 09:00:00+00:00,2.2,407.0,0
1990-10-27 10:00:00+00:00,5.07,495.0,0
1990-10-27 11:00:00+00:00,7.58,522.0,0
1990-10-27 12:00:00+00:00,8.93,511.0,0
1990-10-27 13:00:00+00:00,9.08,431.0,0
1990-10-27 14:00:00+00:00,8.76,311.0,0
1990-10-27 15:00:00+00:00,8.02,158.0,0
1990-10-27 16:00:00+00:00,7.33,7.0,0
1990-10-27 17:00:00+00:00,5.88,0.0,0
1990-10-27 18:00:00+00:00,4.09,0.0,0
1990-10-27 19:00:00+00:00,1.61,0.0,0
1990-10-27 20:00:00+00:00,0.03,0.0,0
1990-10-27 21:00:00+00:00,-1.21,0.0,0
1990-10-27 22:00:00+00:00,-2.23,0.0,0
1990-10-27 23:00:00+00:00,-2.53,0.0,0
1990-10-28 00:00:00+00:00,-3.03,0.0,0
1990-10-28 01:00:00+00:00,-3.0,0.0,0
1990-10-28 02:00:00+00:00,-3.42,0.0,0
1990-10-28 03:00:00+00:00,-3.38,0.0,0
1990-10-28 04:00:00+00:00,-3.42,0.0,0
1990-10-28 05:00:00+00:00,-3.44,0.0,0
1990-10-28 06:00:00+00:00,-3.52,0.0,0
1990-10-28 07:00:00+00:00,-4.21,135.0,0
1990-10-28 08:00:00+00:00,-2.07,292.0,0
1990-10-28 09:00:00+00:00,2.1,414.0,0
1990-10-28 10:00:00+00:00,4.98,494.0,0
1990-10-28 11:00:00+00:00,7.02,525.0,0
1990-10-28 12:00:00+00:00,7.66,517.0,0
1990-10-28 13:00:00+00:00,7.89,422.0,0
1990-10-28 14:00:00+00:00,7.71,310.0,0
1990-10-28 15:00:00+00:00,7.21,154.0,0
1990-10-28 16:00:00+00:00,6.5,0.0,0
1990-10-28 17:00:00+00:00,5.38,0.0,0
1990-10-28 18:00:00+00:00,4.08,0.0,0
1990-10-28 19:00:00+00:00,1.53,0.0,0
1990-10-28 20:00:00+00:00,-0.57,0.0,0
1990-10-28 21:00:00+00:00,-2.03,0.0,0
1990-10-28 22:00:00+00:00,-2.46,0.0,0
1990-10-28 23:00:00+00:00,-2.89,0.0,0
1990-10-29 00:00:00+00:00,-4.47,0.0,1
1990-10-29 01:00:00+00:00,-6.01,0.0,1
1990-10-29 02:00:00+00:00,-6.22,0.0,1
1990-10-29 03:00:00+00:00,-6.85,0.0,1
1990-10-29 04:00:00+00:00,-7.14,0.0,1
1990-10-29 05:00:00+00:00,-7.21,0.0,1
1990-10-29 06:00:00+00:00,-6.97,0.0,1
1990-10-29 07:00:00+00:00,-5.41,45.0,1
1990-10-29 08:00:00+00:00,-1.95,291.0,1
1990-10-29 09:00:00+00:00,0.89,415.0,1
1990-10-29 10:00:00+00:00,3.18,501.0,1
1990-10-29 11:00:00+00:00,4.87,538.0,1
1990-10-29 12:00:00+00:00,5.66,516.0,1
1990-10-29 13:00:00+00:00,5.65,428.0,1
1990-10-29 14:00:00+00:00,5.59,307.0,1
1990-10-29 15:00:00+00:00,5.34,148.0,1
1990-10-29 16:00:00+00:00,4.38,0.0,1
1990-10-29 17:00:00+00:00,3.43,0.0,1
1990-10-29 18:00:00+00:00,2.18,0.0,1
1990-10-29 19:00:00+00:00,1.03,0.0,1
1990-10-29 20:00:00+00:00,-0.56,0.0,1
1990-10-29 21:00:00+00:00,-2.76,0.0,1
1990-10-29 22:00:00+00:00,-4.11,0.0,1
1990-10-29 23:00:00+00:00,-4.79,0.0,1
1990-10-30 00:00:00+00:00,-5.62,0.0,1
1990-10-30 01:00:00+00:00,-5.9,0.0,1
1990-10-30 02:00:00+00:00,-5.42,0.0,1
1990-10-30 03:00:00+00:00,-5.36,0.0,1
1990-10-30 04:00:00+00:00,-4.52,0.0,1
1990-10-30 05:00:00+00:00,-3.91,0.0,1
1990-10-30 06:00:00+00:00,-2.81,0.0,1
1990-10-30 07:00:00+00:00,-2.05,60.0,1
1990-10-30 08:00:00+00:00,1.08,271.0,1
1990-10-30 09:00:00+00:00,4.53,398.0,1
1990-10-30 10:00:00+00:00,7.12,482.0,1
1990-10-30 11:00:00+00:00,8.36,516.0,1
1990-10-30 12:00:00+00:00,8.79,499.0,1
1990-10-30 13:00:00+00:00,8.87,413.0,1
1990-10-30 14:00:00+00:00,8.44,296.0,1
1990-10-30 15:00:00+00:00,7.77,145.0,1
1990-10-30 16:00:00+00:00,7.06,0.0,1
1990-10-30 17:00:00+00:00,5.82,0.0,1
1990-10-30 18:00:00+00:00,4.46,0.0,1
1990-10-30 19:00:00+00:00,3.55,0.0,1
1990-10-30 20:00:00+00:00,2.31,0.0,1
1990-10-30 21:00:00+00:00,1.26,0.0,1
1990-10-30 22:00:00+00:00,0.1,0.0,1
1990-10-30 23:00:00+00:00,-0.78,0.0,1
1990-10-31 00:00:00+00:00,-1.19,0.0,1
1990-10-31 01:00:00+00:00,-1.72,0.0,1
1990-10-31 02:00:00+00:00,-2.25,0.0,1
1990-10-31 03:00:00+00:00,-2.25,0.0,1
1990-10-31 04:00:00+00:00,-1.88,0.0,1
1990-10-31 05:00:00+00:00,-1.57,0.0,1
1990-10-31 06:00:00+00:00,-1.42,0.0,1
1990-10-31 07:00:00+00:00,-2.51,44.0,1
1990-10-31 08:00:00+00:00,1.13,275.0,1
1990-10-31 09:00:00+00:00,5.39,396.0,1
1990-10-31 10:00:00+00:00,8.36,478.0,1
1990-10-31 11:00:00+00:00,9.97,509.0,1
1990-10-31 12:00:00+00:00,10.67,498.0,1
1990-10-31 13:00:00+00:00,10.73,413.0,1
1990-10-31 14:00:00+00:00,10.13,294.0,1
1990-10-31 15:00:00+00:00,9.58,138.0,1
1990-10-31 16:00:00+00:00,4.34,0.0,1
1990-10-31 17:00:00+00:00,4.4,0.0,1
1990-10-31 18:00:00+00:00,4.45,0.0,1
1990-10-31 19:00:00+00:00,4.51,0.0,1
1990-10-31 20:00:00+00:00,4.56,0.0,1
1990-10-31 21:00:00+00:00,4.62,0.0,1
1990-10-31 22:00:00+00:00,4.68,0.0,1
1990-10-31 23:00:00+00:00,4.73,0.0,1
1990-11-01 00:00:00+00:00,4.79,0.0,1
1990-11-01 01:00:00+00:00,4.84,0.0,1
1990-11-01 02:00:00+00:00,4.9,0.0,1
1990-11-01 03:00:00+00:00,4.96,0.0,1
1990-11-01 04:00:00+00:00,5.01,0.0,1
1990-11-01 05:00:00+00:00,5.07,0.0,1
1990-11-01 06:00:00+00:00,5.12,0.0,1
1990-11-01 07:00:00+00:00,5.18,23.0,1
1990-11-01 08:00:00+00:00,5.64,230.0,1
1990-11-01 09:00:00+00:00,6.72,284.0,1
1990-11-01 10:00:00+00:00,6.48,384.0,1
1990-11-01 11:00:00+00:00,7.04,493.0,1
1990-11-01 12:00:00+00:00,7.57,494.0,1
1990-11-01 13:00:00+00:00,7.53,417.0,1
1990-11-01 14:00:00+00:00,7.14,213.0,1
1990-11-01 15:00:00+00:00,6.42,189.0,1
1990-11-01 16:00:00+00:00,5.32,16.0,1
1990-11-01 17:00:00+00:00,4.67,0.0,1
1990-11-01 18:00:00+00:00,4.0,0.0,1
1990-11-01 19:00:00+00:00,3.48,0.0,1
1990-11-01 20:00:00+00:00,2.71,0.0,1
1990-11-01 21:00:00+00:00,2.24,0.0,1
1990-11-01 22:00:00+00:00,1.17,0.0,1
1990-11-01 23:00:00+00:00,0.18,0.0,1
1990-11-02 00:00:00+00:00,-0.62,0.0,1
1990-11-02 01:00:00+00:00,-1.58,0.0,1
1990-11-02 02:00:00+00:00,-2.54,0.0,1
1990-11-02 03:00:00+00:00,-2.76,0.0,1
1990-11-02 04:00:00+00:00,-2.84,0.0,1
1990-11-02 05:00:00+00:00,-2.38,0.0,1
1990-11-02 06:00:00+00:00,-1.5,0.0,1
1990-11-02 07:00:00+00:00,1.73,35.0,1
1990-11-02 08:00:00+00:00,2.57,137.0,1
1990-11-02 09:00:00+00:00,4.37,137.0,1
1990-11-02 10:00:00+00:00,5.92,345.0,1
1990-11-02 11:00:00+00:00,7.4,278.0,1
1990-11-02 12:00:00+00:00,8.47,331.0,1
1990-11-02 13:00:00+00:00,9.79,320.0,1
1990-11-02 14:00:00+00:00,10.25,240.0,1
1990-11-02 15:00:00+00:00,10.13,101.0,1
1990-11-02 16:00:00+00:00,9.86,0.0,1
1990-11-02 17:00:00+00:00,9.02,0.0,1
1990-11-02 18:00:00+00:00,8.21,0.0,1
1990-11-02 19:00:00+00:00,7.31,0.0,1
1990-11-02 20:00:00+00:00,6.64,0.0,1
1990-11-02 21:00:00+00:00,6.09,0.0,1
1990-11-02 22:00:00+00:00,5.83,0.0,1
1990-11-02 23:00:00+00:00,5.63,0.0,1
1990-11-03 00:00:00+00:00,5.58,0.0,0
1990-11-03 01:00:00+00:00,5.68,0.0,0
1990-11-03 02:00:00+00:00,5.75,0.0,0
1990-11-03 03:00:00+00:00,5.64,0.0,0
1990-11-03 04:00:00+00:00,5.25,0.0,0
1990-11-03 05:00:00+00:00,4.8,0.0,0
1990-11-03 06:00:00+00:00,3.66,0.0,0
1990-11-03 07:00:00+00:00,4.41,27.0,0
1990-11-03 08:00:00+00:00,4.82,219.0,0
1990-11-03 09:00:00+00:00,8.59,361.0,0
1990-11-03 10:00:00+00:00,10.91,458.0,0
1990-11-03 11:00:00+00:00,12.08,506.0,0
1990-11-03 12:00:00+00:00,13.04,499.0,0
1990-11-03 13:00:00+00:00,13.44,439.0,0
1990-11-03 14:00:00+00:00,13.48,318.0,0
1990-11-03 15:00:00+00:00,13.03,140.0,0
1990-11-03 16:00:00+00:00,12.51,0.0,0
1990-11-03 17:00:00+00:00,11.56,0.0,0
1990-11-03 18:00:00+00:00,10.39,0.0,0
1990-11-03 19:00:00+00:00,8.16,0.0,0
1990-11-03 20:00:00+00:00,7.23,0.0,0
1990-11-03 21:00:00+00:00,6.51,0.0,0
1990-11-03 22:00:00+00:00,5.96,0.0,0
1990-11-03 23:00:00+00:00,5.31,0.0,0
1990-11-04 00:00:00+00:00,4.68,0.0,0
1990-11-04 01:00:00+00:00,3.5,0.0,0
1990-11-04 02:00:00+00:00,2.69,0.0,0
1990-11-04 03:00:00+00:00,2.14,0.0,0
1990-11-04 04:00:00+00:00,2.01,0.0,0
1990-11-04 05:00:00+00:00,2.05,0.0,0
1990-11-04 06:00:00+00:00,2.23,0.0,0
1990-11-04 07:00:00+00:00,2.71,30.0,0
1990-11-04 08:00:00+00:00,3.99,56.0,0
1990-11-04 09:00:00+00:00,6.24,55.0,0
1990-11-04 10:00:00+00:00,7.48,306.0,0
1990-11-04 11:00:00+00:00,8.66,400.0,0
1990-11-04 12:00:00+00:00,9.07,323.0,0
1990-11-04 13:00:00+00:00,9.35,305.0,0
1990-11-04 14:00:00+00:00,9.02,209.0,0
1990-11-04 15:00:00+00:00,8.49,90.0,0
1990-11-04 16:00:00+00:00,7.75,0.0,0
1990-11-04 17:00:00+00:00,7.02,0.0,0
1990-11-04 18:00:00+00:00,6.48,0.0,0
1990-11-04 19:00:00+00:00,6.15,0.0,0
1990-11-04 20:00:00+00:00,5.96,0.0,0
1990-11-04 21:00:00+00:00,5.54,0.0,0
1990-11-04 22:00:00+00:00,5.14,0.0,0
1990-11-04 23:00:00+00:00,4.79,0.0,0
1990-11-05 00:00:00+00:00,4.84,0.0,1
1990-11-05 01:00:00+00:00,3.66,0.0,1
1990-11-05 02:00:00+00:00,2.25,0.0,1
1990-11-05 03:00:00+00:00,1.83,0.0,1
1990-11-05 04:00:00+00:00,1.52,0.0,1
1990-11-05 05:00:00+00:00,1.32,0.0,1
1990-11-05 06:00:00+00:00,1.15,0.0,1
1990-11-05 07:00:00+00:00,1.3,28.0,1
1990-11-05 08:00:00+00:00,1.58,77.0,1
1990-11-05 09:00:00+00:00,1.87,52.0,1
1990-11-05 10:00:00+00:00,2.39,57.0,1
1990-11-05 11:00:00+00:00,2.73,226.0,1
1990-11-05 12:00:00+00:00,2.68,367.0,1
1990-11-05 13:00:00+00:00,2.94,212.0,1
1990-11-05 14:00:00+00:00,2.63,113.0,1
1990-11-05 15:00:00+00:00,2.41,93.0,1
1990-11-05 16:00:00+00:00,1.73,0.0,1
1990-11-05 17:00:00+00:00,1.22,0.0,1
1990-11-05 18:00:00+00:00,0.98,0.0,1
1990-11-05 19:00:00+00:00,0.94,0.0,1
1990-11-05 20:00:00+00:00,0.82,0.0,1
1990-11-05 21:00:00+00:00,0.72,0.0,1
1990-11-05 22:00:00+00:00,0.53,0.0,1
1990-11-05 23:00:00+00:00,0.34,0.0,1
1990-11-06 00:00:00+00:00,0.11,0.0,1
1990-11-06 01:00:00+00:00,-0.87,0.0,1
1990-11-06 02:00:00+00:00,-1.61,0.0,1
1990-11-06 03:00:00+00:00,-2.09,0.0,1
1990-11-06 04:00:00+00:00,-2.56,0.0,1
1990-11-06 05:00:00+00:00,-3.16,0.0,1
1990-11-06 06:00:00+00:00,-3.6,0.0,1
1990-11-06 07:00:00+00:00,-0.07,20.0,1
1990-11-06 08:00:00+00:00,0.68,215.0,1
1990-11-06 09:00:00+00:00,2.67,243.0,1
1990-11-06 10:00:00+00:00,4.77,398.0,1
1990-11-06 11:00:00+00:00,6.33,343.0,1
1990-11-06 12:00:00+00:00,7.0,381.0,1
1990-11-06 13:00:00+00:00,7.57,224.0,1
1990-11-06 14:00:00+00:00,7.67,108.0,1
1990-11-06 15:00:00+00:00,6.86,88.0,1
1990-11-06 16:00:00+00:00,5.66,0.0,1
1990-11-06 17:00:00+00:00,5.14,0.0,1
1990-11-06 18:00:00+00:00,4.3,0.0,1
1990-11-06 19:00:00+00:00,3.68,0.0,1
1990-11-06 20:00:00+00:00,2.44,0.0,1
1990-11-06 21:00:00+00:00,0.81,0.0,1
1990-11-06 22:00:00+00:00,-1.33,0.0,1
1990-11-06 23:00:00+00:00,-2.17,0.0,1
1990-11-07 00:00:00+00:00,-2.38,0.0,1
1990-11-07 01:00:00+00:00,-2.67,0.0,1
1990-11-07 02:00:00+00:00,-3.4,0.0,1
1990-11-07 03:00:00+00:00,-3.42,0.0,1
1990-11-07 04:00:00+00:00,-4.15,0.0,1
1990-11-07 05:00:00+00:00,-4.44,0.0,1
1990-11-07 06:00:00+00:00,-4.22,0.0,1
1990-11-07 07:00:00+00:00,-3.63,19.0,1
1990-11-07 08:00:00+00:00,-0.7,203.0,1
1990-11-07 09:00:00+00:00,3.35,322.0,1
1990-11-07 10:00:00+00:00,6.16,419.0,1
1990-11-07 11:00:00+00:00,7.07,372.0,1
1990-11-07 12:00:00+00:00,7.49,273.0,1
1990-11-07 13:00:00+00:00,8.29,375.0,1
1990-11-07 14:00:00+00:00,7.93,309.0,1
1990-11-07 15:00:00+00:00,7.32,47.0,1
1990-11-07 16:00:00+00:00,6.92,0.0,1
1990-11-07 17:00:00+00:00,6.23,0.0,1
1990-11-07 18:00:00+00:00,5.53,0.0,1
1990-11-07 19:00:00+00:00,5.14,0.0,1
1990-11-07 20:00:00+00:00,4.28,0.0,1
1990-11-07 21:00:00+00:00,3.36,0.0,1
1990-11-07 22:00:00+00:00,2.9,0.0,1
1990-11-07 23:00:00+00:00,2.47,0.0,1
1990-11-08 00:00:00+00:00,1.93,0.0,1
1990-11-08 01:00:00+00:00,1.37,0.0,1
1990-11-08 02:00:00+00:00,0.49,0.0,1
1990-11-08 03:00:00+00:00,0.39,0.0,1
1990-11-08 04:00:00+00:00,0.86,0.0,1
1990-11-08 05:00:00+00:00,1.55,0.0,1
1990-11-08 06:00:00+00:00,1.71,0.0,1
1990-11-08 07:00:00+00:00,2.29,22.0,1
1990-11-08 08:00:00+00:00,2.27,150.0,1
1990-11-08 09:00:00+00:00,4.98,296.0,1
1990-11-08 10:00:00+00:00,7.6,431.0,1
1990-11-08 11:00:00+00:00,9.05,457.0,1
1990-11-08 12:00:00+00:00,9.89,455.0,1
1990-11-08 13:00:00+00:00,10.09,379.0,1
1990-11-08 14:00:00+00:00,9.87,294.0,1
1990-11-08 15:00:00+00:00,8.87,49.0,1
1990-11-08 16:00:00+00:00,8.55,0.0,1
1990-11-08 17:00:00+00:00,7.14,0.0,1
1990-11-08 18:00:00+00:00,5.22,0.0,1
1990-11-08 19:00:00+00:00,3.94,0.0,1
1990-11-08 20:00:00+00:00,2.66,0.0,1
1990-11-08 21:00:00+00:00,0.61,0.0,1
1990-11-08 22:00:00+00:00,-0.66,0.0,1
1990-11-08 23:00:00+00:00,-1.4,0.0,1
1990-11-09 00:00:00+00:00,-2.23,0.0,1
1990-11-09 01:00:00+00:00,-2.61,0.0,1
1990-11-09 02:00:00+00:00,-2.83,0.0,1
1990-11-09 03:00:00+00:00,-3.06,0.0,1
1990-11-09 04:00:00+00:00,-3.02,0.0,1
1990-11-09 05:00:00+00:00,-2.98,0.0,1
1990-11-09 06:00:00+00:00,-3.13,0.0,1
1990-11-09 07:00:00+00:00,-2.8,17.0,1
1990-11-09 08:00:00+00:00,-0.54,158.0,1
1990-11-09 09:00:00+00:00,2.23,242.0,1
1990-11-09 10:00:00+00:00,4.91,404.0,1
1990-11-09 11:00:00+00:00,6.96,474.0,1
1990-11-09 12:00:00+00:00,7.76,465.0,1
1990-11-09 13:00:00+00:00,8.07,396.0,1
1990-11-09 14:00:00+00:00,7.84,304.0,1
1990-11-09 15:00:00+00:00,7.43,50.0,1
1990-11-09 16:00:00+00:00,7.03,0.0,1
1990-11-09 17:00:00+00:00,6.04,0.0,1
1990-11-09 18:00:00+00:00,4.52,0.0,1
1990-11-09 19:00:00+00:00,4.14,0.0,1
1990-11-09 20:00:00+00:00,3.17,0.0,1
1990-11-09 21:00:00+00:00,1.98,0.0,1
1990-11-09 22:00:00+00:00,1.05,0.0,1
1990-11-09 23:00:00+00:00,0.61,0.0,1
1990-11-10 00:00:00+00:00,-0.68,0.0,0
1990-11-10 01:00:00+00:00,-1.71,0.0,0
1990-11-10 02:00:00+00:00,-2.34,0.0,0
1990-11-10 03:00:00+00:00,-2.52,0.0,0
1990-11-10 04:00:00+00:00,-2.0,0.0,0
1990-11-10 05:00:00+00:00,-1.69,0.0,0
1990-11-10 06:00:00+00:00,-1.23,0.0,0
1990-11-10 07:00:00+00:00,-0.59,21.0,0
1990-11-10 08:00:00+00:00,0.19,105.0,0
1990-11-10 09:00:00+00:00,2.27,151.0,0
1990-11-10 10:00:00+00:00,4.16,296.0,0
1990-11-10 11:00:00+00:00,5.66,428.0,0
1990-11-10 12:00:00+00:00,6.37,454.0,0
1990-11-10 13:00:00+00:00,6.62,397.0,0
1990-11-10 14:00:00+00:00,6.21,287.0,0
1990-11-10 15:00:00+00:00,5.44,51.0,0
1990-11-10 16:00:00+00:00,4.63,0.0,0
1990-11-10 17:00:00+00:00,3.87,0.0,0
1990-11-10 18:00:00+00:00,3.34,0.0,0
1990-11-10 19:00:00+00:00,2.82,0.0,0
1990-11-10 20:00:00+00:00,2.49,0.0,0
1990-11-10 21:00:00+00:00,2.14,0.0,0
1990-11-10 22:00:00+00:00,1.96,0.0,0
1990-11-10 23:00:00+00:00,1.65,0.0,0
1990-11-11 00:00:00+00:00,1.44,0.0,0
1990-11-11 01:00:00+00:00,1.12,0.0,0
1990-11-11 02:00:00+00:00,0.74,0.0,0
1990-11-11 03:00:00+00:00,0.33,0.0,0
1990-11-11 04:00:00+00:00,-0.04,0.0,0
1990-11-11 05:00:00+00:00,-0.21,0.0,0
1990-11-11 06:00:00+00:00,-0.37,0.0,0
1990-11-11 07:00:00+00:00,-2.02,17.0,0
1990-11-11 08:00:00+00:00,-0.26,174.0,0
1990-11-11 09:00:00+00:00,4.15,307.0,0
1990-11-11 10:00:00+00:00,7.05,427.0,0
1990-11-11 11:00:00+00:00,8.86,461.0,0
1990-11-11 12:00:00+00:00,9.75,445.0,0
1990-11-11 13:00:00+00:00,9.83,395.0,0
1990-11-11 14:00:00+00:00,9.17,284.0,0
1990-11-11 15:00:00+00:00,8.16,34.0,0
1990-11-11 16:00:00+00:00,7.4,0.0,0
1990-11-11 17:00:00+00:00,6.34,0.0,0
1990-11-11 18:00:00+00:00,5.43,0.0,0
1990-11-11 19:00:00+00:00,3.78,0.0,0
1990-11-11 20:00:00+00:00,2.92,0.0,0
1990-11-11 21:00:00+00:00,2.24,0.0,0
1990-11-11 22:00:00+00:00,1.72,0.0,0
1990-11-11 23:00:00+00:00,1.26,0.0,0
1990-11-12 00:00:00+00:00,1.35,0.0,1
1990-11-12 01:00:00+00:00,0.92,0.0,1
1990-11-12 02:00:00+00:00,0.23,0.0,1
1990-11-12 03:00:00+00:00,0.15,0.0,1
1990-11-12 04:00:00+00:00,-0.35,0.0,1
1990-11-12 05:00:00+00:00,-3.22,0.0,1
1990-11-12 06:00:00+00:00,-4.96,0.0,1
1990-11-12 07:00:00+00:00,-4.16,12.0,1
1990-11-12 08:00:00+00:00,-1.78,167.0,1
1990-11-12 09:00:00+00:00,2.32,314.0,1
1990-11-12 10:00:00+00:00,4.99,393.0,1
1990-11-12 11:00:00+00:00,6.43,443.0,1
1990-11-12 12:00:00+00:00,7.23,454.0,1
1990-11-12 13:00:00+00:00,7.38,321.0,1
1990-11-12 14:00:00+00:00,6.81,183.0,1
1990-11-12 15:00:00+00:00,6.1,65.0,1
1990-11-12 16:00:00+00:00,5.38,0.0,1
1990-11-12 17:00:00+00:00,4.83,0.0,1
1990-11-12 18:00:00+00:00,4.06,0.0,1
1990-11-12 19:00:00+00:00,1.96,0.0,1
1990-11-12 20:00:00+00:00,1.19,0.0,1
1990-11-12 21:00:00+00:00,0.74,0.0,1
1990-11-12 22:00:00+00:00,0.38,0.0,1
1990-11-12 23:00:00+00:00,0.12,0.0,1
1990-11-13 00:00:00+00:00,0.2,0.0,1
1990-11-13 01:00:00+00:00,0.14,0.0,1
1990-11-13 02:00:00+00:00,-0.19,0.0,1
1990-11-13 03:00:00+00:00,-0.06,0.0,1
1990-11-13 04:00:00+00:00,-0.14,0.0,1
1990-11-13 05:00:00+00:00,-0.02,0.0,1
1990-11-13 06:00:00+00:00,-0.4,0.0,1
1990-11-13 07:00:00+00:00,-0.39,15.0,1
1990-11-13 08:00:00+00:00,0.96,142.0,1
1990-11-13 09:00:00+00:00,3.13,291.0,1
1990-11-13 10:00:00+00:00,4.86,369.0,1
1990-11-13 11:00:00+00:00,6.23,424.0,1
1990-11-13 12:00:00+00:00,7.07,435.0,1
1990-11-13 13:00:00+00:00,7.21,377.0,1
1990-11-13 14:00:00+00:00,7.3,278.0,1
1990-11-13 15:00:00+00:00,6.9,31.0,1
1990-11-13 16:00:00+00:00,6.52,0.0,1
1990-11-13 17:00:00+00:00,5.51,0.0,1
1990-11-13 18:00:00+00:00,4.3,0.0,1
1990-11-13 19:00:00+00:00,3.11,0.0,1
1990-11-13 20:00:00+00:00,2.0,0.0,1
1990-11-13 21:00:00+00:00,0.22,0.0,1
1990-11-13 22:00:00+00:00,-1.67,0.0,1
1990-11-13 23:00:00+00:00,-2.79,0.0,1
1990-11-14 00:00:00+00:00,-3.28,0.0,1
1990-11-14 01:00:00+00:00,-3.6,0.0,1
1990-11-14 02:00:00+00:00,-3.71,0.0,1
1990-11-14 03:00:00+00:00,-3.83,0.0,1
1990-11-14 04:00:00+00:00,-3.9,0.0,1
1990-11-14 05:00:00+00:00,-4.08,0.0,1
1990-11-14 06:00:00+00:00,-4.28,0.0,1
1990-11-14 07:00:00+00:00,-2.91,13.0,1
1990-11-14 08:00:00+00:00,-0.89,159.0,1
1990-11-14 09:00:00+00:00,2.65,274.0,1
1990-11-14 10:00:00+00:00,5.13,393.0,1
1990-11-14 11:00:00+00:00,6.85,442.0,1
1990-11-14 12:00:00+00:00,7.61,434.0,1
1990-11-14 13:00:00+00:00,7.62,376.0,1
1990-11-14 14:00:00+00:00,7.33,276.0,1
1990-11-14 15:00:00+00:00,6.63,35.0,1
1990-11-14 16:00:00+00:00,5.84,0.0,1
1990-11-14 17:00:00+00:00,4.83,0.0,1
1990-11-14 18:00:00+00:00,3.67,0.0,1
1990-11-14 19:00:00+00:00,2.63,0.0,1
1990-11-14 20:00:00+00:00,2.0,0.0,1
1990-11-14 21:00:00+00:00,1.52,0.0,1
1990-11-14 22:00:00+00:00,1.12,0.0,1
1990-11-14 23:00:00+00:00,0.92,0.0,1
1990-11-15 00:00:00+00:00,0.82,0.0,1
1990-11-15 01:00:00+00:00,0.53,0.0,1
1990-11-15 02:00:00+00:00,0.21,0.0,1
1990-11-15 03:00:00+00:00,0.31,0.0,1
1990-11-15 04:00:00+00:00,0.47,0.0,1
1990-11-15 05:00:00+00:00,0.24,0.0,1
1990-11-15 06:00:00+00:00,0.1,0.0,1
1990-11-15 07:00:00+00:00,-0.52,12.0,1
1990-11-15 08:00:00+00:00,0.34,157.0,1
1990-11-15 09:00:00+00:00,3.67,294.0,1
1990-11-15 10:00:00+00:00,5.95,395.0,1
1990-11-15 11:00:00+00:00,7.28,454.0,1
1990-11-15 12:00:00+00:00,7.95,439.0,1
1990-11-15 13:00:00+00:00,8.01,374.0,1
1990-11-15 14:00:00+00:00,7.68,266.0,1
1990-11-15 15:00:00+00:00,6.78,53.0,1
1990-11-15 16:00:00+00:00,6.14,0.0,1
1990-11-15 17:00:00+00:00,5.34,0.0,1
1990-11-15 18:00:00+00:00,4.84,0.0,1
1990-11-15 19:00:00+00:00,4.13,0.0,1
1990-11-15 20:00:00+00:00,3.84,0.0,1
1990-11-15 21:00:00+00:00,3.58,0.0,1
1990-11-15 22:00:00+00:00,3.3,0.0,1
1990-11-15 23:00:00+00:00,3.08,0.0,1
1990-11-16 00:00:00+00:00,2.86,0.0,1
1990-11-16 01:00:00+00:00,2.81,0.0,1
1990-11-16 02:00:00+00:00,1.75,0.0,1
1990-11-16 03:00:00+00:00,-0.6,0.0,1
1990-11-16 04:00:00+00:00,-0.69,0.0,1
1990-11-16 05:00:00+00:00,-1.2,0.0,1
1990-11-16 06:00:00+00:00,-1.23,0.0,1
1990-11-16 07:00:00+00:00,-0.62,10.0,1
1990-11-16 08:00:00+00:00,0.42,41.0,1
1990-11-16 09:00:00+00:00,1.79,84.0,1
1990-11-16 10:00:00+00:00,2.9,84.0,1
1990-11-16 11:00:00+00:00,3.56,201.0,1
1990-11-16 12:00:00+00:00,3.59,149.0,1
1990-11-16 13:00:00+00:00,3.36,69.0,1
1990-11-16 14:00:00+00:00,2.78,72.0,1
1990-11-16 15:00:00+00:00,1.9,48.0,1
1990-11-16 16:00:00+00:00,0.99,0.0,1
1990-11-16 17:00:00+00:00,0.65,0.0,1
1990-11-16 18:00:00+00:00,0.24,0.0,1
1990-11-16 19:00:00+00:00,0.03,0.0,1
1990-11-16 20:00:00+00:00,-0.49,0.0,1
1990-11-16 21:00:00+00:00,-0.98,0.0,1
1990-11-16 22:00:00+00:00,-2.09,0.0,1
1990-11-16 23:00:00+00:00,-2.37,0.0,1
1990-11-17 00:00:00+00:00,-2.76,0.0,0
1990-11-17 01:00:00+00:00,-2.86,0.0,0
1990-11-17 02:00:00+00:00,-3.52,0.0,0
1990-11-17 03:00:00+00:00,-3.64,0.0,0
1990-11-17 04:00:00+00:00,-4.04,0.0,0
1990-11-17 05:00:00+00:00,-4.73,0.0,0
1990-11-17 06:00:00+00:00,-4.84,0.0,0
1990-11-17 07:00:00+00:00,-4.49,8.0,0
1990-11-17 08:00:00+00:00,-4.23,146.0,0
1990-11-17 09:00:00+00:00,-4.05,291.0,0
1990-11-17 10:00:00+00:00,-3.43,376.0,0
1990-11-17 11:00:00+00:00,-2.89,411.0,0
1990-11-17 12:00:00+00:00,-2.32,438.0,0
1990-11-17 13:00:00+00:00,-2.4,389.0,0
1990-11-17 14:00:00+00:00,-3.22,255.0,0
1990-11-17 15:00:00+00:00,-4.05,58.0,0
1990-11-17 16:00:00+00:00,-3.68,0.0,0
1990-11-17 17:00:00+00:00,-4.2,0.0,0
1990-11-17 18:00:00+00:00,-4.65,0.0,0
1990-11-17 19:00:00+00:00,-4.49,0.0,0
1990-11-17 20:00:00+00:00,-4.76,0.0,0
1990-11-17 21:00:00+00:00,-4.91,0.0,0
1990-11-17 22:00:00+00:00,-5.04,0.0,0
1990-11-17 23:00:00+00:00,-5.18,0.0,0
1990-11-18 00:00:00+00:00,-5.35,0.0,0
1990-11-18 01:00:00+00:00,-5.6,0.0,0
1990-11-18 02:00:00+00:00,-5.88,0.0,0
1990-11-18 03:00:00+00:00,-6.43,0.0,0
1990-11-18 04:00:00+00:00,-6.58,0.0,0
1990-11-18 05:00:00+00:00,-6.89,0.0,0
1990-11-18 06:00:00+00:00,-7.0,0.0,0
1990-11-18 07:00:00+00:00,-6.49,8.0,0
1990-11-18 08:00:00+00:00,-6.13,149.0,0
1990-11-18 09:00:00+00:00,-5.33,304.0,0
1990-11-18 10:00:00+00:00,-4.71,392.0,0
1990-11-18 11:00:00+00:00,-3.64,426.0,0
1990-11-18 12:00:00+00:00,-2.93,437.0,0
1990-11-18 13:00:00+00:00,-3.18,380.0,0
1990-11-18 14:00:00+00:00,-3.99,271.0,0
1990-11-18 15:00:00+00:00,-4.92,28.0,0
1990-11-18 16:00:00+00:00,-4.37,0.0,0
1990-11-18 17:00:00+00:00,-4.87,0.0,0
1990-11-18 18:00:00+00:00,-5.13,0.0,0
1990-11-18 19:00:00+00:00,-5.63,0.0,0
1990-11-18 20:00:00+00:00,-5.83,0.0,0
1990-11-18 21:00:00+00:00,-5.98,0.0,0
1990-11-18 22:00:00+00:00,-6.15,0.0,0
1990-11-18 23:00:00+00:00,-6.58,0.0,0
1990-11-19 00:00:00+00:00,-6.92,0.0,1
1990-11-19 01:00:00+00:00,-7.09,0.0,1
1990-11-19 02:00:00+00:00,-7.25,0.0,1
1990-11-19 03:00:00+00:00,-7.58,0.0,1
1990-11-19 04:00:00+00:00,-8.09,0.0,1
1990-11-19 05:00:00+00:00,-8.59,0.0,1
1990-11-19 06:00:00+00:00,-8.91,0.0,1
1990-11-19 07:00:00+00:00,-10.44,6.0,1
1990-11-19 08:00:00+00:00,-9.15,161.0,1
1990-11-19 09:00:00+00:00,-6.31,297.0,1
1990-11-19 10:00:00+00:00,-4.75,403.0,1
1990-11-19 11:00:00+00:00,-4.73,447.0,1
1990-11-19 12:00:00+00:00,-3.2,429.0,1
1990-11-19 13:00:00+00:00,-3.2,381.0,1
1990-11-19 14:00:00+00:00,-4.2,271.0,1
1990-11-19 15:00:00+00:00,-3.38,54.0,1
1990-11-19 16:00:00+00:00,-3.87,0.0,1
1990-11-19 17:00:00+00:00,-4.3,0.0,1
1990-11-19 18:00:00+00:00,-4.64,0.0,1
1990-11-19 19:00:00+00:00,-5.19,0.0,1
1990-11-19 20:00:00+00:00,-5.61,0.0,1
1990-11-19 21:00:00+00:00,-5.98,0.0,1
1990-11-19 22:00:00+00:00,-6.35,0.0,1
1990-11-19 23:00:00+00:00,-6.69,0.0,1
1990-11-20 00:00:00+00:00,-6.94,0.0,1
1990-11-20 01:00:00+00:00,-7.04,0.0,1
1990-11-20 02:00:00+00:00,-7.09,0.0,1
1990-11-20 03:00:00+00:00,-7.07,0.0,1
1990-11-20 04:00:00+00:00,-7.01,0.0,1
1990-11-20 05:00:00+00:00,-6.9,0.0,1
1990-11-20 06:00:00+00:00,-6.78,0.0,1
1990-11-20 07:00:00+00:00,-8.13,0.0,1
1990-11-20 08:00:00+00:00,-6.82,144.0,1
1990-11-20 09:00:00+00:00,-3.24,276.0,1
1990-11-20 10:00:00+00:00,-1.03,377.0,1
1990-11-20 11:00:00+00:00,0.0,439.0,1
1990-11-20 12:00:00+00:00,0.8,420.0,1
1990-11-20 13:00:00+00:00,0.71,347.0,1
1990-11-20 14:00:00+00:00,0.22,258.0,1
1990-11-20 15:00:00+00:00,0.68,38.0,1
1990-11-20 16:00:00+00:00,0.15,0.0,1
1990-11-20 17:00:00+00:00,-0.39,0.0,1
1990-11-20 18:00:00+00:00,-0.85,0.0,1
1990-11-20 19:00:00+00:00,-1.32,0.0,1
1990-11-20 20:00:00+00:00,-1.55,0.0,1
1990-11-20 21:00:00+00:00,-1.75,0.0,1
1990-11-20 22:00:00+00:00,-1.9,0.0,1
1990-11-20 23:00:00+00:00,-2.15,0.0,1
1990-11-21 00:00:00+00:00,-2.38,0.0,1
1990-11-21 01:00:00+00:00,-2.54,0.0,1
1990-11-21 02:00:00+00:00,-2.94,0.0,1
1990-11-21 03:00:00+00:00,-3.32,0.0,1
1990-11-21 04:00:00+00:00,-3.73,0.0,1
1990-11-21 05:00:00+00:00,-4.07,0.0,1
1990-11-21 06:00:00+00:00,-4.35,0.0,1
1990-11-21 07:00:00+00:00,-4.95,0.0,1
1990-11-21 08:00:00+00:00,-4.32,138.0,1
1990-11-21 09:00:00+00:00,-1.14,275.0,1
1990-11-21 10:00:00+00:00,0.38,378.0,1
1990-11-21 11:00:00+00:00,0.35,420.0,1
1990-11-21 12:00:00+00:00,0.95,420.0,1
1990-11-21 13:00:00+00:00,1.26,329.0,1
1990-11-21 14:00:00+00:00,0.56,167.0,1
1990-11-21 15:00:00+00:00,-0.72,57.0,1
1990-11-21 16:00:00+00:00,-2.04,0.0,1
1990-11-21 17:00:00+00:00,-2.07,0.0,1
1990-11-21 18:00:00+00:00,-2.36,0.0,1
1990-11-21 19:00:00+00:00,-2.86,0.0,1
1990-11-21 20:00:00+00:00,-3.31,0.0,1
1990-11-21 21:00:00+00:00,-3.0,0.0,1
1990-11-21 22:00:00+00:00,-2.97,0.0,1
1990-11-21 23:00:00+00:00,-3.47,0.0,1
1990-11-22 00:00:00+00:00,-3.93,0.0,1
1990-11-22 01:00:00+00:00,-4.62,0.0,1
1990-11-22 02:00:00+00:00,-5.03,0.0,1
1990-11-22 03:00:00+00:00,-5.62,0.0,1
1990-11-22 04:00:00+00:00,-6.18,0.0,1
1990-11-22 05:00:00+00:00,-6.07,0.0,1
1990-11-22 06:00:00+00:00,-6.06,0.0,1
1990-11-22 07:00:00+00:00,-6.84,0.0,1
1990-11-22 08:00:00+00:00,-5.45,136.0,1
1990-11-22 09:00:00+00:00,-3.7,280.0,1
1990-11-22 10:00:00+00:00,-2.2,368.0,1
1990-11-22 11:00:00+00:00,-2.25,428.0,1
1990-11-22 12:00:00+00:00,-0.89,421.0,1
1990-11-22 13:00:00+00:00,-1.43,357.0,1
1990-11-22 14:00:00+00:00,-2.52,260.0,1
1990-11-22 15:00:00+00:00,-4.03,30.0,1
1990-11-22 16:00:00+00:00,-3.79,0.0,1
1990-11-22 17:00:00+00:00,-4.49,0.0,1
1990-11-22 18:00:00+00:00,-5.0,0.0,1
1990-11-22 19:00:00+00:00,-5.53,0.0,1
1990-11-22 20:00:00+00:00,-5.47,0.0,1
1990-11-22 21:00:00+00:00,-5.78,0.0,1
1990-11-22 22:00:00+00:00,-6.03,0.0,1
1990-11-22 23:00:00+00:00,-6.26,0.0,1
1990-11-23 00:00:00+00:00,-6.47,0.0,1
1990-11-23 01:00:00+00:00,-6.86,0.0,1
1990-11-23 02:00:00+00:00,-7.14,0.0,1
1990-11-23 03:00:00+00:00,-7.65,0.0,1
1990-11-23 04:00:00+00:00,-8.06,0.0,1
1990-11-23 05:00:00+00:00,-8.24,0.0,1
1990-11-23 06:00:00+00:00,-8.34,0.0,1
1990-11-23 07:00:00+00:00,-8.12,0.0,1
1990-11-23 08:00:00+00:00,-7.67,131.0,1
1990-11-23 09:00:00+00:00,-6.41,269.0,1
1990-11-23 10:00:00+00:00,-8.18,0.0,1
1990-11-23 11:00:00+00:00,-4.65,424.0,1
1990-11-23 12:00:00+00:00,-3.91,397.0,1
1990-11-23 13:00:00+00:00,-3.66,352.0,1
1990-11-23 14:00:00+00:00,-4.3,238.0,1
1990-11-23 15:00:00+00:00,-4.52,30.0,1
1990-11-23 16:00:00+00:00,-5.24,0.0,1
1990-11-23 17:00:00+00:00,-6.14,0.0,1
1990-11-23 18:00:00+00:00,-6.86,0.0,1
1990-11-23 19:00:00+00:00,-7.87,0.0,1
1990-11-23 20:00:00+00:00,-8.33,0.0,1
1990-11-23 21:00:00+00:00,-8.72,0.0,1
1990-11-23 22:00:00+00:00,-9.17,0.0,1
1990-11-23 23:00:00+00:00,-9.8,0.0,1
1990-11-24 00:00:00+00:00,-10.46,0.0,0
1990-11-24 01:00:00+00:00,-11.37,0.0,0
1990-11-24 02:00:00+00:00,-11.67,0.0,0
1990-11-24 03:00:00+00:00,-11.84,0.0,0
1990-11-24 04:00:00+00:00,-11.92,0.0,0
1990-11-24 05:00:00+00:00,-11.91,0.0,0
1990-11-24 06:00:00+00:00,-12.06,0.0,0
1990-11-24 07:00:00+00:00,-12.15,0.0,0
1990-11-24 08:00:00+00:00,-11.0,101.0,0
1990-11-24 09:00:00+00:00,-8.8,234.0,0
1990-11-24 10:00:00+00:00,-7.4,333.0,0
1990-11-24 11:00:00+00:00,-6.29,392.0,0
1990-11-24 12:00:00+00:00,-5.42,402.0,0
1990-11-24 13:00:00+00:00,-5.29,348.0,0
1990-11-24 14:00:00+00:00,-5.59,252.0,0
1990-11-24 15:00:00+00:00,-6.84,41.0,0
1990-11-24 16:00:00+00:00,-7.06,0.0,0
1990-11-24 17:00:00+00:00,-7.65,0.0,0
1990-11-24 18:00:00+00:00,-8.24,0.0,0
1990-11-24 19:00:00+00:00,-9.01,0.0,0
1990-11-24 20:00:00+00:00,-9.21,0.0,0
1990-11-24 21:00:00+00:00,-9.08,0.0,0
1990-11-24 22:00:00+00:00,-8.93,0.0,0
1990-11-24 23:00:00+00:00,-8.46,0.0,0
1990-11-25 00:00:00+00:00,-8.09,0.0,0
1990-11-25 01:00:00+00:00,-6.99,0.0,0
1990-11-25 02:00:00+00:00,-7.34,0.0,0
1990-11-25 03:00:00+00:00,-6.93,0.0,0
1990-11-25 04:00:00+00:00,-6.23,0.0,0
1990-11-25 05:00:00+00:00,-5.96,0.0,0
1990-11-25 06:00:00+00:00,-5.72,0.0,0
1990-11-25 07:00:00+00:00,-5.87,0.0,0
1990-11-25 08:00:00+00:00,-5.91,36.0,0
1990-11-25 09:00:00+00:00,-6.14,22.0,0
1990-11-25 10:00:00+00:00,-5.92,68.0,0
1990-11-25 11:00:00+00:00,-5.49,35.0,0
1990-11-25 12:00:00+00:00,-5.92,168.0,0
1990-11-25 13:00:00+00:00,-6.19,106.0,0
1990-11-25 14:00:00+00:00,-7.01,42.0,0
1990-11-25 15:00:00+00:00,-7.43,46.0,0
1990-11-25 16:00:00+00:00,-7.83,0.0,0
1990-11-25 17:00:00+00:00,-9.11,0.0,0
1990-11-25 18:00:00+00:00,-11.21,0.0,0
1990-11-25 19:00:00+00:00,-10.53,0.0,0
1990-11-25 20:00:00+00:00,-12.21,0.0,0
1990-11-25 21:00:00+00:00,-14.09,0.0,0
1990-11-25 22:00:00+00:00,-17.09,0.0,0
1990-11-25 23:00:00+00:00,-18.64,0.0,0
1990-11-26 00:00:00+00:00,-22.73,0.0,1
1990-11-26 01:00:00+00:00,-23.75,0.0,1
1990-11-26 02:00:00+00:00,-23.99,0.0,1
1990-11-26 03:00:00+00:00,-23.13,0.0,1
1990-11-26 04:00:00+00:00,-21.28,0.0,1
1990-11-26 05:00:00+00:00,-19.02,0.0,1
1990-11-26 06:00:00+00:00,-17.48,0.0,1
1990-11-26 07:00:00+00:00,-17.51,0.0,1
1990-11-26 08:00:00+00:00,-14.31,88.0,1
1990-11-26 09:00:00+00:00,-11.46,107.0,1
1990-11-26 10:00:00+00:00,-8.35,219.0,1
1990-11-26 11:00:00+00:00,-6.28,215.0,1
1990-11-26 12:00:00+00:00,-4.52,272.0,1
1990-11-26 13:00:00+00:00,-3.87,268.0,1
1990-11-26 14:00:00+00:00,-3.81,205.0,1
1990-11-26 15:00:00+00:00,-4.06,51.0,1
1990-11-26 16:00:00+00:00,-4.69,0.0,1
1990-11-26 17:00:00+00:00,-5.62,0.0,1
1990-11-26 18:00:00+00:00,-6.98,0.0,1
1990-11-26 19:00:00+00:00,-9.09,0.0,1
1990-11-26 20:00:00+00:00,-10.61,0.0,1
1990-11-26 21:00:00+00:00,-12.67,0.0,1
1990-11-26 22:00:00+00:00,-13.76,0.0,1
1990-11-26 23:00:00+00:00,-14.38,0.0,1
1990-11-27 00:00:00+00:00,-15.04,0.0,1
1990-11-27 01:00:00+00:00,-16.06,0.0,1
1990-11-27 02:00:00+00:00,-16.87,0.0,1
1990-11-27 03:00:00+00:00,-17.69,0.0,1
1990-11-27 04:00:00+00:00,-17.96,0.0,1
1990-11-27 05:00:00+00:00,-18.16,0.0,1
1990-11-27 06:00:00+00:00,-18.23,0.0,1
1990-11-27 07:00:00+00:00,-19.11,0.0,1
1990-11-27 08:00:00+00:00,-17.52,103.0,1
1990-11-27 09:00:00+00:00,-13.44,176.0,1
1990-11-27 10:00:00+00:00,-9.3,205.0,1
1990-11-27 11:00:00+00:00,-6.94,264.0,1
1990-11-27 12:00:00+00:00,-6.94,295.0,1
1990-11-27 13:00:00+00:00,-6.37,188.0,1
1990-11-27 14:00:00+00:00,-6.94,89.0,1
1990-11-27 15:00:00+00:00,-7.35,37.0,1
1990-11-27 16:00:00+00:00,-7.32,0.0,1
1990-11-27 17:00:00+00:00,-7.76,0.0,1
1990-11-27 18:00:00+00:00,-8.16,0.0,1
1990-11-27 19:00:00+00:00,-8.71,0.0,1
1990-11-27 20:00:00+00:00,-9.34,0.0,1
1990-11-27 21:00:00+00:00,-10.18,0.0,1
1990-11-27 22:00:00+00:00,-10.92,0.0,1
1990-11-27 23:00:00+00:00,-11.43,0.0,1
1990-11-28 00:00:00+00:00,-11.79,0.0,1
1990-11-28 01:00:00+00:00,-12.11,0.0,1
1990-11-28 02:00:00+00:00,-12.53,0.0,1
1990-11-28 03:00:00+00:00,-13.33,0.0,1
1990-11-28 04:00:00+00:00,-14.58,0.0,1
1990-11-28 05:00:00+00:00,-14.93,0.0,1
1990-11-28 06:00:00+00:00,-14.75,0.0,1
1990-11-28 07:00:00+00:00,-13.64,0.0,1
1990-11-28 08:00:00+00:00,-12.34,47.0,1
1990-11-28 09:00:00+00:00,-10.2,154.0,1
1990-11-28 10:00:00+00:00,-7.63,188.0,1
1990-11-28 11:00:00+00:00,-6.67,187.0,1
1990-11-28 12:00:00+00:00,-5.8,202.0,1
1990-11-28 13:00:00+00:00,-5.08,182.0,1
1990-11-28 14:00:00+00:00,-5.28,53.0,1
1990-11-28 15:00:00+00:00,-5.12,49.0,1
1990-11-28 16:00:00+00:00,-5.21,0.0,1
1990-11-28 17:00:00+00:00,-5.63,0.0,1
1990-11-28 18:00:00+00:00,-6.17,0.0,1
1990-11-28 19:00:00+00:00,-6.11,0.0,1
1990-11-28 20:00:00+00:00,-6.62,0.0,1
1990-11-28 21:00:00+00:00,-7.21,0.0,1
1990-11-28 22:00:00+00:00,-7.45,0.0,1
1990-11-28 23:00:00+00:00,-7.47,0.0,1
1990-11-29 00:00:00+00:00,-7.68,0.0,1
1990-11-29 01:00:00+00:00,-7.97,0.0,1
1990-11-29 02:00:00+00:00,-7.91,0.0,1
1990-11-29 03:00:00+00:00,-7.95,0.0,1
1990-11-29 04:00:00+00:00,-7.8,0.0,1
1990-11-29 05:00:00+00:00,-7.69,0.0,1
1990-11-29 06:00:00+00:00,-7.64,0.0,1
1990-11-29 07:00:00+00:00,-7.85,0.0,1
1990-11-29 08:00:00+00:00,-7.87,57.0,1
1990-11-29 09:00:00+00:00,-6.39,162.0,1
1990-11-29 10:00:00+00:00,-4.63,192.0,1
1990-11-29 11:00:00+00:00,-3.49,275.0,1
1990-11-29 12:00:00+00:00,-2.6,96.0,1
1990-11-29 13:00:00+00:00,-2.06,158.0,1
1990-11-29 14:00:00+00:00,-1.83,137.0,1
1990-11-29 15:00:00+00:00,-2.28,34.0,1
1990-11-29 16:00:00+00:00,-2.89,0.0,1
1990-11-29 17:00:00+00:00,-3.61,0.0,1
1990-11-29 18:00:00+00:00,-4.23,0.0,1
1990-11-29 19:00:00+00:00,-5.58,0.0,1
1990-11-29 20:00:00+00:00,-5.96,0.0,1
1990-11-29 21:00:00+00:00,-6.22,0.0,1
1990-11-29 22:00:00+00:00,-6.53,0.0,1
1990-11-29 23:00:00+00:00,-6.8,0.0,1
1990-11-30 00:00:00+00:00,-7.08,0.0,1
1990-11-30 01:00:00+00:00,-7.34,0.0,1
1990-11-30 02:00:00+00:00,-7.36,0.0,1
1990-11-30 03:00:00+00:00,-7.26,0.0,1
1990-11-30 04:00:00+00:00,-7.28,0.0,1
1990-11-30 05:00:00+00:00,-7.26,0.0,1
1990-11-30 06:00:00+00:00,-7.13,0.0,1
1990-11-30 07:00:00+00:00,-7.02,0.0,1
1990-11-30 08:00:00+00:00,-6.74,51.0,1
1990-11-30 09:00:00+00:00,-5.74,108.0,1
1990-11-30 10:00:00+00:00,-5.2,236.0,1
1990-11-30 11:00:00+00:00,-4.93,324.0,1
1990-11-30 12:00:00+00:00,-4.11,332.0,1
1990-11-30 13:00:00+00:00,-3.73,284.0,1
1990-11-30 14:00:00+00:00,-4.4,195.0,1
1990-11-30 15:00:00+00:00,-4.47,41.0,1
1990-11-30 16:00:00+00:00,-6.0,0.0,1
1990-11-30 17:00:00+00:00,-5.81,0.0,1
1990-11-30 18:00:00+00:00,-5.62,0.0,1
1990-11-30 19:00:00+00:00,-5.43,0.0,1
1990-11-30 20:00:00+00:00,-5.24,0.0,1
1990-11-30 21:00:00+00:00,-5.05,0.0,1
1990-11-30 22:00:00+00:00,-4.86,0.0,1
1990-11-30 23:00:00+00:00,-4.67,0.0,1
1990-12-01 00:00:00+00:00,-4.47,0.0,0
1990-12-01 01:00:00+00:00,-4.28,0.0,0
1990-12-01 02:00:00+00:00,-4.09,0.0,0
1990-12-01 03:00:00+00:00,-3.9,0.0,0
1990-12-01 04:00:00+00:00,-3.71,0.0,0
1990-12-01 05:00:00+00:00,-3.52,0.0,0
1990-12-01 06:00:00+00:00,-3.33,0.0,0
1990-12-01 07:00:00+00:00,-3.14,4.0,0
1990-12-01 08:00:00+00:00,-4.15,73.0,0
1990-12-01 09:00:00+00:00,-4.27,118.0,0
1990-12-01 10:00:00+00:00,-3.21,222.0,0
1990-12-01 11:00:00+00:00,-1.52,409.0,0
1990-12-01 12:00:00+00:00,0.49,390.0,0
1990-12-01 13:00:00+00:00,1.29,244.0,0
1990-12-01 14:00:00+00:00,1.12,141.0,0
1990-12-01 15:00:00+00:00,0.54,18.0,0
1990-12-01 16:00:00+00:00,-0.4,0.0,0
1990-12-01 17:00:00+00:00,-1.22,0.0,0
1990-12-01 18:00:00+00:00,-1.77,0.0,0
1990-12-01 19:00:00+00:00,-3.46,0.0,0
1990-12-01 20:00:00+00:00,-3.81,0.0,0
1990-12-01 21:00:00+00:00,-3.85,0.0,0
1990-12-01 22:00:00+00:00,-3.56,0.0,0
1990-12-01 23:00:00+00:00,-3.24,0.0,0
1990-12-02 00:00:00+00:00,-2.92,0.0,0
1990-12-02 01:00:00+00:00,-2.76,0.0,0
1990-12-02 02:00:00+00:00,-2.61,0.0,0
1990-12-02 03:00:00+00:00,-2.23,0.0,0
1990-12-02 04:00:00+00:00,-2.01,0.0,0
1990-12-02 05:00:00+00:00,-2.84,0.0,0
1990-12-02 06:00:00+00:00,-2.82,0.0,0
1990-12-02 07:00:00+00:00,-2.96,4.0,0
1990-12-02 08:00:00+00:00,-2.45,68.0,0
1990-12-02 09:00:00+00:00,-1.87,49.0,0
1990-12-02 10:00:00+00:00,-0.73,65.0,0
1990-12-02 11:00:00+00:00,-0.29,60.0,0
1990-12-02 12:00:00+00:00,0.17,110.0,0
1990-12-02 13:00:00+00:00,0.09,128.0,0
1990-12-02 14:00:00+00:00,0.68,45.0,0
1990-12-02 15:00:00+00:00,0.71,22.0,0
1990-12-02 16:00:00+00:00,0.93,0.0,0
1990-12-02 17:00:00+00:00,0.66,0.0,0
1990-12-02 18:00:00+00:00,0.62,0.0,0
1990-12-02 19:00:00+00:00,2.02,0.0,0
1990-12-02 20:00:00+00:00,2.36,0.0,0
1990-12-02 21:00:00+00:00,2.06,0.0,0
1990-12-02 22:00:00+00:00,1.73,0.0,0
1990-12-02 23:00:00+00:00,1.75,0.0,0
1990-12-03 00:00:00+00:00,1.82,0.0,1
1990-12-03 01:00:00+00:00,1.78,0.0,1
1990-12-03 02:00:00+00:00,1.2,0.0,1
1990-12-03 03:00:00+00:00,0.77,0.0,1
1990-12-03 04:00:00+00:00,0.91,0.0,1
1990-12-03 05:00:00+00:00,0.85,0.0,1
1990-12-03 06:00:00+00:00,0.74,0.0,1
1990-12-03 07:00:00+00:00,1.07,1.0,1
1990-12-03 08:00:00+00:00,1.47,62.0,1
1990-12-03 09:00:00+00:00,1.91,135.0,1
1990-12-03 10:00:00+00:00,2.55,164.0,1
1990-12-03 11:00:00+00:00,3.35,248.0,1
1990-12-03 12:00:00+00:00,3.57,227.0,1
1990-12-03 13:00:00+00:00,3.74,143.0,1
1990-12-03 14:00:00+00:00,3.36,22.0,1
1990-12-03 15:00:00+00:00,3.36,8.0,1
1990-12-03 16:00:00+00:00,3.04,0.0,1
1990-12-03 17:00:00+00:00,2.38,0.0,1
1990-12-03 18:00:00+00:00,2.03,0.0,1
1990-12-03 19:00:00+00:00,0.85,0.0,1
1990-12-03 20:00:00+00:00,0.28,0.0,1
1990-12-03 21:00:00+00:00,0.58,0.0,1
1990-12-03 22:00:00+00:00,-0.06,0.0,1
1990-12-03 23:00:00+00:00,-0.02,0.0,1
1990-12-04 00:00:00+00:00,-0.26,0.0,1
1990-12-04 01:00:00+00:00,-0.37,0.0,1
1990-12-04 02:00:00+00:00,-0.74,0.0,1
1990-12-04 03:00:00+00:00,-2.57,0.0,1
1990-12-04 04:00:00+00:00,-2.99,0.0,1
1990-12-04 05:00:00+00:00,-3.72,0.0,1
1990-12-04 06:00:00+00:00,-3.46,0.0,1
1990-12-04 07:00:00+00:00,-0.46,0.0,1
1990-12-04 08:00:00+00:00,-0.89,67.0,1
1990-12-04 09:00:00+00:00,-0.4,167.0,1
1990-12-04 10:00:00+00:00,-0.04,243.0,1
1990-12-04 11:00:00+00:00,0.17,242.0,1
1990-12-04 12:00:00+00:00,0.39,149.0,1
1990-12-04 13:00:00+00:00,0.64,296.0,1
1990-12-04 14:00:00+00:00,0.75,170.0,1
1990-12-04 15:00:00+00:00,0.4,16.0,1
1990-12-04 16:00:00+00:00,0.06,0.0,1
1990-12-04 17:00:00+00:00,-0.15,0.0,1
1990-12-04 18:00:00+00:00,-0.94,0.0,1
1990-12-04 19:00:00+00:00,-1.62,0.0,1
1990-12-04 20:00:00+00:00,-2.86,0.0,1
1990-12-04 21:00:00+00:00,-4.25,0.0,1
1990-12-04 22:00:00+00:00,-5.29,0.0,1
1990-12-04 23:00:00+00:00,-6.7,0.0,1
1990-12-05 00:00:00+00:00,-7.75,0.0,1
1990-12-05 01:00:00+00:00,-8.44,0.0,1
1990-12-05 02:00:00+00:00,-8.87,0.0,1
1990-12-05 03:00:00+00:00,-8.15,0.0,1
1990-12-05 04:00:00+00:00,-6.93,0.0,1
1990-12-05 05:00:00+00:00,-6.13,0.0,1
1990-12-05 06:00:00+00:00,-4.81,0.0,1
1990-12-05 07:00:00+00:00,-5.53,0.0,1
1990-12-05 08:00:00+00:00,-2.79,66.0,1
1990-12-05 09:00:00+00:00,-0.16,254.0,1
1990-12-05 10:00:00+00:00,2.0,351.0,1
1990-12-05 11:00:00+00:00,4.2,375.0,1
1990-12-05 12:00:00+00:00,5.24,167.0,1
1990-12-05 13:00:00+00:00,4.95,208.0,1
1990-12-05 14:00:00+00:00,4.69,55.0,1
1990-12-05 15:00:00+00:00,4.42,19.0,1
1990-12-05 16:00:00+00:00,3.68,0.0,1
1990-12-05 17:00:00+00:00,2.94,0.0,1
1990-12-05 18:00:00+00:00,2.44,0.0,1
1990-12-05 19:00:00+00:00,1.91,0.0,1
1990-12-05 20:00:00+00:00,1.93,0.0,1
1990-12-05 21:00:00+00:00,2.03,0.0,1
1990-12-05 22:00:00+00:00,2.05,0.0,1
1990-12-05 23:00:00+00:00,1.84,0.0,1
1990-12-06 00:00:00+00:00,1.29,0.0,1
1990-12-06 01:00:00+00:00,0.71,0.0,1
1990-12-06 02:00:00+00:00,0.54,0.0,1
1990-12-06 03:00:00+00:00,0.24,0.0,1
1990-12-06 04:00:00+00:00,-0.06,0.0,1
1990-12-06 05:00:00+00:00,-0.91,0.0,1
1990-12-06 06:00:00+00:00,-1.33,0.0,1
1990-12-06 07:00:00+00:00,-0.51,0.0,1
1990-12-06 08:00:00+00:00,-0.68,61.0,1
1990-12-06 09:00:00+00:00,-0.52,180.0,1
1990-12-06 10:00:00+00:00,0.2,106.0,1
1990-12-06 11:00:00+00:00,0.66,329.0,1
1990-12-06 12:00:00+00:00,1.3,284.0,1
1990-12-06 13:00:00+00:00,1.52,300.0,1
1990-12-06 14:00:00+00:00,1.56,188.0,1
1990-12-06 15:00:00+00:00,1.23,22.0,1
1990-12-06 16:00:00+00:00,0.94,0.0,1
1990-12-06 17:00:00+00:00,0.57,0.0,1
1990-12-06 18:00:00+00:00,-0.61,0.0,1
1990-12-06 19:00:00+00:00,-3.47,0.0,1
1990-12-06 20:00:00+00:00,-3.8,0.0,1
1990-12-06 21:00:00+00:00,-3.77,0.0,1
1990-12-06 22:00:00+00:00,-3.48,0.0,1
1990-12-06 23:00:00+00:00,-3.64,0.0,1
1990-12-07 00:00:00+00:00,-3.14,0.0,1
1990-12-07 01:00:00+00:00,-2.43,0.0,1
1990-12-07 02:00:00+00:00,-2.22,0.0,1
1990-12-07 03:00:00+00:00,-1.44,0.0,1
1990-12-07 04:00:00+00:00,-1.0,0.0,1
1990-12-07 05:00:00+00:00,-0.34,0.0,1
1990-12-07 06:00:00+00:00,0.17,0.0,1
1990-12-07 07:00:00+00:00,0.41,0.0,1
1990-12-07 08:00:00+00:00,0.56,63.0,1
1990-12-07 09:00:00+00:00,1.05,127.0,1
1990-12-07 10:00:00+00:00,2.85,291.0,1
1990-12-07 11:00:00+00:00,4.02,382.0,1
1990-12-07 12:00:00+00:00,5.66,366.0,1
1990-12-07 13:00:00+00:00,5.75,297.0,1
1990-12-07 14:00:00+00:00,5.36,185.0,1
1990-12-07 15:00:00+00:00,4.84,21.0,1
1990-12-07 16:00:00+00:00,3.76,0.0,1
1990-12-07 17:00:00+00:00,2.67,0.0,1
1990-12-07 18:00:00+00:00,2.18,0.0,1
1990-12-07 19:00:00+00:00,1.74,0.0,1
1990-12-07 20:00:00+00:00,1.53,0.0,1
1990-12-07 21:00:00+00:00,0.2,0.0,1
1990-12-07 22:00:00+00:00,-0.42,0.0,1
1990-12-07 23:00:00+00:00,-3.14,0.0,1
1990-12-08 00:00:00+00:00,-3.61,0.0,0
1990-12-08 01:00:00+00:00,-4.3,0.0,0
1990-12-08 02:00:00+00:00,-4.9,0.0,0
1990-12-08 03:00:00+00:00,-5.03,0.0,0
1990-12-08 04:00:00+00:00,-5.37,0.0,0
1990-12-08 05:00:00+00:00,-5.6,0.0,0
1990-12-08 06:00:00+00:00,-5.79,0.0,0
1990-12-08 07:00:00+00:00,-5.05,0.0,0
1990-12-08 08:00:00+00:00,-5.12,39.0,0
1990-12-08 09:00:00+00:00,-4.85,38.0,0
1990-12-08 10:00:00+00:00,-4.65,60.0,0
1990-12-08 11:00:00+00:00,-4.51,63.0,0
1990-12-08 12:00:00+00:00,-4.21,134.0,0
1990-12-08 13:00:00+00:00,-3.6,60.0,0
1990-12-08 14:00:00+00:00,-3.27,32.0,0
1990-12-08 15:00:00+00:00,-3.16,17.0,0
1990-12-08 16:00:00+00:00,-3.02,0.0,0
1990-12-08 17:00:00+00:00,-2.97,0.0,0
1990-12-08 18:00:00+00:00,-2.89,0.0,0
1990-12-08 19:00:00+00:00,-2.3,0.0,0
1990-12-08 20:00:00+00:00,-2.42,0.0,0
1990-12-08 21:00:00+00:00,-2.22,0.0,0
1990-12-08 22:00:00+00:00,-2.07,0.0,0
1990-12-08 23:00:00+00:00,-1.94,0.0,0
1990-12-09 00:00:00+00:00,-1.61,0.0,0
1990-12-09 01:00:00+00:00,-1.24,0.0,0
1990-12-09 02:00:00+00:00,-1.26,0.0,0
1990-12-09 03:00:00+00:00,-1.63,0.0,0
1990-12-09 04:00:00+00:00,-2.18,0.0,0
1990-12-09 05:00:00+00:00,-2.5,0.0,0
1990-12-09 06:00:00+00:00,-3.4,0.0,0
1990-12-09 07:00:00+00:00,-4.29,0.0,0
1990-12-09 08:00:00+00:00,-4.82,40.0,0
1990-12-09 09:00:00+00:00,-4.52,89.0,0
1990-12-09 10:00:00+00:00,-4.54,54.0,0
1990-12-09 11:00:00+00:00,-4.42,160.0,0
1990-12-09 12:00:00+00:00,-4.23,106.0,0
1990-12-09 13:00:00+00:00,-3.56,123.0,0
1990-12-09 14:00:00+00:00,-3.98,50.0,0
1990-12-09 15:00:00+00:00,-4.48,9.0,0
1990-12-09 16:00:00+00:00,-4.3,0.0,0
1990-12-09 17:00:00+00:00,-4.84,0.0,0
1990-12-09 18:00:00+00:00,-4.92,0.0,0
1990-12-09 19:00:00+00:00,-4.97,0.0,0
1990-12-09 20:00:00+00:00,-4.86,0.0,0
1990-12-09 21:00:00+00:00,-5.02,0.0,0
1990-12-09 22:00:00+00:00,-5.08,0.0,0
1990-12-09 23:00:00+00:00,-5.12,0.0,0
1990-12-10 00:00:00+00:00,-5.51,0.0,1
1990-12-10 01:00:00+00:00,-5.81,0.0,1
1990-12-10 02:00:00+00:00,-6.5,0.0,1
1990-12-10 03:00:00+00:00,-7.09,0.0,1
1990-12-10 04:00:00+00:00,-7.03,0.0,1
1990-12-10 05:00:00+00:00,-7.08,0.0,1
1990-12-10 06:00:00+00:00,-7.24,0.0,1
1990-12-10 07:00:00+00:00,-6.94,0.0,1
1990-12-10 08:00:00+00:00,-7.19,61.0,1
1990-12-10 09:00:00+00:00,-6.97,67.0,1
1990-12-10 10:00:00+00:00,-6.13,65.0,1
1990-12-10 11:00:00+00:00,-5.85,49.0,1
1990-12-10 12:00:00+00:00,-5.93,92.0,1
1990-12-10 13:00:00+00:00,-5.45,164.0,1
1990-12-10 14:00:00+00:00,-5.53,44.0,1
1990-12-10 15:00:00+00:00,-5.31,20.0,1
1990-12-10 16:00:00+00:00,-6.44,0.0,1
1990-12-10 17:00:00+00:00,-6.76,0.0,1
1990-12-10 18:00:00+00:00,-7.51,0.0,1
1990-12-10 19:00:00+00:00,-5.87,0.0,1
1990-12-10 20:00:00+00:00,-5.76,0.0,1
1990-12-10 21:00:00+00:00,-6.1,0.0,1
1990-12-10 22:00:00+00:00,-6.34,0.0,1
1990-12-10 23:00:00+00:00,-6.39,0.0,1
1990-12-11 00:00:00+00:00,-6.59,0.0,1
1990-12-11 01:00:00+00:00,-7.0,0.0,1
1990-12-11 02:00:00+00:00,-6.89,0.0,1
1990-12-11 03:00:00+00:00,-7.18,0.0,1
1990-12-11 04:00:00+00:00,-7.17,0.0,1
1990-12-11 05:00:00+00:00,-7.34,0.0,1
1990-12-11 06:00:00+00:00,-8.3,0.0,1
1990-12-11 07:00:00+00:00,-7.59,0.0,1
1990-12-11 08:00:00+00:00,-7.84,61.0,1
1990-12-11 09:00:00+00:00,-7.71,185.0,1
1990-12-11 10:00:00+00:00,-7.14,304.0,1
1990-12-11 11:00:00+00:00,-6.16,357.0,1
1990-12-11 12:00:00+00:00,-5.43,341.0,1
1990-12-11 13:00:00+00:00,-5.14,278.0,1
1990-12-11 14:00:00+00:00,-5.24,180.0,1
1990-12-11 15:00:00+00:00,-5.96,24.0,1
1990-12-11 16:00:00+00:00,-7.0,0.0,1
1990-12-11 17:00:00+00:00,-8.23,0.0,1
1990-12-11 18:00:00+00:00,-10.24,0.0,1
1990-12-11 19:00:00+00:00,-10.34,0.0,1
1990-12-11 20:00:00+00:00,-11.45,0.0,1
1990-12-11 21:00:00+00:00,-12.66,0.0,1
1990-12-11 22:00:00+00:00,-13.5,0.0,1
1990-12-11 23:00:00+00:00,-14.89,0.0,1
1990-12-12 00:00:00+00:00,-16.03,0.0,1
1990-12-12 01:00:00+00:00,-17.13,0.0,1
1990-12-12 02:00:00+00:00,-18.18,0.0,1
1990-12-12 03:00:00+00:00,-18.71,0.0,1
1990-12-12 04:00:00+00:00,-18.58,0.0,1
1990-12-12 05:00:00+00:00,-18.88,0.0,1
1990-12-12 06:00:00+00:00,-19.73,0.0,1
1990-12-12 07:00:00+00:00,-20.96,0.0,1
1990-12-12 08:00:00+00:00,-20.96,62.0,1
1990-12-12 09:00:00+00:00,-19.52,212.0,1
1990-12-12 10:00:00+00:00,-16.0,325.0,1
1990-12-12 11:00:00+00:00,-13.29,373.0,1
1990-12-12 12:00:00+00:00,-11.11,367.0,1
1990-12-12 13:00:00+00:00,-10.85,290.0,1
1990-12-12 14:00:00+00:00,-11.64,185.0,1
1990-12-12 15:00:00+00:00,-12.9,25.0,1
1990-12-12 16:00:00+00:00,-14.36,0.0,1
1990-12-12 17:00:00+00:00,-16.0,0.0,1
1990-12-12 18:00:00+00:00,-17.35,0.0,1
1990-12-12 19:00:00+00:00,-19.92,0.0,1
1990-12-12 20:00:00+00:00,-21.64,0.0,1
1990-12-12 21:00:00+00:00,-23.35,0.0,1
1990-12-12 22:00:00+00:00,-24.64,0.0,1
1990-12-12 23:00:00+00:00,-25.54,0.0,1
1990-12-13 00:00:00+00:00,-26.35,0.0,1
1990-12-13 01:00:00+00:00,-26.47,0.0,1
1990-12-13 02:00:00+00:00,-27.44,0.0,1
1990-12-13 03:00:00+00:00,-28.07,0.0,1
1990-12-13 04:00:00+00:00,-28.68,0.0,1
1990-12-13 05:00:00+00:00,-28.85,0.0,1
1990-12-13 06:00:00+00:00,-28.97,0.0,1
1990-12-13 07:00:00+00:00,-29.63,0.0,1
1990-12-13 08:00:00+00:00,-29.35,57.0,1
1990-12-13 09:00:00+00:00,-27.2,201.0,1
1990-12-13 10:00:00+00:00,-23.63,311.0,1
1990-12-13 11:00:00+00:00,-20.2,367.0,1
1990-12-13 12:00:00+00:00,-17.33,363.0,1
1990-12-13 13:00:00+00:00,-17.21,227.0,1
1990-12-13 14:00:00+00:00,-17.4,129.0,1
1990-12-13 15:00:00+00:00,-17.63,24.0,1
1990-12-13 16:00:00+00:00,-17.7,0.0,1
1990-12-13 17:00:00+00:00,-18.42,0.0,1
1990-12-13 18:00:00+00:00,-18.64,0.0,1
1990-12-13 19:00:00+00:00,-15.71,0.0,1
1990-12-13 20:00:00+00:00,-15.94,0.0,1
1990-12-13 21:00:00+00:00,-15.77,0.0,1
1990-12-13 22:00:00+00:00,-15.84,0.0,1
1990-12-13 23:00:00+00:00,-16.03,0.0,1
1990-12-14 00:00:00+00:00,-17.07,0.0,1
1990-12-14 01:00:00+00:00,-17.54,0.0,1
1990-12-14 02:00:00+00:00,-17.74,0.0,1
1990-12-14 03:00:00+00:00,-19.03,0.0,1
1990-12-14 04:00:00+00:00,-20.69,0.0,1
1990-12-14 05:00:00+00:00,-21.86,0.0,1
1990-12-14 06:00:00+00:00,-22.64,0.0,1
1990-12-14 07:00:00+00:00,-20.81,0.0,1
1990-12-14 08:00:00+00:00,-21.73,55.0,1
1990-12-14 09:00:00+00:00,-19.8,216.0,1
1990-12-14 10:00:00+00:00,-17.66,317.0,1
1990-12-14 11:00:00+00:00,-15.77,363.0,1
1990-12-14 12:00:00+00:00,-14.65,339.0,1
1990-12-14 13:00:00+00:00,-14.46,288.0,1
1990-12-14 14:00:00+00:00,-14.77,175.0,1
1990-12-14 15:00:00+00:00,-16.82,22.0,1
1990-12-14 16:00:00+00:00,-19.13,0.0,1
1990-12-14 17:00:00+00:00,-19.28,0.0,1
1990-12-14 18:00:00+00:00,-19.86,0.0,1
1990-12-14 19:00:00+00:00,-19.0,0.0,1
1990-12-14 20:00:00+00:00,-18.49,0.0,1
1990-12-14 21:00:00+00:00,-19.01,0.0,1
1990-12-14 22:00:00+00:00,-19.31,0.0,1
1990-12-14 23:00:00+00:00,-19.99,0.0,1
1990-12-15 00:00:00+00:00,-22.55,0.0,0
1990-12-15 01:00:00+00:00,-24.54,0.0,0
1990-12-15 02:00:00+00:00,-24.08,0.0,0
1990-12-15 03:00:00+00:00,-24.21,0.0,0
1990-12-15 04:00:00+00:00,-23.65,0.0,0
1990-12-15 05:00:00+00:00,-23.75,0.0,0
1990-12-15 06:00:00+00:00,-23.73,0.0,0
1990-12-15 07:00:00+00:00,-24.64,0.0,0
1990-12-15 08:00:00+00:00,-24.54,48.0,0
1990-12-15 09:00:00+00:00,-22.01,190.0,0
1990-12-15 10:00:00+00:00,-17.9,323.0,0
1990-12-15 11:00:00+00:00,-14.71,367.0,0
1990-12-15 12:00:00+00:00,-12.18,347.0,0
1990-12-15 13:00:00+00:00,-11.67,288.0,0
1990-12-15 14:00:00+00:00,-11.89,192.0,0
1990-12-15 15:00:00+00:00,-12.42,21.0,0
1990-12-15 16:00:00+00:00,-13.29,0.0,0
1990-12-15 17:00:00+00:00,-14.04,0.0,0
1990-12-15 18:00:00+00:00,-14.74,0.0,0
1990-12-15 19:00:00+00:00,-14.14,0.0,0
1990-12-15 20:00:00+00:00,-14.25,0.0,0
1990-12-15 21:00:00+00:00,-14.06,0.0,0
1990-12-15 22:00:00+00:00,-13.82,0.0,0
1990-12-15 23:00:00+00:00,-13.4,0.0,0
1990-12-16 00:00:00+00:00,-12.92,0.0,0
1990-12-16 01:00:00+00:00,-11.98,0.0,0
1990-12-16 02:00:00+00:00,-11.15,0.0,0
1990-12-16 03:00:00+00:00,-10.29,0.0,0
1990-12-16 04:00:00+00:00,-9.61,0.0,0
1990-12-16 05:00:00+00:00,-8.74,0.0,0
1990-12-16 06:00:00+00:00,-8.09,0.0,0
1990-12-16 07:00:00+00:00,-7.95,0.0,0
1990-12-16 08:00:00+00:00,-6.96,46.0,0
1990-12-16 09:00:00+00:00,-6.66,55.0,0
1990-12-16 10:00:00+00:00,-5.86,76.0,0
1990-12-16 11:00:00+00:00,-5.18,138.0,0
1990-12-16 12:00:00+00:00,-5.22,183.0,0
1990-12-16 13:00:00+00:00,-5.88,154.0,0
1990-12-16 14:00:00+00:00,-5.79,71.0,0
1990-12-16 15:00:00+00:00,-6.31,10.0,0
1990-12-16 16:00:00+00:00,-7.14,0.0,0
1990-12-16 17:00:00+00:00,-8.12,0.0,0
1990-12-16 18:00:00+00:00,-9.0,0.0,0
1990-12-16 19:00:00+00:00,-11.26,0.0,0
1990-12-16 20:00:00+00:00,-11.5,0.0,0
1990-12-16 21:00:00+00:00,-11.83,0.0,0
1990-12-16 22:00:00+00:00,-11.91,0.0,0
1990-12-16 23:00:00+00:00,-11.2,0.0,0
1990-12-17 00:00:00+00:00,-10.52,0.0,1
1990-12-17 01:00:00+00:00,-9.52,0.0,1
1990-12-17 02:00:00+00:00,-8.87,0.0,1
1990-12-17 03:00:00+00:00,-8.21,0.0,1
1990-12-17 04:00:00+00:00,-7.98,0.0,1
1990-12-17 05:00:00+00:00,-8.09,0.0,1
1990-12-17 06:00:00+00:00,-8.02,0.0,1
1990-12-17 07:00:00+00:00,-6.94,0.0,1
1990-12-17 08:00:00+00:00,-7.51,18.0,1
1990-12-17 09:00:00+00:00,-7.08,114.0,1
1990-12-17 10:00:00+00:00,-6.11,49.0,1
1990-12-17 11:00:00+00:00,-4.85,146.0,1
1990-12-17 12:00:00+00:00,-4.68,256.0,1
1990-12-17 13:00:00+00:00,-4.48,262.0,1
1990-12-17 14:00:00+00:00,-4.49,180.0,1
1990-12-17 15:00:00+00:00,-4.69,19.0,1
1990-12-17 16:00:00+00:00,-5.0,0.0,1
1990-12-17 17:00:00+00:00,-5.36,0.0,1
1990-12-17 18:00:00+00:00,-5.92,0.0,1
1990-12-17 19:00:00+00:00,-11.29,0.0,1
1990-12-17 20:00:00+00:00,-12.47,0.0,1
1990-12-17 21:00:00+00:00,-13.38,0.0,1
1990-12-17 22:00:00+00:00,-14.76,0.0,1
1990-12-17 23:00:00+00:00,-15.62,0.0,1
1990-12-18 00:00:00+00:00,-16.41,0.0,1
1990-12-18 01:00:00+00:00,-16.04,0.0,1
1990-12-18 02:00:00+00:00,-16.03,0.0,1
1990-12-18 03:00:00+00:00,-15.98,0.0,1
1990-12-18 04:00:00+00:00,-15.45,0.0,1
1990-12-18 05:00:00+00:00,-14.91,0.0,1
1990-12-18 06:00:00+00:00,-14.66,0.0,1
1990-12-18 07:00:00+00:00,-15.0,0.0,1
1990-12-18 08:00:00+00:00,-15.31,49.0,1
1990-12-18 09:00:00+00:00,-13.95,155.0,1
1990-12-18 10:00:00+00:00,-10.27,251.0,1
1990-12-18 11:00:00+00:00,-7.67,312.0,1
1990-12-18 12:00:00+00:00,-5.94,275.0,1
1990-12-18 13:00:00+00:00,-6.33,236.0,1
1990-12-18 14:00:00+00:00,-6.56,152.0,1
1990-12-18 15:00:00+00:00,-6.51,26.0,1
1990-12-18 16:00:00+00:00,-7.24,0.0,1
1990-12-18 17:00:00+00:00,-8.39,0.0,1
1990-12-18 18:00:00+00:00,-8.8,0.0,1
1990-12-18 19:00:00+00:00,-8.2,0.0,1
1990-12-18 20:00:00+00:00,-8.51,0.0,1
1990-12-18 21:00:00+00:00,-9.11,0.0,1
1990-12-18 22:00:00+00:00,-9.52,0.0,1
1990-12-18 23:00:00+00:00,-9.68,0.0,1
1990-12-19 00:00:00+00:00,-10.35,0.0,1
1990-12-19 01:00:00+00:00,-10.42,0.0,1
1990-12-19 02:00:00+00:00,-10.05,0.0,1
1990-12-19 03:00:00+00:00,-10.03,0.0,1
1990-12-19 04:00:00+00:00,-10.12,0.0,1
1990-12-19 05:00:00+00:00,-10.48,0.0,1
1990-12-19 06:00:00+00:00,-10.77,0.0,1
1990-12-19 07:00:00+00:00,-9.31,0.0,1
1990-12-19 08:00:00+00:00,-9.64,53.0,1
1990-12-19 09:00:00+00:00,-9.47,59.0,1
1990-12-19 10:00:00+00:00,-8.47,92.0,1
1990-12-19 11:00:00+00:00,-7.25,89.0,1
1990-12-19 12:00:00+00:00,-6.64,54.0,1
1990-12-19 13:00:00+00:00,-6.34,168.0,1
1990-12-19 14:00:00+00:00,-6.24,123.0,1
1990-12-19 15:00:00+00:00,-5.88,22.0,1
1990-12-19 16:00:00+00:00,-6.1,0.0,1
1990-12-19 17:00:00+00:00,-6.62,0.0,1
1990-12-19 18:00:00+00:00,-6.76,0.0,1
1990-12-19 19:00:00+00:00,-7.12,0.0,1
1990-12-19 20:00:00+00:00,-6.87,0.0,1
1990-12-19 21:00:00+00:00,-7.68,0.0,1
1990-12-19 22:00:00+00:00,-8.41,0.0,1
1990-12-19 23:00:00+00:00,-10.06,0.0,1
1990-12-20 00:00:00+00:00,-13.54,0.0,1
1990-12-20 01:00:00+00:00,-14.91,0.0,1
1990-12-20 02:00:00+00:00,-14.95,0.0,1
1990-12-20 03:00:00+00:00,-15.33,0.0,1
1990-12-20 04:00:00+00:00,-14.56,0.0,1
1990-12-20 05:00:00+00:00,-14.98,0.0,1
1990-12-20 06:00:00+00:00,-15.01,0.0,1
1990-12-20 07:00:00+00:00,-14.69,0.0,1
1990-12-20 08:00:00+00:00,-14.49,43.0,1
1990-12-20 09:00:00+00:00,-13.76,177.0,1
1990-12-20 10:00:00+00:00,-12.08,321.0,1
1990-12-20 11:00:00+00:00,-10.16,344.0,1
1990-12-20 12:00:00+00:00,-8.91,298.0,1
1990-12-20 13:00:00+00:00,-8.66,242.0,1
1990-12-20 14:00:00+00:00,-9.05,111.0,1
1990-12-20 15:00:00+00:00,-10.18,26.0,1
1990-12-20 16:00:00+00:00,-10.76,0.0,1
1990-12-20 17:00:00+00:00,-11.48,0.0,1
1990-12-20 18:00:00+00:00,-12.11,0.0,1
1990-12-20 19:00:00+00:00,-13.89,0.0,1
1990-12-20 20:00:00+00:00,-13.96,0.0,1
1990-12-20 21:00:00+00:00,-13.85,0.0,1
1990-12-20 22:00:00+00:00,-14.21,0.0,1
1990-12-20 23:00:00+00:00,-14.82,0.0,1
1990-12-21 00:00:00+00:00,-15.38,0.0,1
1990-12-21 01:00:00+00:00,-15.18,0.0,1
1990-12-21 02:00:00+00:00,-15.84,0.0,1
1990-12-21 03:00:00+00:00,-15.85,0.0,1
1990-12-21 04:00:00+00:00,-15.89,0.0,1
1990-12-21 05:00:00+00:00,-14.52,0.0,1
1990-12-21 06:00:00+00:00,-13.92,0.0,1
1990-12-21 07:00:00+00:00,-13.96,0.0,1
1990-12-21 08:00:00+00:00,-13.28,20.0,1
1990-12-21 09:00:00+00:00,-11.33,31.0,1
1990-12-21 10:00:00+00:00,-9.34,43.0,1
1990-12-21 11:00:00+00:00,-8.0,54.0,1
1990-12-21 12:00:00+00:00,-7.15,56.0,1
1990-12-21 13:00:00+00:00,-6.35,33.0,1
1990-12-21 14:00:00+00:00,-5.88,43.0,1
1990-12-21 15:00:00+00:00,-5.12,16.0,1
1990-12-21 16:00:00+00:00,-4.65,0.0,1
1990-12-21 17:00:00+00:00,-4.25,0.0,1
1990-12-21 18:00:00+00:00,-3.23,0.0,1
1990-12-21 19:00:00+00:00,-2.6,0.0,1
1990-12-21 20:00:00+00:00,-2.33,0.0,1
1990-12-21 21:00:00+00:00,-2.41,0.0,1
1990-12-21 22:00:00+00:00,-2.66,0.0,1
1990-12-21 23:00:00+00:00,-3.5,0.0,1
1990-12-22 00:00:00+00:00,-3.34,0.0,0
1990-12-22 01:00:00+00:00,-2.43,0.0,0
1990-12-22 02:00:00+00:00,-1.82,0.0,0
1990-12-22 03:00:00+00:00,-1.35,0.0,0
1990-12-22 04:00:00+00:00,-1.55,0.0,0
1990-12-22 05:00:00+00:00,-3.44,0.0,0
1990-12-22 06:00:00+00:00,-5.07,0.0,0
1990-12-22 07:00:00+00:00,-4.15,0.0,0
1990-12-22 08:00:00+00:00,-4.51,49.0,0
1990-12-22 09:00:00+00:00,-3.18,91.0,0
1990-12-22 10:00:00+00:00,-1.38,59.0,0
1990-12-22 11:00:00+00:00,-0.64,86.0,0
1990-12-22 12:00:00+00:00,-0.09,243.0,0
1990-12-22 13:00:00+00:00,0.24,224.0,0
1990-12-22 14:00:00+00:00,0.47,55.0,0
1990-12-22 15:00:00+00:00,0.32,20.0,0
1990-12-22 16:00:00+00:00,0.23,0.0,0
1990-12-22 17:00:00+00:00,-0.12,0.0,0
1990-12-22 18:00:00+00:00,-1.41,0.0,0
1990-12-22 19:00:00+00:00,-1.79,0.0,0
1990-12-22 20:00:00+00:00,-2.96,0.0,0
1990-12-22 21:00:00+00:00,-3.21,0.0,0
1990-12-22 22:00:00+00:00,-3.63,0.0,0
1990-12-22 23:00:00+00:00,-3.35,0.0,0
1990-12-23 00:00:00+00:00,-4.02,0.0,0
1990-12-23 01:00:00+00:00,-4.64,0.0,0
1990-12-23 02:00:00+00:00,-4.41,0.0,0
1990-12-23 03:00:00+00:00,-3.62,0.0,0
1990-12-23 04:00:00+00:00,-3.75,0.0,0
1990-12-23 05:00:00+00:00,-4.7,0.0,0
1990-12-23 06:00:00+00:00,-4.37,0.0,0
1990-12-23 07:00:00+00:00,-5.9,0.0,0
1990-12-23 08:00:00+00:00,-4.63,24.0,0
1990-12-23 09:00:00+00:00,-3.14,43.0,0
1990-12-23 10:00:00+00:00,-1.63,49.0,0
1990-12-23 11:00:00+00:00,-1.03,76.0,0
1990-12-23 12:00:00+00:00,-1.27,52.0,0
1990-12-23 13:00:00+00:00,-0.53,79.0,0
1990-12-23 14:00:00+00:00,-0.36,25.0,0
1990-12-23 15:00:00+00:00,-0.19,5.0,0
1990-12-23 16:00:00+00:00,-0.52,0.0,0
1990-12-23 17:00:00+00:00,-0.68,0.0,0
1990-12-23 18:00:00+00:00,-0.63,0.0,0
1990-12-23 19:00:00+00:00,0.4,0.0,0
1990-12-23 20:00:00+00:00,-0.34,0.0,0
1990-12-23 21:00:00+00:00,-0.54,0.0,0
1990-12-23 22:00:00+00:00,-0.75,0.0,0
1990-12-23 23:00:00+00:00,-0.92,0.0,0
1990-12-24 00:00:00+00:00,-0.97,0.0,1
1990-12-24 01:00:00+00:00,-0.86,0.0,1
1990-12-24 02:00:00+00:00,-1.01,0.0,1
1990-12-24 03:00:00+00:00,-1.68,0.0,1
1990-12-24 04:00:00+00:00,-1.69,0.0,1
1990-12-24 05:00:00+00:00,-1.67,0.0,1
1990-12-24 06:00:00+00:00,-1.77,0.0,1
1990-12-24 07:00:00+00:00,-0.55,0.0,1
1990-12-24 08:00:00+00:00,-1.02,41.0,1
1990-12-24 09:00:00+00:00,-0.69,45.0,1
1990-12-24 10:00:00+00:00,-0.36,40.0,1
1990-12-24 11:00:00+00:00,-0.23,55.0,1
1990-12-24 12:00:00+00:00,-0.25,49.0,1
1990-12-24 13:00:00+00:00,-0.41,63.0,1
1990-12-24 14:00:00+00:00,-0.51,42.0,1
1990-12-24 15:00:00+00:00,-0.75,25.0,1
1990-12-24 16:00:00+00:00,-0.83,0.0,1
1990-12-24 17:00:00+00:00,-1.03,0.0,1
1990-12-24 18:00:00+00:00,-1.21,0.0,1
1990-12-24 19:00:00+00:00,-1.76,0.0,1
1990-12-24 20:00:00+00:00,-2.35,0.0,1
1990-12-24 21:00:00+00:00,-3.13,0.0,1
1990-12-24 22:00:00+00:00,-3.72,0.0,1
1990-12-24 23:00:00+00:00,-4.76,0.0,1
1990-12-25 00:00:00+00:00,-6.05,0.0,1
1990-12-25 01:00:00+00:00,-7.76,0.0,1
1990-12-25 02:00:00+00:00,-9.02,0.0,1
1990-12-25 03:00:00+00:00,-9.72,0.0,1
1990-12-25 04:00:00+00:00,-10.02,0.0,1
1990-12-25 05:00:00+00:00,-9.61,0.0,1
1990-12-25 06:00:00+00:00,-8.78,0.0,1
1990-12-25 07:00:00+00:00,-7.3,0.0,1
1990-12-25 08:00:00+00:00,-6.65,41.0,1
1990-12-25 09:00:00+00:00,-5.82,193.0,1
1990-12-25 10:00:00+00:00,-4.55,278.0,1
1990-12-25 11:00:00+00:00,-2.56,364.0,1
1990-12-25 12:00:00+00:00,-1.26,322.0,1
1990-12-25 13:00:00+00:00,-0.93,279.0,1
1990-12-25 14:00:00+00:00,-1.42,182.0,1
1990-12-25 15:00:00+00:00,-2.1,28.0,1
1990-12-25 16:00:00+00:00,-2.98,0.0,1
1990-12-25 17:00:00+00:00,-3.83,0.0,1
1990-12-25 18:00:00+00:00,-4.57,0.0,1
1990-12-25 19:00:00+00:00,-5.32,0.0,1
1990-12-25 20:00:00+00:00,-5.7,0.0,1
1990-12-25 21:00:00+00:00,-5.98,0.0,1
1990-12-25 22:00:00+00:00,-6.19,0.0,1
1990-12-25 23:00:00+00:00,-6.36,0.0,1
1990-12-26 00:00:00+00:00,-6.49,0.0,1
1990-12-26 01:00:00+00:00,-6.78,0.0,1
1990-12-26 02:00:00+00:00,-7.45,0.0,1
1990-12-26 03:00:00+00:00,-8.04,0.0,1
1990-12-26 04:00:00+00:00,-8.41,0.0,1
1990-12-26 05:00:00+00:00,-8.16,0.0,1
1990-12-26 06:00:00+00:00,-8.46,0.0,1
1990-12-26 07:00:00+00:00,-8.83,0.0,1
1990-12-26 08:00:00+00:00,-8.4,47.0,1
1990-12-26 09:00:00+00:00,-7.15,172.0,1
1990-12-26 10:00:00+00:00,-5.41,245.0,1
1990-12-26 11:00:00+00:00,-3.76,329.0,1
1990-12-26 12:00:00+00:00,-2.69,314.0,1
1990-12-26 13:00:00+00:00,-2.54,280.0,1
1990-12-26 14:00:00+00:00,-2.67,181.0,1
1990-12-26 15:00:00+00:00,-3.2,29.0,1
1990-12-26 16:00:00+00:00,-4.17,0.0,1
1990-12-26 17:00:00+00:00,-5.14,0.0,1
1990-12-26 18:00:00+00:00,-5.81,0.0,1
1990-12-26 19:00:00+00:00,-6.52,0.0,1
1990-12-26 20:00:00+00:00,-6.66,0.0,1
1990-12-26 21:00:00+00:00,-6.83,0.0,1
1990-12-26 22:00:00+00:00,-7.18,0.0,1
1990-12-26 23:00:00+00:00,-7.66,0.0,1
1990-12-27 00:00:00+00:00,-8.42,0.0,1
1990-12-27 01:00:00+00:00,-9.13,0.0,1
1990-12-27 02:00:00+00:00,-10.27,0.0,1
1990-12-27 03:00:00+00:00,-11.55,0.0,1
1990-12-27 04:00:00+00:00,-12.12,0.0,1
1990-12-27 05:00:00+00:00,-12.3,0.0,1
1990-12-27 06:00:00+00:00,-11.95,0.0,1
1990-12-27 07:00:00+00:00,-7.76,0.0,1
1990-12-27 08:00:00+00:00,-7.96,44.0,1
1990-12-27 09:00:00+00:00,-8.0,160.0,1
1990-12-27 10:00:00+00:00,-7.25,223.0,1
1990-12-27 11:00:00+00:00,-5.6,329.0,1
1990-12-27 12:00:00+00:00,-5.08,319.0,1
1990-12-27 13:00:00+00:00,-4.78,284.0,1
1990-12-27 14:00:00+00:00,-4.64,187.0,1
1990-12-27 15:00:00+00:00,-4.04,29.0,1
1990-12-27 16:00:00+00:00,-4.46,0.0,1
1990-12-27 17:00:00+00:00,-5.16,0.0,1
1990-12-27 18:00:00+00:00,-5.55,0.0,1
1990-12-27 19:00:00+00:00,-5.49,0.0,1
1990-12-27 20:00:00+00:00,-5.76,0.0,1
1990-12-27 21:00:00+00:00,-6.02,0.0,1
1990-12-27 22:00:00+00:00,-6.24,0.0,1
1990-12-27 23:00:00+00:00,-6.34,0.0,1
1990-12-28 00:00:00+00:00,-6.57,0.0,1
1990-12-28 01:00:00+00:00,-6.96,0.0,1
1990-12-28 02:00:00+00:00,-6.91,0.0,1
1990-12-28 03:00:00+00:00,-7.01,0.0,1
1990-12-28 04:00:00+00:00,-6.98,0.0,1
1990-12-28 05:00:00+00:00,-6.88,0.0,1
1990-12-28 06:00:00+00:00,-6.87,0.0,1
1990-12-28 07:00:00+00:00,-6.49,0.0,1
1990-12-28 08:00:00+00:00,-6.4,24.0,1
1990-12-28 09:00:00+00:00,-6.55,181.0,1
1990-12-28 10:00:00+00:00,-5.96,240.0,1
1990-12-28 11:00:00+00:00,-5.0,312.0,1
1990-12-28 12:00:00+00:00,-5.12,281.0,1
1990-12-28 13:00:00+00:00,-4.55,184.0,1
1990-12-28 14:00:00+00:00,-3.59,58.0,1
1990-12-28 15:00:00+00:00,-3.24,30.0,1
1990-12-28 16:00:00+00:00,-3.86,0.0,1
1990-12-28 17:00:00+00:00,-4.56,0.0,1
1990-12-28 18:00:00+00:00,-5.29,0.0,1
1990-12-28 19:00:00+00:00,-5.43,0.0,1
1990-12-28 20:00:00+00:00,-6.05,0.0,1
1990-12-28 21:00:00+00:00,-6.78,0.0,1
1990-12-28 22:00:00+00:00,-7.21,0.0,1
1990-12-28 23:00:00+00:00,-7.64,0.0,1
1990-12-29 00:00:00+00:00,-8.01,0.0,0
1990-12-29 01:00:00+00:00,-8.15,0.0,0
1990-12-29 02:00:00+00:00,-8.4,0.0,0
1990-12-29 03:00:00+00:00,-8.58,0.0,0
1990-12-29 04:00:00+00:00,-8.55,0.0,0
1990-12-29 05:00:00+00:00,-8.61,0.0,0
1990-12-29 06:00:00+00:00,-8.61,0.0,0
1990-12-29 07:00:00+00:00,-9.29,0.0,0
1990-12-29 08:00:00+00:00,-9.12,42.0,0
1990-12-29 09:00:00+00:00,-8.45,170.0,0
1990-12-29 10:00:00+00:00,-6.87,239.0,0
1990-12-29 11:00:00+00:00,-4.91,298.0,0
1990-12-29 12:00:00+00:00,-3.66,227.0,0
1990-12-29 13:00:00+00:00,-3.36,175.0,0
1990-12-29 14:00:00+00:00,-3.54,118.0,0
1990-12-29 15:00:00+00:00,-4.14,26.0,0
1990-12-29 16:00:00+00:00,-5.09,0.0,0
1990-12-29 17:00:00+00:00,-6.14,0.0,0
1990-12-29 18:00:00+00:00,-6.95,0.0,0
1990-12-29 19:00:00+00:00,-7.13,0.0,0
1990-12-29 20:00:00+00:00,-7.24,0.0,0
1990-12-29 21:00:00+00:00,-7.39,0.0,0
1990-12-29 22:00:00+00:00,-7.67,0.0,0
1990-12-29 23:00:00+00:00,-7.85,0.0,0
1990-12-30 00:00:00+00:00,-8.03,0.0,0
1990-12-30 01:00:00+00:00,-8.07,0.0,0
1990-12-30 02:00:00+00:00,-8.09,0.0,0
1990-12-30 03:00:00+00:00,-7.81,0.0,0
1990-12-30 04:00:00+00:00,-7.18,0.0,0
1990-12-30 05:00:00+00:00,-6.64,0.0,0
1990-12-30 06:00:00+00:00,-6.48,0.0,0
1990-12-30 07:00:00+00:00,-5.12,0.0,0
1990-12-30 08:00:00+00:00,-5.43,47.0,0
1990-12-30 09:00:00+00:00,-5.81,65.0,0
1990-12-30 10:00:00+00:00,-5.84,96.0,0
1990-12-30 11:00:00+00:00,-5.31,138.0,0
1990-12-30 12:00:00+00:00,-4.62,200.0,0
1990-12-30 13:00:00+00:00,-4.27,298.0,0
1990-12-30 14:00:00+00:00,-4.36,161.0,0
1990-12-30 15:00:00+00:00,-4.95,29.0,0
1990-12-30 16:00:00+00:00,-5.96,0.0,0
1990-12-30 17:00:00+00:00,-6.95,0.0,0
1990-12-30 18:00:00+00:00,-7.58,0.0,0
1990-12-30 19:00:00+00:00,-7.56,0.0,0
1990-12-30 20:00:00+00:00,-7.77,0.0,0
1990-12-30 21:00:00+00:00,-8.09,0.0,0
1990-12-30 22:00:00+00:00,-8.38,0.0,0
1990-12-30 23:00:00+00:00,-8.59,0.0,0
1990-12-31 00:00:00+00:00,-8.47,0.0,1
1990-12-31 01:00:00+00:00,-8.54,0.0,1
1990-12-31 02:00:00+00:00,-8.43,0.0,1
1990-12-31 03:00:00+00:00,-8.33,0.0,1
1990-12-31 04:00:00+00:00,-8.13,0.0,1
1990-12-31 05:00:00+00:00,-8.05,0.0,1
1990-12-31 06:00:00+00:00,-8.05,0.0,1
1990-12-31 07:00:00+00:00,-7.98,0.0,1
1990-12-31 08:00:00+00:00,-7.83,29.0,1
1990-12-31 09:00:00+00:00,-7.41,173.0,1
1990-12-31 10:00:00+00:00,-6.56,197.0,1
1990-12-31 11:00:00+00:00,-4.87,361.0,1
1990-12-31 12:00:00+00:00,-4.47,349.0,1
1990-12-31 13:00:00+00:00,-3.84,307.0,1
1990-12-31 14:00:00+00:00,-6.08,190.0,1
1990-12-31 15:00:00+00:00,-7.34,30.0,1
1990-12-31 16:00:00+00:00,-11.95,0.0,1
1990-12-31 17:00:00+00:00,-11.42,0.0,1
1990-12-31 18:00:00+00:00,-10.9,0.0,1
1990-12-31 19:00:00+00:00,-10.37,0.0,1
1990-12-31 20:00:00+00:00,-9.85,0.0,1
1990-12-31 21:00:00+00:00,-9.33,0.0,1
1990-12-31 22:00:00+00:00,-8.8,0.0,1
1990-12-31 23:00:00+00:00,-8.28,0.0,1
