Income,Percentage
3168.78318,0.330083117
5641.498626,0.206892681
8032.251712,0.157636114
11269.05757,0.129011714
19579.66992,0.083418416