transformer,N_house,Scluster,f,rho_household,rho_industry,rho_service,scale-up
10336,41,54273.85999999999,1.0,0.5066315116650686,0.14429530201342283,0.3067616308268274,16.382398900000002
10041,28,9915.7,1.0,0.979294767222989,0.020705232777010918,0.0,4.24844121
3187,95,55568.98,1.0,0.8542646890608913,0.02894726808251039,0.03858618980440004,25.3733085
9704,5,3514.96,1.0,0.6459965187119234,0.26174934725848564,0.09225413402959093,2.89618804
10271,9,26238.63,1.0,0.0709017602517455,0.8668502310945028,0.02268331858262038,2.75246593
