transformer,cluster_num,ScaleFactor,epsilon_percentage,location,risk_factor,nb_buildings,TransformerCapacity
9522,0,7.42,0.25,Zurich,0.027262,5,10.659
290,4,7.47,0.2,Lugano,0.031457,10,12.12
15154,7,12.06,0.15,Zurich,0.277933,6,8.2217
9772,1,5.58,0.25,Geneva,0.270259,90,295.734
12193,2,48.15,0.4,Bern,0.043,51,512.23
3135,3,101.18,0.45,Geneva,0.02926,67,309.2266
774,9,55.57,0.35,Lugano,0.232939,82,828.433
9524,10,46.61,0.25,Zurich,0.019927,117,288.77
